"id","market","category","caption","image"
"content-creator-general-contractors-01","General Contractors","content-creator","🎥 EVERYDAY WORK IS CONTENT — GENERAL CONTRACTORS

You do not need a special event to stay visible online. Show project sites, crews and completed builds.

A short photo, clip or update can remind people what your business does — even while your team stays focused on the actual work.

BuildFrame can help turn real day-to-day work into organized website, portfolio and social media content — without making your business feel like it has to become a full-time media company.

TURN TODAY'S WORK INTO TOMORROW'S ONLINE PRESENCE.

#DayToDayContent #OnlinePresence #Generalcontractors #ContentCreators #ConstructionVloggers #BuildFrame

🏗️ Ready to build a better way of doing business?

BuildFrame helps businesses strengthen their online presence, reach more customers, organize everyday work, and build simple systems around the way they already operate.

🌐 BuildFrame Business Software:
https://buildframe-business-software.pages.dev/

🛠️ See Our Work — Portfolio:
https://myportfolio.buildframe-digitalsystem.workers.dev/

📘 Follow BuildFrame on Facebook:
https://www.facebook.com/buildframebusinessoperatingsystem/

💬 WhatsApp:
https://wa.me/639760110243

📧 Email:
buildframe.digitalsystem@gmail.com

BuildFrame — Built & Tailored for Your Business.","construction/content-creators-core-construction-trades.png"
"content-creator-roofing-contractors-01","Roofing Contractors","content-creator","🎥 EVERYDAY WORK IS CONTENT — ROOFING CONTRACTORS

You do not need a special event to stay visible online. Show roof installations, repairs and before-and-after transformations.

A short photo, clip or update can remind people what your business does — even while your team stays focused on the actual work.

BuildFrame can help turn real day-to-day work into organized website, portfolio and social media content — without making your business feel like it has to become a full-time media company.

TURN TODAY'S WORK INTO TOMORROW'S ONLINE PRESENCE.

#DayToDayContent #OnlinePresence #Roofingcontractors #ContentCreators #ConstructionVloggers #BuildFrame

🏗️ Ready to build a better way of doing business?

BuildFrame helps businesses strengthen their online presence, reach more customers, organize everyday work, and build simple systems around the way they already operate.

🌐 BuildFrame Business Software:
https://buildframe-business-software.pages.dev/

🛠️ See Our Work — Portfolio:
https://myportfolio.buildframe-digitalsystem.workers.dev/

📘 Follow BuildFrame on Facebook:
https://www.facebook.com/buildframebusinessoperatingsystem/

💬 WhatsApp:
https://wa.me/639760110243

📧 Email:
buildframe.digitalsystem@gmail.com

BuildFrame — Built & Tailored for Your Business.","construction/content-creators-core-construction-trades.png"
"content-creator-electrical-contractors-01","Electrical Contractors","content-creator","🎥 EVERYDAY WORK IS CONTENT — ELECTRICAL CONTRACTORS

You do not need a special event to stay visible online. Show electrical installations, panel work and site progress.

A short photo, clip or update can remind people what your business does — even while your team stays focused on the actual work.

BuildFrame can help turn real day-to-day work into organized website, portfolio and social media content — without making your business feel like it has to become a full-time media company.

TURN TODAY'S WORK INTO TOMORROW'S ONLINE PRESENCE.

#DayToDayContent #OnlinePresence #Electricalcontractors #ContentCreators #ConstructionVloggers #BuildFrame

🏗️ Ready to build a better way of doing business?

BuildFrame helps businesses strengthen their online presence, reach more customers, organize everyday work, and build simple systems around the way they already operate.

🌐 BuildFrame Business Software:
https://buildframe-business-software.pages.dev/

🛠️ See Our Work — Portfolio:
https://myportfolio.buildframe-digitalsystem.workers.dev/

📘 Follow BuildFrame on Facebook:
https://www.facebook.com/buildframebusinessoperatingsystem/

💬 WhatsApp:
https://wa.me/639760110243

📧 Email:
buildframe.digitalsystem@gmail.com

BuildFrame — Built & Tailored for Your Business.","construction/content-creators-core-construction-trades.png"
"content-creator-plumbing-contractors-01","Plumbing Contractors","content-creator","🎥 EVERYDAY WORK IS CONTENT — PLUMBING CONTRACTORS

You do not need a special event to stay visible online. Show pipe installations, repairs and problem-solving.

A short photo, clip or update can remind people what your business does — even while your team stays focused on the actual work.

BuildFrame can help turn real day-to-day work into organized website, portfolio and social media content — without making your business feel like it has to become a full-time media company.

TURN TODAY'S WORK INTO TOMORROW'S ONLINE PRESENCE.

#DayToDayContent #OnlinePresence #Plumbingcontractors #ContentCreators #ConstructionVloggers #BuildFrame

🏗️ Ready to build a better way of doing business?

BuildFrame helps businesses strengthen their online presence, reach more customers, organize everyday work, and build simple systems around the way they already operate.

🌐 BuildFrame Business Software:
https://buildframe-business-software.pages.dev/

🛠️ See Our Work — Portfolio:
https://myportfolio.buildframe-digitalsystem.workers.dev/

📘 Follow BuildFrame on Facebook:
https://www.facebook.com/buildframebusinessoperatingsystem/

💬 WhatsApp:
https://wa.me/639760110243

📧 Email:
buildframe.digitalsystem@gmail.com

BuildFrame — Built & Tailored for Your Business.","construction/content-creators-core-construction-trades.png"
"content-creator-hvac-contractors-01","HVAC Contractors","content-creator","🎥 EVERYDAY WORK IS CONTENT — HVAC CONTRACTORS

You do not need a special event to stay visible online. Show air-conditioning installations, servicing and maintenance.

A short photo, clip or update can remind people what your business does — even while your team stays focused on the actual work.

BuildFrame can help turn real day-to-day work into organized website, portfolio and social media content — without making your business feel like it has to become a full-time media company.

TURN TODAY'S WORK INTO TOMORROW'S ONLINE PRESENCE.

#DayToDayContent #OnlinePresence #Hvaccontractors #ContentCreators #ConstructionVloggers #BuildFrame

🏗️ Ready to build a better way of doing business?

BuildFrame helps businesses strengthen their online presence, reach more customers, organize everyday work, and build simple systems around the way they already operate.

🌐 BuildFrame Business Software:
https://buildframe-business-software.pages.dev/

🛠️ See Our Work — Portfolio:
https://myportfolio.buildframe-digitalsystem.workers.dev/

📘 Follow BuildFrame on Facebook:
https://www.facebook.com/buildframebusinessoperatingsystem/

💬 WhatsApp:
https://wa.me/639760110243

📧 Email:
buildframe.digitalsystem@gmail.com

BuildFrame — Built & Tailored for Your Business.","construction/content-creators-core-construction-trades.png"
"content-creator-renovation-remodeling-01","Renovation & Remodeling","content-creator","🎥 EVERYDAY WORK IS CONTENT — RENOVATION & REMODELING

You do not need a special event to stay visible online. Show room transformations, renovation progress and finished spaces.

A short photo, clip or update can remind people what your business does — even while your team stays focused on the actual work.

BuildFrame can help turn real day-to-day work into organized website, portfolio and social media content — without making your business feel like it has to become a full-time media company.

TURN TODAY'S WORK INTO TOMORROW'S ONLINE PRESENCE.

#DayToDayContent #OnlinePresence #Renovationremodeling #ContentCreators #ConstructionVloggers #BuildFrame

🏗️ Ready to build a better way of doing business?

BuildFrame helps businesses strengthen their online presence, reach more customers, organize everyday work, and build simple systems around the way they already operate.

🌐 BuildFrame Business Software:
https://buildframe-business-software.pages.dev/

🛠️ See Our Work — Portfolio:
https://myportfolio.buildframe-digitalsystem.workers.dev/

📘 Follow BuildFrame on Facebook:
https://www.facebook.com/buildframebusinessoperatingsystem/

💬 WhatsApp:
https://wa.me/639760110243

📧 Email:
buildframe.digitalsystem@gmail.com

BuildFrame — Built & Tailored for Your Business.","construction/content-creators-core-construction-trades.png"
"content-creator-handyman-property-maintenance-01","Handyman & Property Maintenance","content-creator","🎥 EVERYDAY WORK IS CONTENT — HANDYMAN & PROPERTY MAINTENANCE

You do not need a special event to stay visible online. Show everyday repairs, maintenance visits and property improvements.

A short photo, clip or update can remind people what your business does — even while your team stays focused on the actual work.

BuildFrame can help turn real day-to-day work into organized website, portfolio and social media content — without making your business feel like it has to become a full-time media company.

TURN TODAY'S WORK INTO TOMORROW'S ONLINE PRESENCE.

#DayToDayContent #OnlinePresence #Handymanpropertymaintenance #ContentCreators #ConstructionVloggers #BuildFrame

🏗️ Ready to build a better way of doing business?

BuildFrame helps businesses strengthen their online presence, reach more customers, organize everyday work, and build simple systems around the way they already operate.

🌐 BuildFrame Business Software:
https://buildframe-business-software.pages.dev/

🛠️ See Our Work — Portfolio:
https://myportfolio.buildframe-digitalsystem.workers.dev/

📘 Follow BuildFrame on Facebook:
https://www.facebook.com/buildframebusinessoperatingsystem/

💬 WhatsApp:
https://wa.me/639760110243

📧 Email:
buildframe.digitalsystem@gmail.com

BuildFrame — Built & Tailored for Your Business.","construction/content-creators-core-construction-trades.png"
"content-creator-tiling-flooring-contractors-01","Tiling & Flooring Contractors","content-creator","🎥 EVERYDAY WORK IS CONTENT — TILING & FLOORING CONTRACTORS

You do not need a special event to stay visible online. Show floor preparation, tile setting, patterns and finished floors.

A short photo, clip or update can remind people what your business does — even while your team stays focused on the actual work.

BuildFrame can help turn real day-to-day work into organized website, portfolio and social media content — without making your business feel like it has to become a full-time media company.

TURN TODAY'S WORK INTO TOMORROW'S ONLINE PRESENCE.

#DayToDayContent #OnlinePresence #Tilingflooringcontractors #ContentCreators #ConstructionVloggers #BuildFrame

🏗️ Ready to build a better way of doing business?

BuildFrame helps businesses strengthen their online presence, reach more customers, organize everyday work, and build simple systems around the way they already operate.

🌐 BuildFrame Business Software:
https://buildframe-business-software.pages.dev/

🛠️ See Our Work — Portfolio:
https://myportfolio.buildframe-digitalsystem.workers.dev/

📘 Follow BuildFrame on Facebook:
https://www.facebook.com/buildframebusinessoperatingsystem/

💬 WhatsApp:
https://wa.me/639760110243

📧 Email:
buildframe.digitalsystem@gmail.com

BuildFrame — Built & Tailored for Your Business.","construction/content-creators-specialized-contractors-services.png"
"content-creator-landscaping-contractors-01","Landscaping Contractors","content-creator","🎥 EVERYDAY WORK IS CONTENT — LANDSCAPING CONTRACTORS

You do not need a special event to stay visible online. Show garden transformations, planting, hardscaping and outdoor spaces.

A short photo, clip or update can remind people what your business does — even while your team stays focused on the actual work.

BuildFrame can help turn real day-to-day work into organized website, portfolio and social media content — without making your business feel like it has to become a full-time media company.

TURN TODAY'S WORK INTO TOMORROW'S ONLINE PRESENCE.

#DayToDayContent #OnlinePresence #Landscapingcontractors #ContentCreators #ConstructionVloggers #BuildFrame

🏗️ Ready to build a better way of doing business?

BuildFrame helps businesses strengthen their online presence, reach more customers, organize everyday work, and build simple systems around the way they already operate.

🌐 BuildFrame Business Software:
https://buildframe-business-software.pages.dev/

🛠️ See Our Work — Portfolio:
https://myportfolio.buildframe-digitalsystem.workers.dev/

📘 Follow BuildFrame on Facebook:
https://www.facebook.com/buildframebusinessoperatingsystem/

💬 WhatsApp:
https://wa.me/639760110243

📧 Email:
buildframe.digitalsystem@gmail.com

BuildFrame — Built & Tailored for Your Business.","construction/content-creators-specialized-contractors-services.png"
"content-creator-metal-fabrication-01","Metal Fabrication","content-creator","🎥 EVERYDAY WORK IS CONTENT — METAL FABRICATION

You do not need a special event to stay visible online. Show cutting, welding, fabrication and finished metalwork.

A short photo, clip or update can remind people what your business does — even while your team stays focused on the actual work.

BuildFrame can help turn real day-to-day work into organized website, portfolio and social media content — without making your business feel like it has to become a full-time media company.

TURN TODAY'S WORK INTO TOMORROW'S ONLINE PRESENCE.

#DayToDayContent #OnlinePresence #Metalfabrication #ContentCreators #ConstructionVloggers #BuildFrame

🏗️ Ready to build a better way of doing business?

BuildFrame helps businesses strengthen their online presence, reach more customers, organize everyday work, and build simple systems around the way they already operate.

🌐 BuildFrame Business Software:
https://buildframe-business-software.pages.dev/

🛠️ See Our Work — Portfolio:
https://myportfolio.buildframe-digitalsystem.workers.dev/

📘 Follow BuildFrame on Facebook:
https://www.facebook.com/buildframebusinessoperatingsystem/

💬 WhatsApp:
https://wa.me/639760110243

📧 Email:
buildframe.digitalsystem@gmail.com

BuildFrame — Built & Tailored for Your Business.","construction/content-creators-specialized-contractors-services.png"
"content-creator-glass-aluminum-contractors-01","Glass & Aluminum Contractors","content-creator","🎥 EVERYDAY WORK IS CONTENT — GLASS & ALUMINUM CONTRACTORS

You do not need a special event to stay visible online. Show window, door, partition and facade installations.

A short photo, clip or update can remind people what your business does — even while your team stays focused on the actual work.

BuildFrame can help turn real day-to-day work into organized website, portfolio and social media content — without making your business feel like it has to become a full-time media company.

TURN TODAY'S WORK INTO TOMORROW'S ONLINE PRESENCE.

#DayToDayContent #OnlinePresence #Glassaluminumcontractors #ContentCreators #ConstructionVloggers #BuildFrame

🏗️ Ready to build a better way of doing business?

BuildFrame helps businesses strengthen their online presence, reach more customers, organize everyday work, and build simple systems around the way they already operate.

🌐 BuildFrame Business Software:
https://buildframe-business-software.pages.dev/

🛠️ See Our Work — Portfolio:
https://myportfolio.buildframe-digitalsystem.workers.dev/

📘 Follow BuildFrame on Facebook:
https://www.facebook.com/buildframebusinessoperatingsystem/

💬 WhatsApp:
https://wa.me/639760110243

📧 Email:
buildframe.digitalsystem@gmail.com

BuildFrame — Built & Tailored for Your Business.","construction/content-creators-specialized-contractors-services.png"
"content-creator-woodworking-carpentry-01","Woodworking & Carpentry","content-creator","🎥 EVERYDAY WORK IS CONTENT — WOODWORKING & CARPENTRY

You do not need a special event to stay visible online. Show custom furniture, cabinetry, joinery and installation.

A short photo, clip or update can remind people what your business does — even while your team stays focused on the actual work.

BuildFrame can help turn real day-to-day work into organized website, portfolio and social media content — without making your business feel like it has to become a full-time media company.

TURN TODAY'S WORK INTO TOMORROW'S ONLINE PRESENCE.

#DayToDayContent #OnlinePresence #Woodworkingcarpentry #ContentCreators #ConstructionVloggers #BuildFrame

🏗️ Ready to build a better way of doing business?

BuildFrame helps businesses strengthen their online presence, reach more customers, organize everyday work, and build simple systems around the way they already operate.

🌐 BuildFrame Business Software:
https://buildframe-business-software.pages.dev/

🛠️ See Our Work — Portfolio:
https://myportfolio.buildframe-digitalsystem.workers.dev/

📘 Follow BuildFrame on Facebook:
https://www.facebook.com/buildframebusinessoperatingsystem/

💬 WhatsApp:
https://wa.me/639760110243

📧 Email:
buildframe.digitalsystem@gmail.com

BuildFrame — Built & Tailored for Your Business.","construction/content-creators-specialized-contractors-services.png"
"content-creator-solar-installation-contractors-01","Solar Installation Contractors","content-creator","🎥 EVERYDAY WORK IS CONTENT — SOLAR INSTALLATION CONTRACTORS

You do not need a special event to stay visible online. Show solar site checks, panel installation and completed systems.

A short photo, clip or update can remind people what your business does — even while your team stays focused on the actual work.

BuildFrame can help turn real day-to-day work into organized website, portfolio and social media content — without making your business feel like it has to become a full-time media company.

TURN TODAY'S WORK INTO TOMORROW'S ONLINE PRESENCE.

#DayToDayContent #OnlinePresence #Solarinstallationcontractors #ContentCreators #ConstructionVloggers #BuildFrame

🏗️ Ready to build a better way of doing business?

BuildFrame helps businesses strengthen their online presence, reach more customers, organize everyday work, and build simple systems around the way they already operate.

🌐 BuildFrame Business Software:
https://buildframe-business-software.pages.dev/

🛠️ See Our Work — Portfolio:
https://myportfolio.buildframe-digitalsystem.workers.dev/

📘 Follow BuildFrame on Facebook:
https://www.facebook.com/buildframebusinessoperatingsystem/

💬 WhatsApp:
https://wa.me/639760110243

📧 Email:
buildframe.digitalsystem@gmail.com

BuildFrame — Built & Tailored for Your Business.","construction/content-creators-specialized-contractors-services.png"
"content-creator-construction-suppliers-building-materials-01","Construction Suppliers & Building Materials","content-creator","🎥 EVERYDAY WORK IS CONTENT — CONSTRUCTION SUPPLIERS & BUILDING MATERIALS

You do not need a special event to stay visible online. Show new materials, deliveries, stock and products used on real projects.

A short photo, clip or update can remind people what your business does — even while your team stays focused on the actual work.

BuildFrame can help turn real day-to-day work into organized website, portfolio and social media content — without making your business feel like it has to become a full-time media company.

TURN TODAY'S WORK INTO TOMORROW'S ONLINE PRESENCE.

#DayToDayContent #OnlinePresence #Constructionsuppliersbuildingmaterials #ContentCreators #ConstructionVloggers #BuildFrame

🏗️ Ready to build a better way of doing business?

BuildFrame helps businesses strengthen their online presence, reach more customers, organize everyday work, and build simple systems around the way they already operate.

🌐 BuildFrame Business Software:
https://buildframe-business-software.pages.dev/

🛠️ See Our Work — Portfolio:
https://myportfolio.buildframe-digitalsystem.workers.dev/

📘 Follow BuildFrame on Facebook:
https://www.facebook.com/buildframebusinessoperatingsystem/

💬 WhatsApp:
https://wa.me/639760110243

📧 Email:
buildframe.digitalsystem@gmail.com

BuildFrame — Built & Tailored for Your Business.","construction/content-creators-specialized-contractors-services.png"
"content-creator-aggregates-anapog-filling-materials-01","Aggregates, Anapog & Filling Materials","content-creator","🎥 EVERYDAY WORK IS CONTENT — AGGREGATES, ANAPOG & FILLING MATERIALS

You do not need a special event to stay visible online. Show loading, deliveries, stockpiles and materials arriving on site.

A short photo, clip or update can remind people what your business does — even while your team stays focused on the actual work.

BuildFrame can help turn real day-to-day work into organized website, portfolio and social media content — without making your business feel like it has to become a full-time media company.

TURN TODAY'S WORK INTO TOMORROW'S ONLINE PRESENCE.

#DayToDayContent #OnlinePresence #Aggregatesanapogfillingmaterials #ContentCreators #ConstructionVloggers #BuildFrame

🏗️ Ready to build a better way of doing business?

BuildFrame helps businesses strengthen their online presence, reach more customers, organize everyday work, and build simple systems around the way they already operate.

🌐 BuildFrame Business Software:
https://buildframe-business-software.pages.dev/

🛠️ See Our Work — Portfolio:
https://myportfolio.buildframe-digitalsystem.workers.dev/

📘 Follow BuildFrame on Facebook:
https://www.facebook.com/buildframebusinessoperatingsystem/

💬 WhatsApp:
https://wa.me/639760110243

📧 Email:
buildframe.digitalsystem@gmail.com

BuildFrame — Built & Tailored for Your Business.","construction/content-creators-professional-services.png"
"content-creator-property-management-01","Property Management","content-creator","🎥 EVERYDAY WORK IS CONTENT — PROPERTY MANAGEMENT

You do not need a special event to stay visible online. Show property inspections, maintenance, improvements and day-to-day operations.

A short photo, clip or update can remind people what your business does — even while your team stays focused on the actual work.

BuildFrame can help turn real day-to-day work into organized website, portfolio and social media content — without making your business feel like it has to become a full-time media company.

TURN TODAY'S WORK INTO TOMORROW'S ONLINE PRESENCE.

#DayToDayContent #OnlinePresence #Propertymanagement #ContentCreators #ConstructionVloggers #BuildFrame

🏗️ Ready to build a better way of doing business?

BuildFrame helps businesses strengthen their online presence, reach more customers, organize everyday work, and build simple systems around the way they already operate.

🌐 BuildFrame Business Software:
https://buildframe-business-software.pages.dev/

🛠️ See Our Work — Portfolio:
https://myportfolio.buildframe-digitalsystem.workers.dev/

📘 Follow BuildFrame on Facebook:
https://www.facebook.com/buildframebusinessoperatingsystem/

💬 WhatsApp:
https://wa.me/639760110243

📧 Email:
buildframe.digitalsystem@gmail.com

BuildFrame — Built & Tailored for Your Business.","construction/content-creators-professional-services.png"
"content-creator-engineering-services-01","Engineering Services","content-creator","🎥 EVERYDAY WORK IS CONTENT — ENGINEERING SERVICES

You do not need a special event to stay visible online. Show site inspections, project milestones and engineering work in action.

A short photo, clip or update can remind people what your business does — even while your team stays focused on the actual work.

BuildFrame can help turn real day-to-day work into organized website, portfolio and social media content — without making your business feel like it has to become a full-time media company.

TURN TODAY'S WORK INTO TOMORROW'S ONLINE PRESENCE.

#DayToDayContent #OnlinePresence #Engineeringservices #ContentCreators #ConstructionVloggers #BuildFrame

🏗️ Ready to build a better way of doing business?

BuildFrame helps businesses strengthen their online presence, reach more customers, organize everyday work, and build simple systems around the way they already operate.

🌐 BuildFrame Business Software:
https://buildframe-business-software.pages.dev/

🛠️ See Our Work — Portfolio:
https://myportfolio.buildframe-digitalsystem.workers.dev/

📘 Follow BuildFrame on Facebook:
https://www.facebook.com/buildframebusinessoperatingsystem/

💬 WhatsApp:
https://wa.me/639760110243

📧 Email:
buildframe.digitalsystem@gmail.com

BuildFrame — Built & Tailored for Your Business.","construction/content-creators-professional-services.png"
"content-creator-architectural-design-services-01","Architectural & Design Services","content-creator","🎥 EVERYDAY WORK IS CONTENT — ARCHITECTURAL & DESIGN SERVICES

You do not need a special event to stay visible online. Show sketches, design development, site visits and finished spaces.

A short photo, clip or update can remind people what your business does — even while your team stays focused on the actual work.

BuildFrame can help turn real day-to-day work into organized website, portfolio and social media content — without making your business feel like it has to become a full-time media company.

TURN TODAY'S WORK INTO TOMORROW'S ONLINE PRESENCE.

#DayToDayContent #OnlinePresence #Architecturaldesignservices #ContentCreators #ConstructionVloggers #BuildFrame

🏗️ Ready to build a better way of doing business?

BuildFrame helps businesses strengthen their online presence, reach more customers, organize everyday work, and build simple systems around the way they already operate.

🌐 BuildFrame Business Software:
https://buildframe-business-software.pages.dev/

🛠️ See Our Work — Portfolio:
https://myportfolio.buildframe-digitalsystem.workers.dev/

📘 Follow BuildFrame on Facebook:
https://www.facebook.com/buildframebusinessoperatingsystem/

💬 WhatsApp:
https://wa.me/639760110243

📧 Email:
buildframe.digitalsystem@gmail.com

BuildFrame — Built & Tailored for Your Business.","construction/content-creators-professional-services.png"
"content-creator-specialty-subcontractors-trade-specialists-01","Specialty Subcontractors & Trade Specialists","content-creator","🎥 EVERYDAY WORK IS CONTENT — SPECIALTY SUBCONTRACTORS & TRADE SPECIALISTS

You do not need a special event to stay visible online. Show specialized installations, trade skills and work most people rarely see.

A short photo, clip or update can remind people what your business does — even while your team stays focused on the actual work.

BuildFrame can help turn real day-to-day work into organized website, portfolio and social media content — without making your business feel like it has to become a full-time media company.

TURN TODAY'S WORK INTO TOMORROW'S ONLINE PRESENCE.

#DayToDayContent #OnlinePresence #Specialtysubcontractorstradespecialists #ContentCreators #ConstructionVloggers #BuildFrame

🏗️ Ready to build a better way of doing business?

BuildFrame helps businesses strengthen their online presence, reach more customers, organize everyday work, and build simple systems around the way they already operate.

🌐 BuildFrame Business Software:
https://buildframe-business-software.pages.dev/

🛠️ See Our Work — Portfolio:
https://myportfolio.buildframe-digitalsystem.workers.dev/

📘 Follow BuildFrame on Facebook:
https://www.facebook.com/buildframebusinessoperatingsystem/

💬 WhatsApp:
https://wa.me/639760110243

📧 Email:
buildframe.digitalsystem@gmail.com

BuildFrame — Built & Tailored for Your Business.","construction/content-creators-professional-services.png"
"content-creator-emergency-repair-construction-services-01","Emergency Repair & Construction Services","content-creator","🎥 EVERYDAY WORK IS CONTENT — EMERGENCY REPAIR & CONSTRUCTION SERVICES

You do not need a special event to stay visible online. Show urgent repairs, before-and-after fixes and crews solving real problems.

A short photo, clip or update can remind people what your business does — even while your team stays focused on the actual work.

BuildFrame can help turn real day-to-day work into organized website, portfolio and social media content — without making your business feel like it has to become a full-time media company.

TURN TODAY'S WORK INTO TOMORROW'S ONLINE PRESENCE.

#DayToDayContent #OnlinePresence #Emergencyrepairconstructionservices #ContentCreators #ConstructionVloggers #BuildFrame

🏗️ Ready to build a better way of doing business?

BuildFrame helps businesses strengthen their online presence, reach more customers, organize everyday work, and build simple systems around the way they already operate.

🌐 BuildFrame Business Software:
https://buildframe-business-software.pages.dev/

🛠️ See Our Work — Portfolio:
https://myportfolio.buildframe-digitalsystem.workers.dev/

📘 Follow BuildFrame on Facebook:
https://www.facebook.com/buildframebusinessoperatingsystem/

💬 WhatsApp:
https://wa.me/639760110243

📧 Email:
buildframe.digitalsystem@gmail.com

BuildFrame — Built & Tailored for Your Business.","construction/content-creators-professional-services.png"
"content-creator-general-contractors-02","General Contractors","content-creator","🎥 BEFORE AND AFTER GETS ATTENTION — GENERAL CONTRACTORS

People love seeing a real transformation. Capture project sites, crews and completed builds.

Before-and-after content gives potential customers an easy way to understand the difference your work can make.

BuildFrame can help turn real day-to-day work into organized website, portfolio and social media content — without making your business feel like it has to become a full-time media company.

DON'T LET A GREAT TRANSFORMATION STAY HIDDEN IN YOUR PHONE.

#BeforeAndAfter #ProjectShowcase #Generalcontractors #ContentCreators #ConstructionVloggers #BuildFrame

🏗️ Ready to build a better way of doing business?

BuildFrame helps businesses strengthen their online presence, reach more customers, organize everyday work, and build simple systems around the way they already operate.

🌐 BuildFrame Business Software:
https://buildframe-business-software.pages.dev/

🛠️ See Our Work — Portfolio:
https://myportfolio.buildframe-digitalsystem.workers.dev/

📘 Follow BuildFrame on Facebook:
https://www.facebook.com/buildframebusinessoperatingsystem/

💬 WhatsApp:
https://wa.me/639760110243

📧 Email:
buildframe.digitalsystem@gmail.com

BuildFrame — Built & Tailored for Your Business.","construction/content-creators-core-construction-trades.png"
"content-creator-roofing-contractors-02","Roofing Contractors","content-creator","🎥 BEFORE AND AFTER GETS ATTENTION — ROOFING CONTRACTORS

People love seeing a real transformation. Capture roof installations, repairs and before-and-after transformations.

Before-and-after content gives potential customers an easy way to understand the difference your work can make.

BuildFrame can help turn real day-to-day work into organized website, portfolio and social media content — without making your business feel like it has to become a full-time media company.

DON'T LET A GREAT TRANSFORMATION STAY HIDDEN IN YOUR PHONE.

#BeforeAndAfter #ProjectShowcase #Roofingcontractors #ContentCreators #ConstructionVloggers #BuildFrame

🏗️ Ready to build a better way of doing business?

BuildFrame helps businesses strengthen their online presence, reach more customers, organize everyday work, and build simple systems around the way they already operate.

🌐 BuildFrame Business Software:
https://buildframe-business-software.pages.dev/

🛠️ See Our Work — Portfolio:
https://myportfolio.buildframe-digitalsystem.workers.dev/

📘 Follow BuildFrame on Facebook:
https://www.facebook.com/buildframebusinessoperatingsystem/

💬 WhatsApp:
https://wa.me/639760110243

📧 Email:
buildframe.digitalsystem@gmail.com

BuildFrame — Built & Tailored for Your Business.","construction/content-creators-core-construction-trades.png"
"content-creator-electrical-contractors-02","Electrical Contractors","content-creator","🎥 BEFORE AND AFTER GETS ATTENTION — ELECTRICAL CONTRACTORS

People love seeing a real transformation. Capture electrical installations, panel work and site progress.

Before-and-after content gives potential customers an easy way to understand the difference your work can make.

BuildFrame can help turn real day-to-day work into organized website, portfolio and social media content — without making your business feel like it has to become a full-time media company.

DON'T LET A GREAT TRANSFORMATION STAY HIDDEN IN YOUR PHONE.

#BeforeAndAfter #ProjectShowcase #Electricalcontractors #ContentCreators #ConstructionVloggers #BuildFrame

🏗️ Ready to build a better way of doing business?

BuildFrame helps businesses strengthen their online presence, reach more customers, organize everyday work, and build simple systems around the way they already operate.

🌐 BuildFrame Business Software:
https://buildframe-business-software.pages.dev/

🛠️ See Our Work — Portfolio:
https://myportfolio.buildframe-digitalsystem.workers.dev/

📘 Follow BuildFrame on Facebook:
https://www.facebook.com/buildframebusinessoperatingsystem/

💬 WhatsApp:
https://wa.me/639760110243

📧 Email:
buildframe.digitalsystem@gmail.com

BuildFrame — Built & Tailored for Your Business.","construction/content-creators-core-construction-trades.png"
"content-creator-plumbing-contractors-02","Plumbing Contractors","content-creator","🎥 BEFORE AND AFTER GETS ATTENTION — PLUMBING CONTRACTORS

People love seeing a real transformation. Capture pipe installations, repairs and problem-solving.

Before-and-after content gives potential customers an easy way to understand the difference your work can make.

BuildFrame can help turn real day-to-day work into organized website, portfolio and social media content — without making your business feel like it has to become a full-time media company.

DON'T LET A GREAT TRANSFORMATION STAY HIDDEN IN YOUR PHONE.

#BeforeAndAfter #ProjectShowcase #Plumbingcontractors #ContentCreators #ConstructionVloggers #BuildFrame

🏗️ Ready to build a better way of doing business?

BuildFrame helps businesses strengthen their online presence, reach more customers, organize everyday work, and build simple systems around the way they already operate.

🌐 BuildFrame Business Software:
https://buildframe-business-software.pages.dev/

🛠️ See Our Work — Portfolio:
https://myportfolio.buildframe-digitalsystem.workers.dev/

📘 Follow BuildFrame on Facebook:
https://www.facebook.com/buildframebusinessoperatingsystem/

💬 WhatsApp:
https://wa.me/639760110243

📧 Email:
buildframe.digitalsystem@gmail.com

BuildFrame — Built & Tailored for Your Business.","construction/content-creators-core-construction-trades.png"
"content-creator-hvac-contractors-02","HVAC Contractors","content-creator","🎥 BEFORE AND AFTER GETS ATTENTION — HVAC CONTRACTORS

People love seeing a real transformation. Capture air-conditioning installations, servicing and maintenance.

Before-and-after content gives potential customers an easy way to understand the difference your work can make.

BuildFrame can help turn real day-to-day work into organized website, portfolio and social media content — without making your business feel like it has to become a full-time media company.

DON'T LET A GREAT TRANSFORMATION STAY HIDDEN IN YOUR PHONE.

#BeforeAndAfter #ProjectShowcase #Hvaccontractors #ContentCreators #ConstructionVloggers #BuildFrame

🏗️ Ready to build a better way of doing business?

BuildFrame helps businesses strengthen their online presence, reach more customers, organize everyday work, and build simple systems around the way they already operate.

🌐 BuildFrame Business Software:
https://buildframe-business-software.pages.dev/

🛠️ See Our Work — Portfolio:
https://myportfolio.buildframe-digitalsystem.workers.dev/

📘 Follow BuildFrame on Facebook:
https://www.facebook.com/buildframebusinessoperatingsystem/

💬 WhatsApp:
https://wa.me/639760110243

📧 Email:
buildframe.digitalsystem@gmail.com

BuildFrame — Built & Tailored for Your Business.","construction/content-creators-core-construction-trades.png"
"content-creator-renovation-remodeling-02","Renovation & Remodeling","content-creator","🎥 BEFORE AND AFTER GETS ATTENTION — RENOVATION & REMODELING

People love seeing a real transformation. Capture room transformations, renovation progress and finished spaces.

Before-and-after content gives potential customers an easy way to understand the difference your work can make.

BuildFrame can help turn real day-to-day work into organized website, portfolio and social media content — without making your business feel like it has to become a full-time media company.

DON'T LET A GREAT TRANSFORMATION STAY HIDDEN IN YOUR PHONE.

#BeforeAndAfter #ProjectShowcase #Renovationremodeling #ContentCreators #ConstructionVloggers #BuildFrame

🏗️ Ready to build a better way of doing business?

BuildFrame helps businesses strengthen their online presence, reach more customers, organize everyday work, and build simple systems around the way they already operate.

🌐 BuildFrame Business Software:
https://buildframe-business-software.pages.dev/

🛠️ See Our Work — Portfolio:
https://myportfolio.buildframe-digitalsystem.workers.dev/

📘 Follow BuildFrame on Facebook:
https://www.facebook.com/buildframebusinessoperatingsystem/

💬 WhatsApp:
https://wa.me/639760110243

📧 Email:
buildframe.digitalsystem@gmail.com

BuildFrame — Built & Tailored for Your Business.","construction/content-creators-core-construction-trades.png"
"content-creator-handyman-property-maintenance-02","Handyman & Property Maintenance","content-creator","🎥 BEFORE AND AFTER GETS ATTENTION — HANDYMAN & PROPERTY MAINTENANCE

People love seeing a real transformation. Capture everyday repairs, maintenance visits and property improvements.

Before-and-after content gives potential customers an easy way to understand the difference your work can make.

BuildFrame can help turn real day-to-day work into organized website, portfolio and social media content — without making your business feel like it has to become a full-time media company.

DON'T LET A GREAT TRANSFORMATION STAY HIDDEN IN YOUR PHONE.

#BeforeAndAfter #ProjectShowcase #Handymanpropertymaintenance #ContentCreators #ConstructionVloggers #BuildFrame

🏗️ Ready to build a better way of doing business?

BuildFrame helps businesses strengthen their online presence, reach more customers, organize everyday work, and build simple systems around the way they already operate.

🌐 BuildFrame Business Software:
https://buildframe-business-software.pages.dev/

🛠️ See Our Work — Portfolio:
https://myportfolio.buildframe-digitalsystem.workers.dev/

📘 Follow BuildFrame on Facebook:
https://www.facebook.com/buildframebusinessoperatingsystem/

💬 WhatsApp:
https://wa.me/639760110243

📧 Email:
buildframe.digitalsystem@gmail.com

BuildFrame — Built & Tailored for Your Business.","construction/content-creators-core-construction-trades.png"
"content-creator-tiling-flooring-contractors-02","Tiling & Flooring Contractors","content-creator","🎥 BEFORE AND AFTER GETS ATTENTION — TILING & FLOORING CONTRACTORS

People love seeing a real transformation. Capture floor preparation, tile setting, patterns and finished floors.

Before-and-after content gives potential customers an easy way to understand the difference your work can make.

BuildFrame can help turn real day-to-day work into organized website, portfolio and social media content — without making your business feel like it has to become a full-time media company.

DON'T LET A GREAT TRANSFORMATION STAY HIDDEN IN YOUR PHONE.

#BeforeAndAfter #ProjectShowcase #Tilingflooringcontractors #ContentCreators #ConstructionVloggers #BuildFrame

🏗️ Ready to build a better way of doing business?

BuildFrame helps businesses strengthen their online presence, reach more customers, organize everyday work, and build simple systems around the way they already operate.

🌐 BuildFrame Business Software:
https://buildframe-business-software.pages.dev/

🛠️ See Our Work — Portfolio:
https://myportfolio.buildframe-digitalsystem.workers.dev/

📘 Follow BuildFrame on Facebook:
https://www.facebook.com/buildframebusinessoperatingsystem/

💬 WhatsApp:
https://wa.me/639760110243

📧 Email:
buildframe.digitalsystem@gmail.com

BuildFrame — Built & Tailored for Your Business.","construction/content-creators-specialized-contractors-services.png"
"content-creator-landscaping-contractors-02","Landscaping Contractors","content-creator","🎥 BEFORE AND AFTER GETS ATTENTION — LANDSCAPING CONTRACTORS

People love seeing a real transformation. Capture garden transformations, planting, hardscaping and outdoor spaces.

Before-and-after content gives potential customers an easy way to understand the difference your work can make.

BuildFrame can help turn real day-to-day work into organized website, portfolio and social media content — without making your business feel like it has to become a full-time media company.

DON'T LET A GREAT TRANSFORMATION STAY HIDDEN IN YOUR PHONE.

#BeforeAndAfter #ProjectShowcase #Landscapingcontractors #ContentCreators #ConstructionVloggers #BuildFrame

🏗️ Ready to build a better way of doing business?

BuildFrame helps businesses strengthen their online presence, reach more customers, organize everyday work, and build simple systems around the way they already operate.

🌐 BuildFrame Business Software:
https://buildframe-business-software.pages.dev/

🛠️ See Our Work — Portfolio:
https://myportfolio.buildframe-digitalsystem.workers.dev/

📘 Follow BuildFrame on Facebook:
https://www.facebook.com/buildframebusinessoperatingsystem/

💬 WhatsApp:
https://wa.me/639760110243

📧 Email:
buildframe.digitalsystem@gmail.com

BuildFrame — Built & Tailored for Your Business.","construction/content-creators-specialized-contractors-services.png"
"content-creator-metal-fabrication-02","Metal Fabrication","content-creator","🎥 BEFORE AND AFTER GETS ATTENTION — METAL FABRICATION

People love seeing a real transformation. Capture cutting, welding, fabrication and finished metalwork.

Before-and-after content gives potential customers an easy way to understand the difference your work can make.

BuildFrame can help turn real day-to-day work into organized website, portfolio and social media content — without making your business feel like it has to become a full-time media company.

DON'T LET A GREAT TRANSFORMATION STAY HIDDEN IN YOUR PHONE.

#BeforeAndAfter #ProjectShowcase #Metalfabrication #ContentCreators #ConstructionVloggers #BuildFrame

🏗️ Ready to build a better way of doing business?

BuildFrame helps businesses strengthen their online presence, reach more customers, organize everyday work, and build simple systems around the way they already operate.

🌐 BuildFrame Business Software:
https://buildframe-business-software.pages.dev/

🛠️ See Our Work — Portfolio:
https://myportfolio.buildframe-digitalsystem.workers.dev/

📘 Follow BuildFrame on Facebook:
https://www.facebook.com/buildframebusinessoperatingsystem/

💬 WhatsApp:
https://wa.me/639760110243

📧 Email:
buildframe.digitalsystem@gmail.com

BuildFrame — Built & Tailored for Your Business.","construction/content-creators-specialized-contractors-services.png"
"content-creator-glass-aluminum-contractors-02","Glass & Aluminum Contractors","content-creator","🎥 BEFORE AND AFTER GETS ATTENTION — GLASS & ALUMINUM CONTRACTORS

People love seeing a real transformation. Capture window, door, partition and facade installations.

Before-and-after content gives potential customers an easy way to understand the difference your work can make.

BuildFrame can help turn real day-to-day work into organized website, portfolio and social media content — without making your business feel like it has to become a full-time media company.

DON'T LET A GREAT TRANSFORMATION STAY HIDDEN IN YOUR PHONE.

#BeforeAndAfter #ProjectShowcase #Glassaluminumcontractors #ContentCreators #ConstructionVloggers #BuildFrame

🏗️ Ready to build a better way of doing business?

BuildFrame helps businesses strengthen their online presence, reach more customers, organize everyday work, and build simple systems around the way they already operate.

🌐 BuildFrame Business Software:
https://buildframe-business-software.pages.dev/

🛠️ See Our Work — Portfolio:
https://myportfolio.buildframe-digitalsystem.workers.dev/

📘 Follow BuildFrame on Facebook:
https://www.facebook.com/buildframebusinessoperatingsystem/

💬 WhatsApp:
https://wa.me/639760110243

📧 Email:
buildframe.digitalsystem@gmail.com

BuildFrame — Built & Tailored for Your Business.","construction/content-creators-specialized-contractors-services.png"
"content-creator-woodworking-carpentry-02","Woodworking & Carpentry","content-creator","🎥 BEFORE AND AFTER GETS ATTENTION — WOODWORKING & CARPENTRY

People love seeing a real transformation. Capture custom furniture, cabinetry, joinery and installation.

Before-and-after content gives potential customers an easy way to understand the difference your work can make.

BuildFrame can help turn real day-to-day work into organized website, portfolio and social media content — without making your business feel like it has to become a full-time media company.

DON'T LET A GREAT TRANSFORMATION STAY HIDDEN IN YOUR PHONE.

#BeforeAndAfter #ProjectShowcase #Woodworkingcarpentry #ContentCreators #ConstructionVloggers #BuildFrame

🏗️ Ready to build a better way of doing business?

BuildFrame helps businesses strengthen their online presence, reach more customers, organize everyday work, and build simple systems around the way they already operate.

🌐 BuildFrame Business Software:
https://buildframe-business-software.pages.dev/

🛠️ See Our Work — Portfolio:
https://myportfolio.buildframe-digitalsystem.workers.dev/

📘 Follow BuildFrame on Facebook:
https://www.facebook.com/buildframebusinessoperatingsystem/

💬 WhatsApp:
https://wa.me/639760110243

📧 Email:
buildframe.digitalsystem@gmail.com

BuildFrame — Built & Tailored for Your Business.","construction/content-creators-specialized-contractors-services.png"
"content-creator-solar-installation-contractors-02","Solar Installation Contractors","content-creator","🎥 BEFORE AND AFTER GETS ATTENTION — SOLAR INSTALLATION CONTRACTORS

People love seeing a real transformation. Capture solar site checks, panel installation and completed systems.

Before-and-after content gives potential customers an easy way to understand the difference your work can make.

BuildFrame can help turn real day-to-day work into organized website, portfolio and social media content — without making your business feel like it has to become a full-time media company.

DON'T LET A GREAT TRANSFORMATION STAY HIDDEN IN YOUR PHONE.

#BeforeAndAfter #ProjectShowcase #Solarinstallationcontractors #ContentCreators #ConstructionVloggers #BuildFrame

🏗️ Ready to build a better way of doing business?

BuildFrame helps businesses strengthen their online presence, reach more customers, organize everyday work, and build simple systems around the way they already operate.

🌐 BuildFrame Business Software:
https://buildframe-business-software.pages.dev/

🛠️ See Our Work — Portfolio:
https://myportfolio.buildframe-digitalsystem.workers.dev/

📘 Follow BuildFrame on Facebook:
https://www.facebook.com/buildframebusinessoperatingsystem/

💬 WhatsApp:
https://wa.me/639760110243

📧 Email:
buildframe.digitalsystem@gmail.com

BuildFrame — Built & Tailored for Your Business.","construction/content-creators-specialized-contractors-services.png"
"content-creator-construction-suppliers-building-materials-02","Construction Suppliers & Building Materials","content-creator","🎥 BEFORE AND AFTER GETS ATTENTION — CONSTRUCTION SUPPLIERS & BUILDING MATERIALS

People love seeing a real transformation. Capture new materials, deliveries, stock and products used on real projects.

Before-and-after content gives potential customers an easy way to understand the difference your work can make.

BuildFrame can help turn real day-to-day work into organized website, portfolio and social media content — without making your business feel like it has to become a full-time media company.

DON'T LET A GREAT TRANSFORMATION STAY HIDDEN IN YOUR PHONE.

#BeforeAndAfter #ProjectShowcase #Constructionsuppliersbuildingmaterials #ContentCreators #ConstructionVloggers #BuildFrame

🏗️ Ready to build a better way of doing business?

BuildFrame helps businesses strengthen their online presence, reach more customers, organize everyday work, and build simple systems around the way they already operate.

🌐 BuildFrame Business Software:
https://buildframe-business-software.pages.dev/

🛠️ See Our Work — Portfolio:
https://myportfolio.buildframe-digitalsystem.workers.dev/

📘 Follow BuildFrame on Facebook:
https://www.facebook.com/buildframebusinessoperatingsystem/

💬 WhatsApp:
https://wa.me/639760110243

📧 Email:
buildframe.digitalsystem@gmail.com

BuildFrame — Built & Tailored for Your Business.","construction/content-creators-specialized-contractors-services.png"
"content-creator-aggregates-anapog-filling-materials-02","Aggregates, Anapog & Filling Materials","content-creator","🎥 BEFORE AND AFTER GETS ATTENTION — AGGREGATES, ANAPOG & FILLING MATERIALS

People love seeing a real transformation. Capture loading, deliveries, stockpiles and materials arriving on site.

Before-and-after content gives potential customers an easy way to understand the difference your work can make.

BuildFrame can help turn real day-to-day work into organized website, portfolio and social media content — without making your business feel like it has to become a full-time media company.

DON'T LET A GREAT TRANSFORMATION STAY HIDDEN IN YOUR PHONE.

#BeforeAndAfter #ProjectShowcase #Aggregatesanapogfillingmaterials #ContentCreators #ConstructionVloggers #BuildFrame

🏗️ Ready to build a better way of doing business?

BuildFrame helps businesses strengthen their online presence, reach more customers, organize everyday work, and build simple systems around the way they already operate.

🌐 BuildFrame Business Software:
https://buildframe-business-software.pages.dev/

🛠️ See Our Work — Portfolio:
https://myportfolio.buildframe-digitalsystem.workers.dev/

📘 Follow BuildFrame on Facebook:
https://www.facebook.com/buildframebusinessoperatingsystem/

💬 WhatsApp:
https://wa.me/639760110243

📧 Email:
buildframe.digitalsystem@gmail.com

BuildFrame — Built & Tailored for Your Business.","construction/content-creators-professional-services.png"
"content-creator-property-management-02","Property Management","content-creator","🎥 BEFORE AND AFTER GETS ATTENTION — PROPERTY MANAGEMENT

People love seeing a real transformation. Capture property inspections, maintenance, improvements and day-to-day operations.

Before-and-after content gives potential customers an easy way to understand the difference your work can make.

BuildFrame can help turn real day-to-day work into organized website, portfolio and social media content — without making your business feel like it has to become a full-time media company.

DON'T LET A GREAT TRANSFORMATION STAY HIDDEN IN YOUR PHONE.

#BeforeAndAfter #ProjectShowcase #Propertymanagement #ContentCreators #ConstructionVloggers #BuildFrame

🏗️ Ready to build a better way of doing business?

BuildFrame helps businesses strengthen their online presence, reach more customers, organize everyday work, and build simple systems around the way they already operate.

🌐 BuildFrame Business Software:
https://buildframe-business-software.pages.dev/

🛠️ See Our Work — Portfolio:
https://myportfolio.buildframe-digitalsystem.workers.dev/

📘 Follow BuildFrame on Facebook:
https://www.facebook.com/buildframebusinessoperatingsystem/

💬 WhatsApp:
https://wa.me/639760110243

📧 Email:
buildframe.digitalsystem@gmail.com

BuildFrame — Built & Tailored for Your Business.","construction/content-creators-professional-services.png"
"content-creator-engineering-services-02","Engineering Services","content-creator","🎥 BEFORE AND AFTER GETS ATTENTION — ENGINEERING SERVICES

People love seeing a real transformation. Capture site inspections, project milestones and engineering work in action.

Before-and-after content gives potential customers an easy way to understand the difference your work can make.

BuildFrame can help turn real day-to-day work into organized website, portfolio and social media content — without making your business feel like it has to become a full-time media company.

DON'T LET A GREAT TRANSFORMATION STAY HIDDEN IN YOUR PHONE.

#BeforeAndAfter #ProjectShowcase #Engineeringservices #ContentCreators #ConstructionVloggers #BuildFrame

🏗️ Ready to build a better way of doing business?

BuildFrame helps businesses strengthen their online presence, reach more customers, organize everyday work, and build simple systems around the way they already operate.

🌐 BuildFrame Business Software:
https://buildframe-business-software.pages.dev/

🛠️ See Our Work — Portfolio:
https://myportfolio.buildframe-digitalsystem.workers.dev/

📘 Follow BuildFrame on Facebook:
https://www.facebook.com/buildframebusinessoperatingsystem/

💬 WhatsApp:
https://wa.me/639760110243

📧 Email:
buildframe.digitalsystem@gmail.com

BuildFrame — Built & Tailored for Your Business.","construction/content-creators-professional-services.png"
"content-creator-architectural-design-services-02","Architectural & Design Services","content-creator","🎥 BEFORE AND AFTER GETS ATTENTION — ARCHITECTURAL & DESIGN SERVICES

People love seeing a real transformation. Capture sketches, design development, site visits and finished spaces.

Before-and-after content gives potential customers an easy way to understand the difference your work can make.

BuildFrame can help turn real day-to-day work into organized website, portfolio and social media content — without making your business feel like it has to become a full-time media company.

DON'T LET A GREAT TRANSFORMATION STAY HIDDEN IN YOUR PHONE.

#BeforeAndAfter #ProjectShowcase #Architecturaldesignservices #ContentCreators #ConstructionVloggers #BuildFrame

🏗️ Ready to build a better way of doing business?

BuildFrame helps businesses strengthen their online presence, reach more customers, organize everyday work, and build simple systems around the way they already operate.

🌐 BuildFrame Business Software:
https://buildframe-business-software.pages.dev/

🛠️ See Our Work — Portfolio:
https://myportfolio.buildframe-digitalsystem.workers.dev/

📘 Follow BuildFrame on Facebook:
https://www.facebook.com/buildframebusinessoperatingsystem/

💬 WhatsApp:
https://wa.me/639760110243

📧 Email:
buildframe.digitalsystem@gmail.com

BuildFrame — Built & Tailored for Your Business.","construction/content-creators-professional-services.png"
"content-creator-specialty-subcontractors-trade-specialists-02","Specialty Subcontractors & Trade Specialists","content-creator","🎥 BEFORE AND AFTER GETS ATTENTION — SPECIALTY SUBCONTRACTORS & TRADE SPECIALISTS

People love seeing a real transformation. Capture specialized installations, trade skills and work most people rarely see.

Before-and-after content gives potential customers an easy way to understand the difference your work can make.

BuildFrame can help turn real day-to-day work into organized website, portfolio and social media content — without making your business feel like it has to become a full-time media company.

DON'T LET A GREAT TRANSFORMATION STAY HIDDEN IN YOUR PHONE.

#BeforeAndAfter #ProjectShowcase #Specialtysubcontractorstradespecialists #ContentCreators #ConstructionVloggers #BuildFrame

🏗️ Ready to build a better way of doing business?

BuildFrame helps businesses strengthen their online presence, reach more customers, organize everyday work, and build simple systems around the way they already operate.

🌐 BuildFrame Business Software:
https://buildframe-business-software.pages.dev/

🛠️ See Our Work — Portfolio:
https://myportfolio.buildframe-digitalsystem.workers.dev/

📘 Follow BuildFrame on Facebook:
https://www.facebook.com/buildframebusinessoperatingsystem/

💬 WhatsApp:
https://wa.me/639760110243

📧 Email:
buildframe.digitalsystem@gmail.com

BuildFrame — Built & Tailored for Your Business.","construction/content-creators-professional-services.png"
"content-creator-emergency-repair-construction-services-02","Emergency Repair & Construction Services","content-creator","🎥 BEFORE AND AFTER GETS ATTENTION — EMERGENCY REPAIR & CONSTRUCTION SERVICES

People love seeing a real transformation. Capture urgent repairs, before-and-after fixes and crews solving real problems.

Before-and-after content gives potential customers an easy way to understand the difference your work can make.

BuildFrame can help turn real day-to-day work into organized website, portfolio and social media content — without making your business feel like it has to become a full-time media company.

DON'T LET A GREAT TRANSFORMATION STAY HIDDEN IN YOUR PHONE.

#BeforeAndAfter #ProjectShowcase #Emergencyrepairconstructionservices #ContentCreators #ConstructionVloggers #BuildFrame

🏗️ Ready to build a better way of doing business?

BuildFrame helps businesses strengthen their online presence, reach more customers, organize everyday work, and build simple systems around the way they already operate.

🌐 BuildFrame Business Software:
https://buildframe-business-software.pages.dev/

🛠️ See Our Work — Portfolio:
https://myportfolio.buildframe-digitalsystem.workers.dev/

📘 Follow BuildFrame on Facebook:
https://www.facebook.com/buildframebusinessoperatingsystem/

💬 WhatsApp:
https://wa.me/639760110243

📧 Email:
buildframe.digitalsystem@gmail.com

BuildFrame — Built & Tailored for Your Business.","construction/content-creators-professional-services.png"
"content-creator-general-contractors-03","General Contractors","content-creator","🎥 SHOW WHAT HAPPENS BEHIND THE SCENES — GENERAL CONTRACTORS

Customers usually see the result, not the work behind it. Give them a glimpse of project sites, crews and completed builds.

Behind-the-scenes content helps people see the effort, process and professionalism behind the finished job.

BuildFrame can help turn real day-to-day work into organized website, portfolio and social media content — without making your business feel like it has to become a full-time media company.

LET PEOPLE SEE THE WORK BEHIND THE RESULT.

#BehindTheScenes #ConstructionContent #Generalcontractors #ContentCreators #ConstructionVloggers #BuildFrame

🏗️ Ready to build a better way of doing business?

BuildFrame helps businesses strengthen their online presence, reach more customers, organize everyday work, and build simple systems around the way they already operate.

🌐 BuildFrame Business Software:
https://buildframe-business-software.pages.dev/

🛠️ See Our Work — Portfolio:
https://myportfolio.buildframe-digitalsystem.workers.dev/

📘 Follow BuildFrame on Facebook:
https://www.facebook.com/buildframebusinessoperatingsystem/

💬 WhatsApp:
https://wa.me/639760110243

📧 Email:
buildframe.digitalsystem@gmail.com

BuildFrame — Built & Tailored for Your Business.","construction/content-creators-core-construction-trades.png"
"content-creator-roofing-contractors-03","Roofing Contractors","content-creator","🎥 SHOW WHAT HAPPENS BEHIND THE SCENES — ROOFING CONTRACTORS

Customers usually see the result, not the work behind it. Give them a glimpse of roof installations, repairs and before-and-after transformations.

Behind-the-scenes content helps people see the effort, process and professionalism behind the finished job.

BuildFrame can help turn real day-to-day work into organized website, portfolio and social media content — without making your business feel like it has to become a full-time media company.

LET PEOPLE SEE THE WORK BEHIND THE RESULT.

#BehindTheScenes #ConstructionContent #Roofingcontractors #ContentCreators #ConstructionVloggers #BuildFrame

🏗️ Ready to build a better way of doing business?

BuildFrame helps businesses strengthen their online presence, reach more customers, organize everyday work, and build simple systems around the way they already operate.

🌐 BuildFrame Business Software:
https://buildframe-business-software.pages.dev/

🛠️ See Our Work — Portfolio:
https://myportfolio.buildframe-digitalsystem.workers.dev/

📘 Follow BuildFrame on Facebook:
https://www.facebook.com/buildframebusinessoperatingsystem/

💬 WhatsApp:
https://wa.me/639760110243

📧 Email:
buildframe.digitalsystem@gmail.com

BuildFrame — Built & Tailored for Your Business.","construction/content-creators-core-construction-trades.png"
"content-creator-electrical-contractors-03","Electrical Contractors","content-creator","🎥 SHOW WHAT HAPPENS BEHIND THE SCENES — ELECTRICAL CONTRACTORS

Customers usually see the result, not the work behind it. Give them a glimpse of electrical installations, panel work and site progress.

Behind-the-scenes content helps people see the effort, process and professionalism behind the finished job.

BuildFrame can help turn real day-to-day work into organized website, portfolio and social media content — without making your business feel like it has to become a full-time media company.

LET PEOPLE SEE THE WORK BEHIND THE RESULT.

#BehindTheScenes #ConstructionContent #Electricalcontractors #ContentCreators #ConstructionVloggers #BuildFrame

🏗️ Ready to build a better way of doing business?

BuildFrame helps businesses strengthen their online presence, reach more customers, organize everyday work, and build simple systems around the way they already operate.

🌐 BuildFrame Business Software:
https://buildframe-business-software.pages.dev/

🛠️ See Our Work — Portfolio:
https://myportfolio.buildframe-digitalsystem.workers.dev/

📘 Follow BuildFrame on Facebook:
https://www.facebook.com/buildframebusinessoperatingsystem/

💬 WhatsApp:
https://wa.me/639760110243

📧 Email:
buildframe.digitalsystem@gmail.com

BuildFrame — Built & Tailored for Your Business.","construction/content-creators-core-construction-trades.png"
"content-creator-plumbing-contractors-03","Plumbing Contractors","content-creator","🎥 SHOW WHAT HAPPENS BEHIND THE SCENES — PLUMBING CONTRACTORS

Customers usually see the result, not the work behind it. Give them a glimpse of pipe installations, repairs and problem-solving.

Behind-the-scenes content helps people see the effort, process and professionalism behind the finished job.

BuildFrame can help turn real day-to-day work into organized website, portfolio and social media content — without making your business feel like it has to become a full-time media company.

LET PEOPLE SEE THE WORK BEHIND THE RESULT.

#BehindTheScenes #ConstructionContent #Plumbingcontractors #ContentCreators #ConstructionVloggers #BuildFrame

🏗️ Ready to build a better way of doing business?

BuildFrame helps businesses strengthen their online presence, reach more customers, organize everyday work, and build simple systems around the way they already operate.

🌐 BuildFrame Business Software:
https://buildframe-business-software.pages.dev/

🛠️ See Our Work — Portfolio:
https://myportfolio.buildframe-digitalsystem.workers.dev/

📘 Follow BuildFrame on Facebook:
https://www.facebook.com/buildframebusinessoperatingsystem/

💬 WhatsApp:
https://wa.me/639760110243

📧 Email:
buildframe.digitalsystem@gmail.com

BuildFrame — Built & Tailored for Your Business.","construction/content-creators-core-construction-trades.png"
"content-creator-hvac-contractors-03","HVAC Contractors","content-creator","🎥 SHOW WHAT HAPPENS BEHIND THE SCENES — HVAC CONTRACTORS

Customers usually see the result, not the work behind it. Give them a glimpse of air-conditioning installations, servicing and maintenance.

Behind-the-scenes content helps people see the effort, process and professionalism behind the finished job.

BuildFrame can help turn real day-to-day work into organized website, portfolio and social media content — without making your business feel like it has to become a full-time media company.

LET PEOPLE SEE THE WORK BEHIND THE RESULT.

#BehindTheScenes #ConstructionContent #Hvaccontractors #ContentCreators #ConstructionVloggers #BuildFrame

🏗️ Ready to build a better way of doing business?

BuildFrame helps businesses strengthen their online presence, reach more customers, organize everyday work, and build simple systems around the way they already operate.

🌐 BuildFrame Business Software:
https://buildframe-business-software.pages.dev/

🛠️ See Our Work — Portfolio:
https://myportfolio.buildframe-digitalsystem.workers.dev/

📘 Follow BuildFrame on Facebook:
https://www.facebook.com/buildframebusinessoperatingsystem/

💬 WhatsApp:
https://wa.me/639760110243

📧 Email:
buildframe.digitalsystem@gmail.com

BuildFrame — Built & Tailored for Your Business.","construction/content-creators-core-construction-trades.png"
"content-creator-renovation-remodeling-03","Renovation & Remodeling","content-creator","🎥 SHOW WHAT HAPPENS BEHIND THE SCENES — RENOVATION & REMODELING

Customers usually see the result, not the work behind it. Give them a glimpse of room transformations, renovation progress and finished spaces.

Behind-the-scenes content helps people see the effort, process and professionalism behind the finished job.

BuildFrame can help turn real day-to-day work into organized website, portfolio and social media content — without making your business feel like it has to become a full-time media company.

LET PEOPLE SEE THE WORK BEHIND THE RESULT.

#BehindTheScenes #ConstructionContent #Renovationremodeling #ContentCreators #ConstructionVloggers #BuildFrame

🏗️ Ready to build a better way of doing business?

BuildFrame helps businesses strengthen their online presence, reach more customers, organize everyday work, and build simple systems around the way they already operate.

🌐 BuildFrame Business Software:
https://buildframe-business-software.pages.dev/

🛠️ See Our Work — Portfolio:
https://myportfolio.buildframe-digitalsystem.workers.dev/

📘 Follow BuildFrame on Facebook:
https://www.facebook.com/buildframebusinessoperatingsystem/

💬 WhatsApp:
https://wa.me/639760110243

📧 Email:
buildframe.digitalsystem@gmail.com

BuildFrame — Built & Tailored for Your Business.","construction/content-creators-core-construction-trades.png"
"content-creator-handyman-property-maintenance-03","Handyman & Property Maintenance","content-creator","🎥 SHOW WHAT HAPPENS BEHIND THE SCENES — HANDYMAN & PROPERTY MAINTENANCE

Customers usually see the result, not the work behind it. Give them a glimpse of everyday repairs, maintenance visits and property improvements.

Behind-the-scenes content helps people see the effort, process and professionalism behind the finished job.

BuildFrame can help turn real day-to-day work into organized website, portfolio and social media content — without making your business feel like it has to become a full-time media company.

LET PEOPLE SEE THE WORK BEHIND THE RESULT.

#BehindTheScenes #ConstructionContent #Handymanpropertymaintenance #ContentCreators #ConstructionVloggers #BuildFrame

🏗️ Ready to build a better way of doing business?

BuildFrame helps businesses strengthen their online presence, reach more customers, organize everyday work, and build simple systems around the way they already operate.

🌐 BuildFrame Business Software:
https://buildframe-business-software.pages.dev/

🛠️ See Our Work — Portfolio:
https://myportfolio.buildframe-digitalsystem.workers.dev/

📘 Follow BuildFrame on Facebook:
https://www.facebook.com/buildframebusinessoperatingsystem/

💬 WhatsApp:
https://wa.me/639760110243

📧 Email:
buildframe.digitalsystem@gmail.com

BuildFrame — Built & Tailored for Your Business.","construction/content-creators-core-construction-trades.png"
"content-creator-tiling-flooring-contractors-03","Tiling & Flooring Contractors","content-creator","🎥 SHOW WHAT HAPPENS BEHIND THE SCENES — TILING & FLOORING CONTRACTORS

Customers usually see the result, not the work behind it. Give them a glimpse of floor preparation, tile setting, patterns and finished floors.

Behind-the-scenes content helps people see the effort, process and professionalism behind the finished job.

BuildFrame can help turn real day-to-day work into organized website, portfolio and social media content — without making your business feel like it has to become a full-time media company.

LET PEOPLE SEE THE WORK BEHIND THE RESULT.

#BehindTheScenes #ConstructionContent #Tilingflooringcontractors #ContentCreators #ConstructionVloggers #BuildFrame

🏗️ Ready to build a better way of doing business?

BuildFrame helps businesses strengthen their online presence, reach more customers, organize everyday work, and build simple systems around the way they already operate.

🌐 BuildFrame Business Software:
https://buildframe-business-software.pages.dev/

🛠️ See Our Work — Portfolio:
https://myportfolio.buildframe-digitalsystem.workers.dev/

📘 Follow BuildFrame on Facebook:
https://www.facebook.com/buildframebusinessoperatingsystem/

💬 WhatsApp:
https://wa.me/639760110243

📧 Email:
buildframe.digitalsystem@gmail.com

BuildFrame — Built & Tailored for Your Business.","construction/content-creators-specialized-contractors-services.png"
"content-creator-landscaping-contractors-03","Landscaping Contractors","content-creator","🎥 SHOW WHAT HAPPENS BEHIND THE SCENES — LANDSCAPING CONTRACTORS

Customers usually see the result, not the work behind it. Give them a glimpse of garden transformations, planting, hardscaping and outdoor spaces.

Behind-the-scenes content helps people see the effort, process and professionalism behind the finished job.

BuildFrame can help turn real day-to-day work into organized website, portfolio and social media content — without making your business feel like it has to become a full-time media company.

LET PEOPLE SEE THE WORK BEHIND THE RESULT.

#BehindTheScenes #ConstructionContent #Landscapingcontractors #ContentCreators #ConstructionVloggers #BuildFrame

🏗️ Ready to build a better way of doing business?

BuildFrame helps businesses strengthen their online presence, reach more customers, organize everyday work, and build simple systems around the way they already operate.

🌐 BuildFrame Business Software:
https://buildframe-business-software.pages.dev/

🛠️ See Our Work — Portfolio:
https://myportfolio.buildframe-digitalsystem.workers.dev/

📘 Follow BuildFrame on Facebook:
https://www.facebook.com/buildframebusinessoperatingsystem/

💬 WhatsApp:
https://wa.me/639760110243

📧 Email:
buildframe.digitalsystem@gmail.com

BuildFrame — Built & Tailored for Your Business.","construction/content-creators-specialized-contractors-services.png"
"content-creator-metal-fabrication-03","Metal Fabrication","content-creator","🎥 SHOW WHAT HAPPENS BEHIND THE SCENES — METAL FABRICATION

Customers usually see the result, not the work behind it. Give them a glimpse of cutting, welding, fabrication and finished metalwork.

Behind-the-scenes content helps people see the effort, process and professionalism behind the finished job.

BuildFrame can help turn real day-to-day work into organized website, portfolio and social media content — without making your business feel like it has to become a full-time media company.

LET PEOPLE SEE THE WORK BEHIND THE RESULT.

#BehindTheScenes #ConstructionContent #Metalfabrication #ContentCreators #ConstructionVloggers #BuildFrame

🏗️ Ready to build a better way of doing business?

BuildFrame helps businesses strengthen their online presence, reach more customers, organize everyday work, and build simple systems around the way they already operate.

🌐 BuildFrame Business Software:
https://buildframe-business-software.pages.dev/

🛠️ See Our Work — Portfolio:
https://myportfolio.buildframe-digitalsystem.workers.dev/

📘 Follow BuildFrame on Facebook:
https://www.facebook.com/buildframebusinessoperatingsystem/

💬 WhatsApp:
https://wa.me/639760110243

📧 Email:
buildframe.digitalsystem@gmail.com

BuildFrame — Built & Tailored for Your Business.","construction/content-creators-specialized-contractors-services.png"
"content-creator-glass-aluminum-contractors-03","Glass & Aluminum Contractors","content-creator","🎥 SHOW WHAT HAPPENS BEHIND THE SCENES — GLASS & ALUMINUM CONTRACTORS

Customers usually see the result, not the work behind it. Give them a glimpse of window, door, partition and facade installations.

Behind-the-scenes content helps people see the effort, process and professionalism behind the finished job.

BuildFrame can help turn real day-to-day work into organized website, portfolio and social media content — without making your business feel like it has to become a full-time media company.

LET PEOPLE SEE THE WORK BEHIND THE RESULT.

#BehindTheScenes #ConstructionContent #Glassaluminumcontractors #ContentCreators #ConstructionVloggers #BuildFrame

🏗️ Ready to build a better way of doing business?

BuildFrame helps businesses strengthen their online presence, reach more customers, organize everyday work, and build simple systems around the way they already operate.

🌐 BuildFrame Business Software:
https://buildframe-business-software.pages.dev/

🛠️ See Our Work — Portfolio:
https://myportfolio.buildframe-digitalsystem.workers.dev/

📘 Follow BuildFrame on Facebook:
https://www.facebook.com/buildframebusinessoperatingsystem/

💬 WhatsApp:
https://wa.me/639760110243

📧 Email:
buildframe.digitalsystem@gmail.com

BuildFrame — Built & Tailored for Your Business.","construction/content-creators-specialized-contractors-services.png"
"content-creator-woodworking-carpentry-03","Woodworking & Carpentry","content-creator","🎥 SHOW WHAT HAPPENS BEHIND THE SCENES — WOODWORKING & CARPENTRY

Customers usually see the result, not the work behind it. Give them a glimpse of custom furniture, cabinetry, joinery and installation.

Behind-the-scenes content helps people see the effort, process and professionalism behind the finished job.

BuildFrame can help turn real day-to-day work into organized website, portfolio and social media content — without making your business feel like it has to become a full-time media company.

LET PEOPLE SEE THE WORK BEHIND THE RESULT.

#BehindTheScenes #ConstructionContent #Woodworkingcarpentry #ContentCreators #ConstructionVloggers #BuildFrame

🏗️ Ready to build a better way of doing business?

BuildFrame helps businesses strengthen their online presence, reach more customers, organize everyday work, and build simple systems around the way they already operate.

🌐 BuildFrame Business Software:
https://buildframe-business-software.pages.dev/

🛠️ See Our Work — Portfolio:
https://myportfolio.buildframe-digitalsystem.workers.dev/

📘 Follow BuildFrame on Facebook:
https://www.facebook.com/buildframebusinessoperatingsystem/

💬 WhatsApp:
https://wa.me/639760110243

📧 Email:
buildframe.digitalsystem@gmail.com

BuildFrame — Built & Tailored for Your Business.","construction/content-creators-specialized-contractors-services.png"
"content-creator-solar-installation-contractors-03","Solar Installation Contractors","content-creator","🎥 SHOW WHAT HAPPENS BEHIND THE SCENES — SOLAR INSTALLATION CONTRACTORS

Customers usually see the result, not the work behind it. Give them a glimpse of solar site checks, panel installation and completed systems.

Behind-the-scenes content helps people see the effort, process and professionalism behind the finished job.

BuildFrame can help turn real day-to-day work into organized website, portfolio and social media content — without making your business feel like it has to become a full-time media company.

LET PEOPLE SEE THE WORK BEHIND THE RESULT.

#BehindTheScenes #ConstructionContent #Solarinstallationcontractors #ContentCreators #ConstructionVloggers #BuildFrame

🏗️ Ready to build a better way of doing business?

BuildFrame helps businesses strengthen their online presence, reach more customers, organize everyday work, and build simple systems around the way they already operate.

🌐 BuildFrame Business Software:
https://buildframe-business-software.pages.dev/

🛠️ See Our Work — Portfolio:
https://myportfolio.buildframe-digitalsystem.workers.dev/

📘 Follow BuildFrame on Facebook:
https://www.facebook.com/buildframebusinessoperatingsystem/

💬 WhatsApp:
https://wa.me/639760110243

📧 Email:
buildframe.digitalsystem@gmail.com

BuildFrame — Built & Tailored for Your Business.","construction/content-creators-specialized-contractors-services.png"
"content-creator-construction-suppliers-building-materials-03","Construction Suppliers & Building Materials","content-creator","🎥 SHOW WHAT HAPPENS BEHIND THE SCENES — CONSTRUCTION SUPPLIERS & BUILDING MATERIALS

Customers usually see the result, not the work behind it. Give them a glimpse of new materials, deliveries, stock and products used on real projects.

Behind-the-scenes content helps people see the effort, process and professionalism behind the finished job.

BuildFrame can help turn real day-to-day work into organized website, portfolio and social media content — without making your business feel like it has to become a full-time media company.

LET PEOPLE SEE THE WORK BEHIND THE RESULT.

#BehindTheScenes #ConstructionContent #Constructionsuppliersbuildingmaterials #ContentCreators #ConstructionVloggers #BuildFrame

🏗️ Ready to build a better way of doing business?

BuildFrame helps businesses strengthen their online presence, reach more customers, organize everyday work, and build simple systems around the way they already operate.

🌐 BuildFrame Business Software:
https://buildframe-business-software.pages.dev/

🛠️ See Our Work — Portfolio:
https://myportfolio.buildframe-digitalsystem.workers.dev/

📘 Follow BuildFrame on Facebook:
https://www.facebook.com/buildframebusinessoperatingsystem/

💬 WhatsApp:
https://wa.me/639760110243

📧 Email:
buildframe.digitalsystem@gmail.com

BuildFrame — Built & Tailored for Your Business.","construction/content-creators-specialized-contractors-services.png"
"content-creator-aggregates-anapog-filling-materials-03","Aggregates, Anapog & Filling Materials","content-creator","🎥 SHOW WHAT HAPPENS BEHIND THE SCENES — AGGREGATES, ANAPOG & FILLING MATERIALS

Customers usually see the result, not the work behind it. Give them a glimpse of loading, deliveries, stockpiles and materials arriving on site.

Behind-the-scenes content helps people see the effort, process and professionalism behind the finished job.

BuildFrame can help turn real day-to-day work into organized website, portfolio and social media content — without making your business feel like it has to become a full-time media company.

LET PEOPLE SEE THE WORK BEHIND THE RESULT.

#BehindTheScenes #ConstructionContent #Aggregatesanapogfillingmaterials #ContentCreators #ConstructionVloggers #BuildFrame

🏗️ Ready to build a better way of doing business?

BuildFrame helps businesses strengthen their online presence, reach more customers, organize everyday work, and build simple systems around the way they already operate.

🌐 BuildFrame Business Software:
https://buildframe-business-software.pages.dev/

🛠️ See Our Work — Portfolio:
https://myportfolio.buildframe-digitalsystem.workers.dev/

📘 Follow BuildFrame on Facebook:
https://www.facebook.com/buildframebusinessoperatingsystem/

💬 WhatsApp:
https://wa.me/639760110243

📧 Email:
buildframe.digitalsystem@gmail.com

BuildFrame — Built & Tailored for Your Business.","construction/content-creators-professional-services.png"
"content-creator-property-management-03","Property Management","content-creator","🎥 SHOW WHAT HAPPENS BEHIND THE SCENES — PROPERTY MANAGEMENT

Customers usually see the result, not the work behind it. Give them a glimpse of property inspections, maintenance, improvements and day-to-day operations.

Behind-the-scenes content helps people see the effort, process and professionalism behind the finished job.

BuildFrame can help turn real day-to-day work into organized website, portfolio and social media content — without making your business feel like it has to become a full-time media company.

LET PEOPLE SEE THE WORK BEHIND THE RESULT.

#BehindTheScenes #ConstructionContent #Propertymanagement #ContentCreators #ConstructionVloggers #BuildFrame

🏗️ Ready to build a better way of doing business?

BuildFrame helps businesses strengthen their online presence, reach more customers, organize everyday work, and build simple systems around the way they already operate.

🌐 BuildFrame Business Software:
https://buildframe-business-software.pages.dev/

🛠️ See Our Work — Portfolio:
https://myportfolio.buildframe-digitalsystem.workers.dev/

📘 Follow BuildFrame on Facebook:
https://www.facebook.com/buildframebusinessoperatingsystem/

💬 WhatsApp:
https://wa.me/639760110243

📧 Email:
buildframe.digitalsystem@gmail.com

BuildFrame — Built & Tailored for Your Business.","construction/content-creators-professional-services.png"
"content-creator-engineering-services-03","Engineering Services","content-creator","🎥 SHOW WHAT HAPPENS BEHIND THE SCENES — ENGINEERING SERVICES

Customers usually see the result, not the work behind it. Give them a glimpse of site inspections, project milestones and engineering work in action.

Behind-the-scenes content helps people see the effort, process and professionalism behind the finished job.

BuildFrame can help turn real day-to-day work into organized website, portfolio and social media content — without making your business feel like it has to become a full-time media company.

LET PEOPLE SEE THE WORK BEHIND THE RESULT.

#BehindTheScenes #ConstructionContent #Engineeringservices #ContentCreators #ConstructionVloggers #BuildFrame

🏗️ Ready to build a better way of doing business?

BuildFrame helps businesses strengthen their online presence, reach more customers, organize everyday work, and build simple systems around the way they already operate.

🌐 BuildFrame Business Software:
https://buildframe-business-software.pages.dev/

🛠️ See Our Work — Portfolio:
https://myportfolio.buildframe-digitalsystem.workers.dev/

📘 Follow BuildFrame on Facebook:
https://www.facebook.com/buildframebusinessoperatingsystem/

💬 WhatsApp:
https://wa.me/639760110243

📧 Email:
buildframe.digitalsystem@gmail.com

BuildFrame — Built & Tailored for Your Business.","construction/content-creators-professional-services.png"
"content-creator-architectural-design-services-03","Architectural & Design Services","content-creator","🎥 SHOW WHAT HAPPENS BEHIND THE SCENES — ARCHITECTURAL & DESIGN SERVICES

Customers usually see the result, not the work behind it. Give them a glimpse of sketches, design development, site visits and finished spaces.

Behind-the-scenes content helps people see the effort, process and professionalism behind the finished job.

BuildFrame can help turn real day-to-day work into organized website, portfolio and social media content — without making your business feel like it has to become a full-time media company.

LET PEOPLE SEE THE WORK BEHIND THE RESULT.

#BehindTheScenes #ConstructionContent #Architecturaldesignservices #ContentCreators #ConstructionVloggers #BuildFrame

🏗️ Ready to build a better way of doing business?

BuildFrame helps businesses strengthen their online presence, reach more customers, organize everyday work, and build simple systems around the way they already operate.

🌐 BuildFrame Business Software:
https://buildframe-business-software.pages.dev/

🛠️ See Our Work — Portfolio:
https://myportfolio.buildframe-digitalsystem.workers.dev/

📘 Follow BuildFrame on Facebook:
https://www.facebook.com/buildframebusinessoperatingsystem/

💬 WhatsApp:
https://wa.me/639760110243

📧 Email:
buildframe.digitalsystem@gmail.com

BuildFrame — Built & Tailored for Your Business.","construction/content-creators-professional-services.png"
"content-creator-specialty-subcontractors-trade-specialists-03","Specialty Subcontractors & Trade Specialists","content-creator","🎥 SHOW WHAT HAPPENS BEHIND THE SCENES — SPECIALTY SUBCONTRACTORS & TRADE SPECIALISTS

Customers usually see the result, not the work behind it. Give them a glimpse of specialized installations, trade skills and work most people rarely see.

Behind-the-scenes content helps people see the effort, process and professionalism behind the finished job.

BuildFrame can help turn real day-to-day work into organized website, portfolio and social media content — without making your business feel like it has to become a full-time media company.

LET PEOPLE SEE THE WORK BEHIND THE RESULT.

#BehindTheScenes #ConstructionContent #Specialtysubcontractorstradespecialists #ContentCreators #ConstructionVloggers #BuildFrame

🏗️ Ready to build a better way of doing business?

BuildFrame helps businesses strengthen their online presence, reach more customers, organize everyday work, and build simple systems around the way they already operate.

🌐 BuildFrame Business Software:
https://buildframe-business-software.pages.dev/

🛠️ See Our Work — Portfolio:
https://myportfolio.buildframe-digitalsystem.workers.dev/

📘 Follow BuildFrame on Facebook:
https://www.facebook.com/buildframebusinessoperatingsystem/

💬 WhatsApp:
https://wa.me/639760110243

📧 Email:
buildframe.digitalsystem@gmail.com

BuildFrame — Built & Tailored for Your Business.","construction/content-creators-professional-services.png"
"content-creator-emergency-repair-construction-services-03","Emergency Repair & Construction Services","content-creator","🎥 SHOW WHAT HAPPENS BEHIND THE SCENES — EMERGENCY REPAIR & CONSTRUCTION SERVICES

Customers usually see the result, not the work behind it. Give them a glimpse of urgent repairs, before-and-after fixes and crews solving real problems.

Behind-the-scenes content helps people see the effort, process and professionalism behind the finished job.

BuildFrame can help turn real day-to-day work into organized website, portfolio and social media content — without making your business feel like it has to become a full-time media company.

LET PEOPLE SEE THE WORK BEHIND THE RESULT.

#BehindTheScenes #ConstructionContent #Emergencyrepairconstructionservices #ContentCreators #ConstructionVloggers #BuildFrame

🏗️ Ready to build a better way of doing business?

BuildFrame helps businesses strengthen their online presence, reach more customers, organize everyday work, and build simple systems around the way they already operate.

🌐 BuildFrame Business Software:
https://buildframe-business-software.pages.dev/

🛠️ See Our Work — Portfolio:
https://myportfolio.buildframe-digitalsystem.workers.dev/

📘 Follow BuildFrame on Facebook:
https://www.facebook.com/buildframebusinessoperatingsystem/

💬 WhatsApp:
https://wa.me/639760110243

📧 Email:
buildframe.digitalsystem@gmail.com

BuildFrame — Built & Tailored for Your Business.","construction/content-creators-professional-services.png"
"content-creator-general-contractors-04","General Contractors","content-creator","🎥 TEACH ONE USEFUL THING — GENERAL CONTRACTORS

Your team already knows things your customers want to understand — like how different trades come together to complete a project.

One simple tip or explanation can become useful content that keeps your business visible and shows real experience.

BuildFrame can help turn real day-to-day work into organized website, portfolio and social media content — without making your business feel like it has to become a full-time media company.

SHARE WHAT YOU KNOW. HELP PEOPLE REMEMBER WHO YOU ARE.

#EducationalContent #Expertise #Generalcontractors #ContentCreators #ConstructionVloggers #BuildFrame

🏗️ Ready to build a better way of doing business?

BuildFrame helps businesses strengthen their online presence, reach more customers, organize everyday work, and build simple systems around the way they already operate.

🌐 BuildFrame Business Software:
https://buildframe-business-software.pages.dev/

🛠️ See Our Work — Portfolio:
https://myportfolio.buildframe-digitalsystem.workers.dev/

📘 Follow BuildFrame on Facebook:
https://www.facebook.com/buildframebusinessoperatingsystem/

💬 WhatsApp:
https://wa.me/639760110243

📧 Email:
buildframe.digitalsystem@gmail.com

BuildFrame — Built & Tailored for Your Business.","construction/content-creators-core-construction-trades.png"
"content-creator-roofing-contractors-04","Roofing Contractors","content-creator","🎥 TEACH ONE USEFUL THING — ROOFING CONTRACTORS

Your team already knows things your customers want to understand — like roof warning signs, materials and proper installation.

One simple tip or explanation can become useful content that keeps your business visible and shows real experience.

BuildFrame can help turn real day-to-day work into organized website, portfolio and social media content — without making your business feel like it has to become a full-time media company.

SHARE WHAT YOU KNOW. HELP PEOPLE REMEMBER WHO YOU ARE.

#EducationalContent #Expertise #Roofingcontractors #ContentCreators #ConstructionVloggers #BuildFrame

🏗️ Ready to build a better way of doing business?

BuildFrame helps businesses strengthen their online presence, reach more customers, organize everyday work, and build simple systems around the way they already operate.

🌐 BuildFrame Business Software:
https://buildframe-business-software.pages.dev/

🛠️ See Our Work — Portfolio:
https://myportfolio.buildframe-digitalsystem.workers.dev/

📘 Follow BuildFrame on Facebook:
https://www.facebook.com/buildframebusinessoperatingsystem/

💬 WhatsApp:
https://wa.me/639760110243

📧 Email:
buildframe.digitalsystem@gmail.com

BuildFrame — Built & Tailored for Your Business.","construction/content-creators-core-construction-trades.png"
"content-creator-electrical-contractors-04","Electrical Contractors","content-creator","🎥 TEACH ONE USEFUL THING — ELECTRICAL CONTRACTORS

Your team already knows things your customers want to understand — like electrical safety, planning and the work hidden behind finished walls.

One simple tip or explanation can become useful content that keeps your business visible and shows real experience.

BuildFrame can help turn real day-to-day work into organized website, portfolio and social media content — without making your business feel like it has to become a full-time media company.

SHARE WHAT YOU KNOW. HELP PEOPLE REMEMBER WHO YOU ARE.

#EducationalContent #Expertise #Electricalcontractors #ContentCreators #ConstructionVloggers #BuildFrame

🏗️ Ready to build a better way of doing business?

BuildFrame helps businesses strengthen their online presence, reach more customers, organize everyday work, and build simple systems around the way they already operate.

🌐 BuildFrame Business Software:
https://buildframe-business-software.pages.dev/

🛠️ See Our Work — Portfolio:
https://myportfolio.buildframe-digitalsystem.workers.dev/

📘 Follow BuildFrame on Facebook:
https://www.facebook.com/buildframebusinessoperatingsystem/

💬 WhatsApp:
https://wa.me/639760110243

📧 Email:
buildframe.digitalsystem@gmail.com

BuildFrame — Built & Tailored for Your Business.","construction/content-creators-core-construction-trades.png"
"content-creator-plumbing-contractors-04","Plumbing Contractors","content-creator","🎥 TEACH ONE USEFUL THING — PLUMBING CONTRACTORS

Your team already knows things your customers want to understand — like leak warning signs, plumbing care and how systems work.

One simple tip or explanation can become useful content that keeps your business visible and shows real experience.

BuildFrame can help turn real day-to-day work into organized website, portfolio and social media content — without making your business feel like it has to become a full-time media company.

SHARE WHAT YOU KNOW. HELP PEOPLE REMEMBER WHO YOU ARE.

#EducationalContent #Expertise #Plumbingcontractors #ContentCreators #ConstructionVloggers #BuildFrame

🏗️ Ready to build a better way of doing business?

BuildFrame helps businesses strengthen their online presence, reach more customers, organize everyday work, and build simple systems around the way they already operate.

🌐 BuildFrame Business Software:
https://buildframe-business-software.pages.dev/

🛠️ See Our Work — Portfolio:
https://myportfolio.buildframe-digitalsystem.workers.dev/

📘 Follow BuildFrame on Facebook:
https://www.facebook.com/buildframebusinessoperatingsystem/

💬 WhatsApp:
https://wa.me/639760110243

📧 Email:
buildframe.digitalsystem@gmail.com

BuildFrame — Built & Tailored for Your Business.","construction/content-creators-core-construction-trades.png"
"content-creator-hvac-contractors-04","HVAC Contractors","content-creator","🎥 TEACH ONE USEFUL THING — HVAC CONTRACTORS

Your team already knows things your customers want to understand — like comfort, maintenance tips and signs an HVAC system needs attention.

One simple tip or explanation can become useful content that keeps your business visible and shows real experience.

BuildFrame can help turn real day-to-day work into organized website, portfolio and social media content — without making your business feel like it has to become a full-time media company.

SHARE WHAT YOU KNOW. HELP PEOPLE REMEMBER WHO YOU ARE.

#EducationalContent #Expertise #Hvaccontractors #ContentCreators #ConstructionVloggers #BuildFrame

🏗️ Ready to build a better way of doing business?

BuildFrame helps businesses strengthen their online presence, reach more customers, organize everyday work, and build simple systems around the way they already operate.

🌐 BuildFrame Business Software:
https://buildframe-business-software.pages.dev/

🛠️ See Our Work — Portfolio:
https://myportfolio.buildframe-digitalsystem.workers.dev/

📘 Follow BuildFrame on Facebook:
https://www.facebook.com/buildframebusinessoperatingsystem/

💬 WhatsApp:
https://wa.me/639760110243

📧 Email:
buildframe.digitalsystem@gmail.com

BuildFrame — Built & Tailored for Your Business.","construction/content-creators-core-construction-trades.png"
"content-creator-renovation-remodeling-04","Renovation & Remodeling","content-creator","🎥 TEACH ONE USEFUL THING — RENOVATION & REMODELING

Your team already knows things your customers want to understand — like planning renovations, solving old-space problems and transformation choices.

One simple tip or explanation can become useful content that keeps your business visible and shows real experience.

BuildFrame can help turn real day-to-day work into organized website, portfolio and social media content — without making your business feel like it has to become a full-time media company.

SHARE WHAT YOU KNOW. HELP PEOPLE REMEMBER WHO YOU ARE.

#EducationalContent #Expertise #Renovationremodeling #ContentCreators #ConstructionVloggers #BuildFrame

🏗️ Ready to build a better way of doing business?

BuildFrame helps businesses strengthen their online presence, reach more customers, organize everyday work, and build simple systems around the way they already operate.

🌐 BuildFrame Business Software:
https://buildframe-business-software.pages.dev/

🛠️ See Our Work — Portfolio:
https://myportfolio.buildframe-digitalsystem.workers.dev/

📘 Follow BuildFrame on Facebook:
https://www.facebook.com/buildframebusinessoperatingsystem/

💬 WhatsApp:
https://wa.me/639760110243

📧 Email:
buildframe.digitalsystem@gmail.com

BuildFrame — Built & Tailored for Your Business.","construction/content-creators-core-construction-trades.png"
"content-creator-handyman-property-maintenance-04","Handyman & Property Maintenance","content-creator","🎥 TEACH ONE USEFUL THING — HANDYMAN & PROPERTY MAINTENANCE

Your team already knows things your customers want to understand — like simple maintenance tips and problems owners should not ignore.

One simple tip or explanation can become useful content that keeps your business visible and shows real experience.

BuildFrame can help turn real day-to-day work into organized website, portfolio and social media content — without making your business feel like it has to become a full-time media company.

SHARE WHAT YOU KNOW. HELP PEOPLE REMEMBER WHO YOU ARE.

#EducationalContent #Expertise #Handymanpropertymaintenance #ContentCreators #ConstructionVloggers #BuildFrame

🏗️ Ready to build a better way of doing business?

BuildFrame helps businesses strengthen their online presence, reach more customers, organize everyday work, and build simple systems around the way they already operate.

🌐 BuildFrame Business Software:
https://buildframe-business-software.pages.dev/

🛠️ See Our Work — Portfolio:
https://myportfolio.buildframe-digitalsystem.workers.dev/

📘 Follow BuildFrame on Facebook:
https://www.facebook.com/buildframebusinessoperatingsystem/

💬 WhatsApp:
https://wa.me/639760110243

📧 Email:
buildframe.digitalsystem@gmail.com

BuildFrame — Built & Tailored for Your Business.","construction/content-creators-core-construction-trades.png"
"content-creator-tiling-flooring-contractors-04","Tiling & Flooring Contractors","content-creator","🎥 TEACH ONE USEFUL THING — TILING & FLOORING CONTRACTORS

Your team already knows things your customers want to understand — like material choices, preparation and details behind a clean finish.

One simple tip or explanation can become useful content that keeps your business visible and shows real experience.

BuildFrame can help turn real day-to-day work into organized website, portfolio and social media content — without making your business feel like it has to become a full-time media company.

SHARE WHAT YOU KNOW. HELP PEOPLE REMEMBER WHO YOU ARE.

#EducationalContent #Expertise #Tilingflooringcontractors #ContentCreators #ConstructionVloggers #BuildFrame

🏗️ Ready to build a better way of doing business?

BuildFrame helps businesses strengthen their online presence, reach more customers, organize everyday work, and build simple systems around the way they already operate.

🌐 BuildFrame Business Software:
https://buildframe-business-software.pages.dev/

🛠️ See Our Work — Portfolio:
https://myportfolio.buildframe-digitalsystem.workers.dev/

📘 Follow BuildFrame on Facebook:
https://www.facebook.com/buildframebusinessoperatingsystem/

💬 WhatsApp:
https://wa.me/639760110243

📧 Email:
buildframe.digitalsystem@gmail.com

BuildFrame — Built & Tailored for Your Business.","construction/content-creators-specialized-contractors-services.png"
"content-creator-landscaping-contractors-04","Landscaping Contractors","content-creator","🎥 TEACH ONE USEFUL THING — LANDSCAPING CONTRACTORS

Your team already knows things your customers want to understand — like plant care, landscape planning and outdoor maintenance.

One simple tip or explanation can become useful content that keeps your business visible and shows real experience.

BuildFrame can help turn real day-to-day work into organized website, portfolio and social media content — without making your business feel like it has to become a full-time media company.

SHARE WHAT YOU KNOW. HELP PEOPLE REMEMBER WHO YOU ARE.

#EducationalContent #Expertise #Landscapingcontractors #ContentCreators #ConstructionVloggers #BuildFrame

🏗️ Ready to build a better way of doing business?

BuildFrame helps businesses strengthen their online presence, reach more customers, organize everyday work, and build simple systems around the way they already operate.

🌐 BuildFrame Business Software:
https://buildframe-business-software.pages.dev/

🛠️ See Our Work — Portfolio:
https://myportfolio.buildframe-digitalsystem.workers.dev/

📘 Follow BuildFrame on Facebook:
https://www.facebook.com/buildframebusinessoperatingsystem/

💬 WhatsApp:
https://wa.me/639760110243

📧 Email:
buildframe.digitalsystem@gmail.com

BuildFrame — Built & Tailored for Your Business.","construction/content-creators-specialized-contractors-services.png"
"content-creator-metal-fabrication-04","Metal Fabrication","content-creator","🎥 TEACH ONE USEFUL THING — METAL FABRICATION

Your team already knows things your customers want to understand — like fabrication processes, material choices and craftsmanship.

One simple tip or explanation can become useful content that keeps your business visible and shows real experience.

BuildFrame can help turn real day-to-day work into organized website, portfolio and social media content — without making your business feel like it has to become a full-time media company.

SHARE WHAT YOU KNOW. HELP PEOPLE REMEMBER WHO YOU ARE.

#EducationalContent #Expertise #Metalfabrication #ContentCreators #ConstructionVloggers #BuildFrame

🏗️ Ready to build a better way of doing business?

BuildFrame helps businesses strengthen their online presence, reach more customers, organize everyday work, and build simple systems around the way they already operate.

🌐 BuildFrame Business Software:
https://buildframe-business-software.pages.dev/

🛠️ See Our Work — Portfolio:
https://myportfolio.buildframe-digitalsystem.workers.dev/

📘 Follow BuildFrame on Facebook:
https://www.facebook.com/buildframebusinessoperatingsystem/

💬 WhatsApp:
https://wa.me/639760110243

📧 Email:
buildframe.digitalsystem@gmail.com

BuildFrame — Built & Tailored for Your Business.","construction/content-creators-specialized-contractors-services.png"
"content-creator-glass-aluminum-contractors-04","Glass & Aluminum Contractors","content-creator","🎥 TEACH ONE USEFUL THING — GLASS & ALUMINUM CONTRACTORS

Your team already knows things your customers want to understand — like glass and aluminum choices, measurements and installation details.

One simple tip or explanation can become useful content that keeps your business visible and shows real experience.

BuildFrame can help turn real day-to-day work into organized website, portfolio and social media content — without making your business feel like it has to become a full-time media company.

SHARE WHAT YOU KNOW. HELP PEOPLE REMEMBER WHO YOU ARE.

#EducationalContent #Expertise #Glassaluminumcontractors #ContentCreators #ConstructionVloggers #BuildFrame

🏗️ Ready to build a better way of doing business?

BuildFrame helps businesses strengthen their online presence, reach more customers, organize everyday work, and build simple systems around the way they already operate.

🌐 BuildFrame Business Software:
https://buildframe-business-software.pages.dev/

🛠️ See Our Work — Portfolio:
https://myportfolio.buildframe-digitalsystem.workers.dev/

📘 Follow BuildFrame on Facebook:
https://www.facebook.com/buildframebusinessoperatingsystem/

💬 WhatsApp:
https://wa.me/639760110243

📧 Email:
buildframe.digitalsystem@gmail.com

BuildFrame — Built & Tailored for Your Business.","construction/content-creators-specialized-contractors-services.png"
"content-creator-woodworking-carpentry-04","Woodworking & Carpentry","content-creator","🎥 TEACH ONE USEFUL THING — WOODWORKING & CARPENTRY

Your team already knows things your customers want to understand — like wood choices, craftsmanship and how custom pieces are made.

One simple tip or explanation can become useful content that keeps your business visible and shows real experience.

BuildFrame can help turn real day-to-day work into organized website, portfolio and social media content — without making your business feel like it has to become a full-time media company.

SHARE WHAT YOU KNOW. HELP PEOPLE REMEMBER WHO YOU ARE.

#EducationalContent #Expertise #Woodworkingcarpentry #ContentCreators #ConstructionVloggers #BuildFrame

🏗️ Ready to build a better way of doing business?

BuildFrame helps businesses strengthen their online presence, reach more customers, organize everyday work, and build simple systems around the way they already operate.

🌐 BuildFrame Business Software:
https://buildframe-business-software.pages.dev/

🛠️ See Our Work — Portfolio:
https://myportfolio.buildframe-digitalsystem.workers.dev/

📘 Follow BuildFrame on Facebook:
https://www.facebook.com/buildframebusinessoperatingsystem/

💬 WhatsApp:
https://wa.me/639760110243

📧 Email:
buildframe.digitalsystem@gmail.com

BuildFrame — Built & Tailored for Your Business.","construction/content-creators-specialized-contractors-services.png"
"content-creator-solar-installation-contractors-04","Solar Installation Contractors","content-creator","🎥 TEACH ONE USEFUL THING — SOLAR INSTALLATION CONTRACTORS

Your team already knows things your customers want to understand — like solar basics, system planning and what customers should know.

One simple tip or explanation can become useful content that keeps your business visible and shows real experience.

BuildFrame can help turn real day-to-day work into organized website, portfolio and social media content — without making your business feel like it has to become a full-time media company.

SHARE WHAT YOU KNOW. HELP PEOPLE REMEMBER WHO YOU ARE.

#EducationalContent #Expertise #Solarinstallationcontractors #ContentCreators #ConstructionVloggers #BuildFrame

🏗️ Ready to build a better way of doing business?

BuildFrame helps businesses strengthen their online presence, reach more customers, organize everyday work, and build simple systems around the way they already operate.

🌐 BuildFrame Business Software:
https://buildframe-business-software.pages.dev/

🛠️ See Our Work — Portfolio:
https://myportfolio.buildframe-digitalsystem.workers.dev/

📘 Follow BuildFrame on Facebook:
https://www.facebook.com/buildframebusinessoperatingsystem/

💬 WhatsApp:
https://wa.me/639760110243

📧 Email:
buildframe.digitalsystem@gmail.com

BuildFrame — Built & Tailored for Your Business.","construction/content-creators-specialized-contractors-services.png"
"content-creator-construction-suppliers-building-materials-04","Construction Suppliers & Building Materials","content-creator","🎥 TEACH ONE USEFUL THING — CONSTRUCTION SUPPLIERS & BUILDING MATERIALS

Your team already knows things your customers want to understand — like material uses, selection tips and product differences.

One simple tip or explanation can become useful content that keeps your business visible and shows real experience.

BuildFrame can help turn real day-to-day work into organized website, portfolio and social media content — without making your business feel like it has to become a full-time media company.

SHARE WHAT YOU KNOW. HELP PEOPLE REMEMBER WHO YOU ARE.

#EducationalContent #Expertise #Constructionsuppliersbuildingmaterials #ContentCreators #ConstructionVloggers #BuildFrame

🏗️ Ready to build a better way of doing business?

BuildFrame helps businesses strengthen their online presence, reach more customers, organize everyday work, and build simple systems around the way they already operate.

🌐 BuildFrame Business Software:
https://buildframe-business-software.pages.dev/

🛠️ See Our Work — Portfolio:
https://myportfolio.buildframe-digitalsystem.workers.dev/

📘 Follow BuildFrame on Facebook:
https://www.facebook.com/buildframebusinessoperatingsystem/

💬 WhatsApp:
https://wa.me/639760110243

📧 Email:
buildframe.digitalsystem@gmail.com

BuildFrame — Built & Tailored for Your Business.","construction/content-creators-specialized-contractors-services.png"
"content-creator-aggregates-anapog-filling-materials-04","Aggregates, Anapog & Filling Materials","content-creator","🎥 TEACH ONE USEFUL THING — AGGREGATES, ANAPOG & FILLING MATERIALS

Your team already knows things your customers want to understand — like where aggregates, anapog and filling materials are used and how buyers choose.

One simple tip or explanation can become useful content that keeps your business visible and shows real experience.

BuildFrame can help turn real day-to-day work into organized website, portfolio and social media content — without making your business feel like it has to become a full-time media company.

SHARE WHAT YOU KNOW. HELP PEOPLE REMEMBER WHO YOU ARE.

#EducationalContent #Expertise #Aggregatesanapogfillingmaterials #ContentCreators #ConstructionVloggers #BuildFrame

🏗️ Ready to build a better way of doing business?

BuildFrame helps businesses strengthen their online presence, reach more customers, organize everyday work, and build simple systems around the way they already operate.

🌐 BuildFrame Business Software:
https://buildframe-business-software.pages.dev/

🛠️ See Our Work — Portfolio:
https://myportfolio.buildframe-digitalsystem.workers.dev/

📘 Follow BuildFrame on Facebook:
https://www.facebook.com/buildframebusinessoperatingsystem/

💬 WhatsApp:
https://wa.me/639760110243

📧 Email:
buildframe.digitalsystem@gmail.com

BuildFrame — Built & Tailored for Your Business.","construction/content-creators-professional-services.png"
"content-creator-property-management-04","Property Management","content-creator","🎥 TEACH ONE USEFUL THING — PROPERTY MANAGEMENT

Your team already knows things your customers want to understand — like property care, maintenance planning and common owner concerns.

One simple tip or explanation can become useful content that keeps your business visible and shows real experience.

BuildFrame can help turn real day-to-day work into organized website, portfolio and social media content — without making your business feel like it has to become a full-time media company.

SHARE WHAT YOU KNOW. HELP PEOPLE REMEMBER WHO YOU ARE.

#EducationalContent #Expertise #Propertymanagement #ContentCreators #ConstructionVloggers #BuildFrame

🏗️ Ready to build a better way of doing business?

BuildFrame helps businesses strengthen their online presence, reach more customers, organize everyday work, and build simple systems around the way they already operate.

🌐 BuildFrame Business Software:
https://buildframe-business-software.pages.dev/

🛠️ See Our Work — Portfolio:
https://myportfolio.buildframe-digitalsystem.workers.dev/

📘 Follow BuildFrame on Facebook:
https://www.facebook.com/buildframebusinessoperatingsystem/

💬 WhatsApp:
https://wa.me/639760110243

📧 Email:
buildframe.digitalsystem@gmail.com

BuildFrame — Built & Tailored for Your Business.","construction/content-creators-professional-services.png"
"content-creator-engineering-services-04","Engineering Services","content-creator","🎥 TEACH ONE USEFUL THING — ENGINEERING SERVICES

Your team already knows things your customers want to understand — like engineering decisions, site observations and practical project knowledge.

One simple tip or explanation can become useful content that keeps your business visible and shows real experience.

BuildFrame can help turn real day-to-day work into organized website, portfolio and social media content — without making your business feel like it has to become a full-time media company.

SHARE WHAT YOU KNOW. HELP PEOPLE REMEMBER WHO YOU ARE.

#EducationalContent #Expertise #Engineeringservices #ContentCreators #ConstructionVloggers #BuildFrame

🏗️ Ready to build a better way of doing business?

BuildFrame helps businesses strengthen their online presence, reach more customers, organize everyday work, and build simple systems around the way they already operate.

🌐 BuildFrame Business Software:
https://buildframe-business-software.pages.dev/

🛠️ See Our Work — Portfolio:
https://myportfolio.buildframe-digitalsystem.workers.dev/

📘 Follow BuildFrame on Facebook:
https://www.facebook.com/buildframebusinessoperatingsystem/

💬 WhatsApp:
https://wa.me/639760110243

📧 Email:
buildframe.digitalsystem@gmail.com

BuildFrame — Built & Tailored for Your Business.","construction/content-creators-professional-services.png"
"content-creator-architectural-design-services-04","Architectural & Design Services","content-creator","🎥 TEACH ONE USEFUL THING — ARCHITECTURAL & DESIGN SERVICES

Your team already knows things your customers want to understand — like design thinking, planning decisions and how ideas become real spaces.

One simple tip or explanation can become useful content that keeps your business visible and shows real experience.

BuildFrame can help turn real day-to-day work into organized website, portfolio and social media content — without making your business feel like it has to become a full-time media company.

SHARE WHAT YOU KNOW. HELP PEOPLE REMEMBER WHO YOU ARE.

#EducationalContent #Expertise #Architecturaldesignservices #ContentCreators #ConstructionVloggers #BuildFrame

🏗️ Ready to build a better way of doing business?

BuildFrame helps businesses strengthen their online presence, reach more customers, organize everyday work, and build simple systems around the way they already operate.

🌐 BuildFrame Business Software:
https://buildframe-business-software.pages.dev/

🛠️ See Our Work — Portfolio:
https://myportfolio.buildframe-digitalsystem.workers.dev/

📘 Follow BuildFrame on Facebook:
https://www.facebook.com/buildframebusinessoperatingsystem/

💬 WhatsApp:
https://wa.me/639760110243

📧 Email:
buildframe.digitalsystem@gmail.com

BuildFrame — Built & Tailored for Your Business.","construction/content-creators-professional-services.png"
"content-creator-specialty-subcontractors-trade-specialists-04","Specialty Subcontractors & Trade Specialists","content-creator","🎥 TEACH ONE USEFUL THING — SPECIALTY SUBCONTRACTORS & TRADE SPECIALISTS

Your team already knows things your customers want to understand — like specialist techniques, project coordination and trade expertise.

One simple tip or explanation can become useful content that keeps your business visible and shows real experience.

BuildFrame can help turn real day-to-day work into organized website, portfolio and social media content — without making your business feel like it has to become a full-time media company.

SHARE WHAT YOU KNOW. HELP PEOPLE REMEMBER WHO YOU ARE.

#EducationalContent #Expertise #Specialtysubcontractorstradespecialists #ContentCreators #ConstructionVloggers #BuildFrame

🏗️ Ready to build a better way of doing business?

BuildFrame helps businesses strengthen their online presence, reach more customers, organize everyday work, and build simple systems around the way they already operate.

🌐 BuildFrame Business Software:
https://buildframe-business-software.pages.dev/

🛠️ See Our Work — Portfolio:
https://myportfolio.buildframe-digitalsystem.workers.dev/

📘 Follow BuildFrame on Facebook:
https://www.facebook.com/buildframebusinessoperatingsystem/

💬 WhatsApp:
https://wa.me/639760110243

📧 Email:
buildframe.digitalsystem@gmail.com

BuildFrame — Built & Tailored for Your Business.","construction/content-creators-professional-services.png"
"content-creator-emergency-repair-construction-services-04","Emergency Repair & Construction Services","content-creator","🎥 TEACH ONE USEFUL THING — EMERGENCY REPAIR & CONSTRUCTION SERVICES

Your team already knows things your customers want to understand — like warning signs, emergency response and what property owners should do next.

One simple tip or explanation can become useful content that keeps your business visible and shows real experience.

BuildFrame can help turn real day-to-day work into organized website, portfolio and social media content — without making your business feel like it has to become a full-time media company.

SHARE WHAT YOU KNOW. HELP PEOPLE REMEMBER WHO YOU ARE.

#EducationalContent #Expertise #Emergencyrepairconstructionservices #ContentCreators #ConstructionVloggers #BuildFrame

🏗️ Ready to build a better way of doing business?

BuildFrame helps businesses strengthen their online presence, reach more customers, organize everyday work, and build simple systems around the way they already operate.

🌐 BuildFrame Business Software:
https://buildframe-business-software.pages.dev/

🛠️ See Our Work — Portfolio:
https://myportfolio.buildframe-digitalsystem.workers.dev/

📘 Follow BuildFrame on Facebook:
https://www.facebook.com/buildframebusinessoperatingsystem/

💬 WhatsApp:
https://wa.me/639760110243

📧 Email:
buildframe.digitalsystem@gmail.com

BuildFrame — Built & Tailored for Your Business.","construction/content-creators-professional-services.png"
"content-creator-general-contractors-05","General Contractors","content-creator","🎥 SHOW HOW IT'S DONE — GENERAL CONTRACTORS

A real process can be more interesting than a polished advertisement. Show part of project sites, crews and completed builds.

A short step-by-step clip or photo series can turn ordinary project work into content people can understand and remember.

BuildFrame can help turn real day-to-day work into organized website, portfolio and social media content — without making your business feel like it has to become a full-time media company.

REAL PROCESS. REAL SKILL. REAL CONTENT.

#HowItsDone #Workmanship #Generalcontractors #ContentCreators #ConstructionVloggers #BuildFrame

🏗️ Ready to build a better way of doing business?

BuildFrame helps businesses strengthen their online presence, reach more customers, organize everyday work, and build simple systems around the way they already operate.

🌐 BuildFrame Business Software:
https://buildframe-business-software.pages.dev/

🛠️ See Our Work — Portfolio:
https://myportfolio.buildframe-digitalsystem.workers.dev/

📘 Follow BuildFrame on Facebook:
https://www.facebook.com/buildframebusinessoperatingsystem/

💬 WhatsApp:
https://wa.me/639760110243

📧 Email:
buildframe.digitalsystem@gmail.com

BuildFrame — Built & Tailored for Your Business.","construction/content-creators-core-construction-trades.png"
"content-creator-roofing-contractors-05","Roofing Contractors","content-creator","🎥 SHOW HOW IT'S DONE — ROOFING CONTRACTORS

A real process can be more interesting than a polished advertisement. Show part of roof installations, repairs and before-and-after transformations.

A short step-by-step clip or photo series can turn ordinary project work into content people can understand and remember.

BuildFrame can help turn real day-to-day work into organized website, portfolio and social media content — without making your business feel like it has to become a full-time media company.

REAL PROCESS. REAL SKILL. REAL CONTENT.

#HowItsDone #Workmanship #Roofingcontractors #ContentCreators #ConstructionVloggers #BuildFrame

🏗️ Ready to build a better way of doing business?

BuildFrame helps businesses strengthen their online presence, reach more customers, organize everyday work, and build simple systems around the way they already operate.

🌐 BuildFrame Business Software:
https://buildframe-business-software.pages.dev/

🛠️ See Our Work — Portfolio:
https://myportfolio.buildframe-digitalsystem.workers.dev/

📘 Follow BuildFrame on Facebook:
https://www.facebook.com/buildframebusinessoperatingsystem/

💬 WhatsApp:
https://wa.me/639760110243

📧 Email:
buildframe.digitalsystem@gmail.com

BuildFrame — Built & Tailored for Your Business.","construction/content-creators-core-construction-trades.png"
"content-creator-electrical-contractors-05","Electrical Contractors","content-creator","🎥 SHOW HOW IT'S DONE — ELECTRICAL CONTRACTORS

A real process can be more interesting than a polished advertisement. Show part of electrical installations, panel work and site progress.

A short step-by-step clip or photo series can turn ordinary project work into content people can understand and remember.

BuildFrame can help turn real day-to-day work into organized website, portfolio and social media content — without making your business feel like it has to become a full-time media company.

REAL PROCESS. REAL SKILL. REAL CONTENT.

#HowItsDone #Workmanship #Electricalcontractors #ContentCreators #ConstructionVloggers #BuildFrame

🏗️ Ready to build a better way of doing business?

BuildFrame helps businesses strengthen their online presence, reach more customers, organize everyday work, and build simple systems around the way they already operate.

🌐 BuildFrame Business Software:
https://buildframe-business-software.pages.dev/

🛠️ See Our Work — Portfolio:
https://myportfolio.buildframe-digitalsystem.workers.dev/

📘 Follow BuildFrame on Facebook:
https://www.facebook.com/buildframebusinessoperatingsystem/

💬 WhatsApp:
https://wa.me/639760110243

📧 Email:
buildframe.digitalsystem@gmail.com

BuildFrame — Built & Tailored for Your Business.","construction/content-creators-core-construction-trades.png"
"content-creator-plumbing-contractors-05","Plumbing Contractors","content-creator","🎥 SHOW HOW IT'S DONE — PLUMBING CONTRACTORS

A real process can be more interesting than a polished advertisement. Show part of pipe installations, repairs and problem-solving.

A short step-by-step clip or photo series can turn ordinary project work into content people can understand and remember.

BuildFrame can help turn real day-to-day work into organized website, portfolio and social media content — without making your business feel like it has to become a full-time media company.

REAL PROCESS. REAL SKILL. REAL CONTENT.

#HowItsDone #Workmanship #Plumbingcontractors #ContentCreators #ConstructionVloggers #BuildFrame

🏗️ Ready to build a better way of doing business?

BuildFrame helps businesses strengthen their online presence, reach more customers, organize everyday work, and build simple systems around the way they already operate.

🌐 BuildFrame Business Software:
https://buildframe-business-software.pages.dev/

🛠️ See Our Work — Portfolio:
https://myportfolio.buildframe-digitalsystem.workers.dev/

📘 Follow BuildFrame on Facebook:
https://www.facebook.com/buildframebusinessoperatingsystem/

💬 WhatsApp:
https://wa.me/639760110243

📧 Email:
buildframe.digitalsystem@gmail.com

BuildFrame — Built & Tailored for Your Business.","construction/content-creators-core-construction-trades.png"
"content-creator-hvac-contractors-05","HVAC Contractors","content-creator","🎥 SHOW HOW IT'S DONE — HVAC CONTRACTORS

A real process can be more interesting than a polished advertisement. Show part of air-conditioning installations, servicing and maintenance.

A short step-by-step clip or photo series can turn ordinary project work into content people can understand and remember.

BuildFrame can help turn real day-to-day work into organized website, portfolio and social media content — without making your business feel like it has to become a full-time media company.

REAL PROCESS. REAL SKILL. REAL CONTENT.

#HowItsDone #Workmanship #Hvaccontractors #ContentCreators #ConstructionVloggers #BuildFrame

🏗️ Ready to build a better way of doing business?

BuildFrame helps businesses strengthen their online presence, reach more customers, organize everyday work, and build simple systems around the way they already operate.

🌐 BuildFrame Business Software:
https://buildframe-business-software.pages.dev/

🛠️ See Our Work — Portfolio:
https://myportfolio.buildframe-digitalsystem.workers.dev/

📘 Follow BuildFrame on Facebook:
https://www.facebook.com/buildframebusinessoperatingsystem/

💬 WhatsApp:
https://wa.me/639760110243

📧 Email:
buildframe.digitalsystem@gmail.com

BuildFrame — Built & Tailored for Your Business.","construction/content-creators-core-construction-trades.png"
"content-creator-renovation-remodeling-05","Renovation & Remodeling","content-creator","🎥 SHOW HOW IT'S DONE — RENOVATION & REMODELING

A real process can be more interesting than a polished advertisement. Show part of room transformations, renovation progress and finished spaces.

A short step-by-step clip or photo series can turn ordinary project work into content people can understand and remember.

BuildFrame can help turn real day-to-day work into organized website, portfolio and social media content — without making your business feel like it has to become a full-time media company.

REAL PROCESS. REAL SKILL. REAL CONTENT.

#HowItsDone #Workmanship #Renovationremodeling #ContentCreators #ConstructionVloggers #BuildFrame

🏗️ Ready to build a better way of doing business?

BuildFrame helps businesses strengthen their online presence, reach more customers, organize everyday work, and build simple systems around the way they already operate.

🌐 BuildFrame Business Software:
https://buildframe-business-software.pages.dev/

🛠️ See Our Work — Portfolio:
https://myportfolio.buildframe-digitalsystem.workers.dev/

📘 Follow BuildFrame on Facebook:
https://www.facebook.com/buildframebusinessoperatingsystem/

💬 WhatsApp:
https://wa.me/639760110243

📧 Email:
buildframe.digitalsystem@gmail.com

BuildFrame — Built & Tailored for Your Business.","construction/content-creators-core-construction-trades.png"
"content-creator-handyman-property-maintenance-05","Handyman & Property Maintenance","content-creator","🎥 SHOW HOW IT'S DONE — HANDYMAN & PROPERTY MAINTENANCE

A real process can be more interesting than a polished advertisement. Show part of everyday repairs, maintenance visits and property improvements.

A short step-by-step clip or photo series can turn ordinary project work into content people can understand and remember.

BuildFrame can help turn real day-to-day work into organized website, portfolio and social media content — without making your business feel like it has to become a full-time media company.

REAL PROCESS. REAL SKILL. REAL CONTENT.

#HowItsDone #Workmanship #Handymanpropertymaintenance #ContentCreators #ConstructionVloggers #BuildFrame

🏗️ Ready to build a better way of doing business?

BuildFrame helps businesses strengthen their online presence, reach more customers, organize everyday work, and build simple systems around the way they already operate.

🌐 BuildFrame Business Software:
https://buildframe-business-software.pages.dev/

🛠️ See Our Work — Portfolio:
https://myportfolio.buildframe-digitalsystem.workers.dev/

📘 Follow BuildFrame on Facebook:
https://www.facebook.com/buildframebusinessoperatingsystem/

💬 WhatsApp:
https://wa.me/639760110243

📧 Email:
buildframe.digitalsystem@gmail.com

BuildFrame — Built & Tailored for Your Business.","construction/content-creators-core-construction-trades.png"
"content-creator-tiling-flooring-contractors-05","Tiling & Flooring Contractors","content-creator","🎥 SHOW HOW IT'S DONE — TILING & FLOORING CONTRACTORS

A real process can be more interesting than a polished advertisement. Show part of floor preparation, tile setting, patterns and finished floors.

A short step-by-step clip or photo series can turn ordinary project work into content people can understand and remember.

BuildFrame can help turn real day-to-day work into organized website, portfolio and social media content — without making your business feel like it has to become a full-time media company.

REAL PROCESS. REAL SKILL. REAL CONTENT.

#HowItsDone #Workmanship #Tilingflooringcontractors #ContentCreators #ConstructionVloggers #BuildFrame

🏗️ Ready to build a better way of doing business?

BuildFrame helps businesses strengthen their online presence, reach more customers, organize everyday work, and build simple systems around the way they already operate.

🌐 BuildFrame Business Software:
https://buildframe-business-software.pages.dev/

🛠️ See Our Work — Portfolio:
https://myportfolio.buildframe-digitalsystem.workers.dev/

📘 Follow BuildFrame on Facebook:
https://www.facebook.com/buildframebusinessoperatingsystem/

💬 WhatsApp:
https://wa.me/639760110243

📧 Email:
buildframe.digitalsystem@gmail.com

BuildFrame — Built & Tailored for Your Business.","construction/content-creators-specialized-contractors-services.png"
"content-creator-landscaping-contractors-05","Landscaping Contractors","content-creator","🎥 SHOW HOW IT'S DONE — LANDSCAPING CONTRACTORS

A real process can be more interesting than a polished advertisement. Show part of garden transformations, planting, hardscaping and outdoor spaces.

A short step-by-step clip or photo series can turn ordinary project work into content people can understand and remember.

BuildFrame can help turn real day-to-day work into organized website, portfolio and social media content — without making your business feel like it has to become a full-time media company.

REAL PROCESS. REAL SKILL. REAL CONTENT.

#HowItsDone #Workmanship #Landscapingcontractors #ContentCreators #ConstructionVloggers #BuildFrame

🏗️ Ready to build a better way of doing business?

BuildFrame helps businesses strengthen their online presence, reach more customers, organize everyday work, and build simple systems around the way they already operate.

🌐 BuildFrame Business Software:
https://buildframe-business-software.pages.dev/

🛠️ See Our Work — Portfolio:
https://myportfolio.buildframe-digitalsystem.workers.dev/

📘 Follow BuildFrame on Facebook:
https://www.facebook.com/buildframebusinessoperatingsystem/

💬 WhatsApp:
https://wa.me/639760110243

📧 Email:
buildframe.digitalsystem@gmail.com

BuildFrame — Built & Tailored for Your Business.","construction/content-creators-specialized-contractors-services.png"
"content-creator-metal-fabrication-05","Metal Fabrication","content-creator","🎥 SHOW HOW IT'S DONE — METAL FABRICATION

A real process can be more interesting than a polished advertisement. Show part of cutting, welding, fabrication and finished metalwork.

A short step-by-step clip or photo series can turn ordinary project work into content people can understand and remember.

BuildFrame can help turn real day-to-day work into organized website, portfolio and social media content — without making your business feel like it has to become a full-time media company.

REAL PROCESS. REAL SKILL. REAL CONTENT.

#HowItsDone #Workmanship #Metalfabrication #ContentCreators #ConstructionVloggers #BuildFrame

🏗️ Ready to build a better way of doing business?

BuildFrame helps businesses strengthen their online presence, reach more customers, organize everyday work, and build simple systems around the way they already operate.

🌐 BuildFrame Business Software:
https://buildframe-business-software.pages.dev/

🛠️ See Our Work — Portfolio:
https://myportfolio.buildframe-digitalsystem.workers.dev/

📘 Follow BuildFrame on Facebook:
https://www.facebook.com/buildframebusinessoperatingsystem/

💬 WhatsApp:
https://wa.me/639760110243

📧 Email:
buildframe.digitalsystem@gmail.com

BuildFrame — Built & Tailored for Your Business.","construction/content-creators-specialized-contractors-services.png"
"content-creator-glass-aluminum-contractors-05","Glass & Aluminum Contractors","content-creator","🎥 SHOW HOW IT'S DONE — GLASS & ALUMINUM CONTRACTORS

A real process can be more interesting than a polished advertisement. Show part of window, door, partition and facade installations.

A short step-by-step clip or photo series can turn ordinary project work into content people can understand and remember.

BuildFrame can help turn real day-to-day work into organized website, portfolio and social media content — without making your business feel like it has to become a full-time media company.

REAL PROCESS. REAL SKILL. REAL CONTENT.

#HowItsDone #Workmanship #Glassaluminumcontractors #ContentCreators #ConstructionVloggers #BuildFrame

🏗️ Ready to build a better way of doing business?

BuildFrame helps businesses strengthen their online presence, reach more customers, organize everyday work, and build simple systems around the way they already operate.

🌐 BuildFrame Business Software:
https://buildframe-business-software.pages.dev/

🛠️ See Our Work — Portfolio:
https://myportfolio.buildframe-digitalsystem.workers.dev/

📘 Follow BuildFrame on Facebook:
https://www.facebook.com/buildframebusinessoperatingsystem/

💬 WhatsApp:
https://wa.me/639760110243

📧 Email:
buildframe.digitalsystem@gmail.com

BuildFrame — Built & Tailored for Your Business.","construction/content-creators-specialized-contractors-services.png"
"content-creator-woodworking-carpentry-05","Woodworking & Carpentry","content-creator","🎥 SHOW HOW IT'S DONE — WOODWORKING & CARPENTRY

A real process can be more interesting than a polished advertisement. Show part of custom furniture, cabinetry, joinery and installation.

A short step-by-step clip or photo series can turn ordinary project work into content people can understand and remember.

BuildFrame can help turn real day-to-day work into organized website, portfolio and social media content — without making your business feel like it has to become a full-time media company.

REAL PROCESS. REAL SKILL. REAL CONTENT.

#HowItsDone #Workmanship #Woodworkingcarpentry #ContentCreators #ConstructionVloggers #BuildFrame

🏗️ Ready to build a better way of doing business?

BuildFrame helps businesses strengthen their online presence, reach more customers, organize everyday work, and build simple systems around the way they already operate.

🌐 BuildFrame Business Software:
https://buildframe-business-software.pages.dev/

🛠️ See Our Work — Portfolio:
https://myportfolio.buildframe-digitalsystem.workers.dev/

📘 Follow BuildFrame on Facebook:
https://www.facebook.com/buildframebusinessoperatingsystem/

💬 WhatsApp:
https://wa.me/639760110243

📧 Email:
buildframe.digitalsystem@gmail.com

BuildFrame — Built & Tailored for Your Business.","construction/content-creators-specialized-contractors-services.png"
"content-creator-solar-installation-contractors-05","Solar Installation Contractors","content-creator","🎥 SHOW HOW IT'S DONE — SOLAR INSTALLATION CONTRACTORS

A real process can be more interesting than a polished advertisement. Show part of solar site checks, panel installation and completed systems.

A short step-by-step clip or photo series can turn ordinary project work into content people can understand and remember.

BuildFrame can help turn real day-to-day work into organized website, portfolio and social media content — without making your business feel like it has to become a full-time media company.

REAL PROCESS. REAL SKILL. REAL CONTENT.

#HowItsDone #Workmanship #Solarinstallationcontractors #ContentCreators #ConstructionVloggers #BuildFrame

🏗️ Ready to build a better way of doing business?

BuildFrame helps businesses strengthen their online presence, reach more customers, organize everyday work, and build simple systems around the way they already operate.

🌐 BuildFrame Business Software:
https://buildframe-business-software.pages.dev/

🛠️ See Our Work — Portfolio:
https://myportfolio.buildframe-digitalsystem.workers.dev/

📘 Follow BuildFrame on Facebook:
https://www.facebook.com/buildframebusinessoperatingsystem/

💬 WhatsApp:
https://wa.me/639760110243

📧 Email:
buildframe.digitalsystem@gmail.com

BuildFrame — Built & Tailored for Your Business.","construction/content-creators-specialized-contractors-services.png"
"content-creator-construction-suppliers-building-materials-05","Construction Suppliers & Building Materials","content-creator","🎥 SHOW HOW IT'S DONE — CONSTRUCTION SUPPLIERS & BUILDING MATERIALS

A real process can be more interesting than a polished advertisement. Show part of new materials, deliveries, stock and products used on real projects.

A short step-by-step clip or photo series can turn ordinary project work into content people can understand and remember.

BuildFrame can help turn real day-to-day work into organized website, portfolio and social media content — without making your business feel like it has to become a full-time media company.

REAL PROCESS. REAL SKILL. REAL CONTENT.

#HowItsDone #Workmanship #Constructionsuppliersbuildingmaterials #ContentCreators #ConstructionVloggers #BuildFrame

🏗️ Ready to build a better way of doing business?

BuildFrame helps businesses strengthen their online presence, reach more customers, organize everyday work, and build simple systems around the way they already operate.

🌐 BuildFrame Business Software:
https://buildframe-business-software.pages.dev/

🛠️ See Our Work — Portfolio:
https://myportfolio.buildframe-digitalsystem.workers.dev/

📘 Follow BuildFrame on Facebook:
https://www.facebook.com/buildframebusinessoperatingsystem/

💬 WhatsApp:
https://wa.me/639760110243

📧 Email:
buildframe.digitalsystem@gmail.com

BuildFrame — Built & Tailored for Your Business.","construction/content-creators-specialized-contractors-services.png"
"content-creator-aggregates-anapog-filling-materials-05","Aggregates, Anapog & Filling Materials","content-creator","🎥 SHOW HOW IT'S DONE — AGGREGATES, ANAPOG & FILLING MATERIALS

A real process can be more interesting than a polished advertisement. Show part of loading, deliveries, stockpiles and materials arriving on site.

A short step-by-step clip or photo series can turn ordinary project work into content people can understand and remember.

BuildFrame can help turn real day-to-day work into organized website, portfolio and social media content — without making your business feel like it has to become a full-time media company.

REAL PROCESS. REAL SKILL. REAL CONTENT.

#HowItsDone #Workmanship #Aggregatesanapogfillingmaterials #ContentCreators #ConstructionVloggers #BuildFrame

🏗️ Ready to build a better way of doing business?

BuildFrame helps businesses strengthen their online presence, reach more customers, organize everyday work, and build simple systems around the way they already operate.

🌐 BuildFrame Business Software:
https://buildframe-business-software.pages.dev/

🛠️ See Our Work — Portfolio:
https://myportfolio.buildframe-digitalsystem.workers.dev/

📘 Follow BuildFrame on Facebook:
https://www.facebook.com/buildframebusinessoperatingsystem/

💬 WhatsApp:
https://wa.me/639760110243

📧 Email:
buildframe.digitalsystem@gmail.com

BuildFrame — Built & Tailored for Your Business.","construction/content-creators-professional-services.png"
"content-creator-property-management-05","Property Management","content-creator","🎥 SHOW HOW IT'S DONE — PROPERTY MANAGEMENT

A real process can be more interesting than a polished advertisement. Show part of property inspections, maintenance, improvements and day-to-day operations.

A short step-by-step clip or photo series can turn ordinary project work into content people can understand and remember.

BuildFrame can help turn real day-to-day work into organized website, portfolio and social media content — without making your business feel like it has to become a full-time media company.

REAL PROCESS. REAL SKILL. REAL CONTENT.

#HowItsDone #Workmanship #Propertymanagement #ContentCreators #ConstructionVloggers #BuildFrame

🏗️ Ready to build a better way of doing business?

BuildFrame helps businesses strengthen their online presence, reach more customers, organize everyday work, and build simple systems around the way they already operate.

🌐 BuildFrame Business Software:
https://buildframe-business-software.pages.dev/

🛠️ See Our Work — Portfolio:
https://myportfolio.buildframe-digitalsystem.workers.dev/

📘 Follow BuildFrame on Facebook:
https://www.facebook.com/buildframebusinessoperatingsystem/

💬 WhatsApp:
https://wa.me/639760110243

📧 Email:
buildframe.digitalsystem@gmail.com

BuildFrame — Built & Tailored for Your Business.","construction/content-creators-professional-services.png"
"content-creator-engineering-services-05","Engineering Services","content-creator","🎥 SHOW HOW IT'S DONE — ENGINEERING SERVICES

A real process can be more interesting than a polished advertisement. Show part of site inspections, project milestones and engineering work in action.

A short step-by-step clip or photo series can turn ordinary project work into content people can understand and remember.

BuildFrame can help turn real day-to-day work into organized website, portfolio and social media content — without making your business feel like it has to become a full-time media company.

REAL PROCESS. REAL SKILL. REAL CONTENT.

#HowItsDone #Workmanship #Engineeringservices #ContentCreators #ConstructionVloggers #BuildFrame

🏗️ Ready to build a better way of doing business?

BuildFrame helps businesses strengthen their online presence, reach more customers, organize everyday work, and build simple systems around the way they already operate.

🌐 BuildFrame Business Software:
https://buildframe-business-software.pages.dev/

🛠️ See Our Work — Portfolio:
https://myportfolio.buildframe-digitalsystem.workers.dev/

📘 Follow BuildFrame on Facebook:
https://www.facebook.com/buildframebusinessoperatingsystem/

💬 WhatsApp:
https://wa.me/639760110243

📧 Email:
buildframe.digitalsystem@gmail.com

BuildFrame — Built & Tailored for Your Business.","construction/content-creators-professional-services.png"
"content-creator-architectural-design-services-05","Architectural & Design Services","content-creator","🎥 SHOW HOW IT'S DONE — ARCHITECTURAL & DESIGN SERVICES

A real process can be more interesting than a polished advertisement. Show part of sketches, design development, site visits and finished spaces.

A short step-by-step clip or photo series can turn ordinary project work into content people can understand and remember.

BuildFrame can help turn real day-to-day work into organized website, portfolio and social media content — without making your business feel like it has to become a full-time media company.

REAL PROCESS. REAL SKILL. REAL CONTENT.

#HowItsDone #Workmanship #Architecturaldesignservices #ContentCreators #ConstructionVloggers #BuildFrame

🏗️ Ready to build a better way of doing business?

BuildFrame helps businesses strengthen their online presence, reach more customers, organize everyday work, and build simple systems around the way they already operate.

🌐 BuildFrame Business Software:
https://buildframe-business-software.pages.dev/

🛠️ See Our Work — Portfolio:
https://myportfolio.buildframe-digitalsystem.workers.dev/

📘 Follow BuildFrame on Facebook:
https://www.facebook.com/buildframebusinessoperatingsystem/

💬 WhatsApp:
https://wa.me/639760110243

📧 Email:
buildframe.digitalsystem@gmail.com

BuildFrame — Built & Tailored for Your Business.","construction/content-creators-professional-services.png"
"content-creator-specialty-subcontractors-trade-specialists-05","Specialty Subcontractors & Trade Specialists","content-creator","🎥 SHOW HOW IT'S DONE — SPECIALTY SUBCONTRACTORS & TRADE SPECIALISTS

A real process can be more interesting than a polished advertisement. Show part of specialized installations, trade skills and work most people rarely see.

A short step-by-step clip or photo series can turn ordinary project work into content people can understand and remember.

BuildFrame can help turn real day-to-day work into organized website, portfolio and social media content — without making your business feel like it has to become a full-time media company.

REAL PROCESS. REAL SKILL. REAL CONTENT.

#HowItsDone #Workmanship #Specialtysubcontractorstradespecialists #ContentCreators #ConstructionVloggers #BuildFrame

🏗️ Ready to build a better way of doing business?

BuildFrame helps businesses strengthen their online presence, reach more customers, organize everyday work, and build simple systems around the way they already operate.

🌐 BuildFrame Business Software:
https://buildframe-business-software.pages.dev/

🛠️ See Our Work — Portfolio:
https://myportfolio.buildframe-digitalsystem.workers.dev/

📘 Follow BuildFrame on Facebook:
https://www.facebook.com/buildframebusinessoperatingsystem/

💬 WhatsApp:
https://wa.me/639760110243

📧 Email:
buildframe.digitalsystem@gmail.com

BuildFrame — Built & Tailored for Your Business.","construction/content-creators-professional-services.png"
"content-creator-emergency-repair-construction-services-05","Emergency Repair & Construction Services","content-creator","🎥 SHOW HOW IT'S DONE — EMERGENCY REPAIR & CONSTRUCTION SERVICES

A real process can be more interesting than a polished advertisement. Show part of urgent repairs, before-and-after fixes and crews solving real problems.

A short step-by-step clip or photo series can turn ordinary project work into content people can understand and remember.

BuildFrame can help turn real day-to-day work into organized website, portfolio and social media content — without making your business feel like it has to become a full-time media company.

REAL PROCESS. REAL SKILL. REAL CONTENT.

#HowItsDone #Workmanship #Emergencyrepairconstructionservices #ContentCreators #ConstructionVloggers #BuildFrame

🏗️ Ready to build a better way of doing business?

BuildFrame helps businesses strengthen their online presence, reach more customers, organize everyday work, and build simple systems around the way they already operate.

🌐 BuildFrame Business Software:
https://buildframe-business-software.pages.dev/

🛠️ See Our Work — Portfolio:
https://myportfolio.buildframe-digitalsystem.workers.dev/

📘 Follow BuildFrame on Facebook:
https://www.facebook.com/buildframebusinessoperatingsystem/

💬 WhatsApp:
https://wa.me/639760110243

📧 Email:
buildframe.digitalsystem@gmail.com

BuildFrame — Built & Tailored for Your Business.","construction/content-creators-professional-services.png"
"content-creator-general-contractors-06","General Contractors","content-creator","🎥 ANSWER A QUESTION CUSTOMERS KEEP ASKING — GENERAL CONTRACTORS

Think about the questions customers repeatedly ask about how different trades come together to complete a project.

Answer one question clearly in a short post or video. Helpful answers can build familiarity before a customer ever contacts you.

BuildFrame can help turn real day-to-day work into organized website, portfolio and social media content — without making your business feel like it has to become a full-time media company.

ONE CUSTOMER QUESTION CAN BECOME ONE USEFUL POST.

#CustomerQuestions #HelpfulContent #Generalcontractors #ContentCreators #ConstructionVloggers #BuildFrame

🏗️ Ready to build a better way of doing business?

BuildFrame helps businesses strengthen their online presence, reach more customers, organize everyday work, and build simple systems around the way they already operate.

🌐 BuildFrame Business Software:
https://buildframe-business-software.pages.dev/

🛠️ See Our Work — Portfolio:
https://myportfolio.buildframe-digitalsystem.workers.dev/

📘 Follow BuildFrame on Facebook:
https://www.facebook.com/buildframebusinessoperatingsystem/

💬 WhatsApp:
https://wa.me/639760110243

📧 Email:
buildframe.digitalsystem@gmail.com

BuildFrame — Built & Tailored for Your Business.","construction/content-creators-core-construction-trades.png"
"content-creator-roofing-contractors-06","Roofing Contractors","content-creator","🎥 ANSWER A QUESTION CUSTOMERS KEEP ASKING — ROOFING CONTRACTORS

Think about the questions customers repeatedly ask about roof warning signs, materials and proper installation.

Answer one question clearly in a short post or video. Helpful answers can build familiarity before a customer ever contacts you.

BuildFrame can help turn real day-to-day work into organized website, portfolio and social media content — without making your business feel like it has to become a full-time media company.

ONE CUSTOMER QUESTION CAN BECOME ONE USEFUL POST.

#CustomerQuestions #HelpfulContent #Roofingcontractors #ContentCreators #ConstructionVloggers #BuildFrame

🏗️ Ready to build a better way of doing business?

BuildFrame helps businesses strengthen their online presence, reach more customers, organize everyday work, and build simple systems around the way they already operate.

🌐 BuildFrame Business Software:
https://buildframe-business-software.pages.dev/

🛠️ See Our Work — Portfolio:
https://myportfolio.buildframe-digitalsystem.workers.dev/

📘 Follow BuildFrame on Facebook:
https://www.facebook.com/buildframebusinessoperatingsystem/

💬 WhatsApp:
https://wa.me/639760110243

📧 Email:
buildframe.digitalsystem@gmail.com

BuildFrame — Built & Tailored for Your Business.","construction/content-creators-core-construction-trades.png"
"content-creator-electrical-contractors-06","Electrical Contractors","content-creator","🎥 ANSWER A QUESTION CUSTOMERS KEEP ASKING — ELECTRICAL CONTRACTORS

Think about the questions customers repeatedly ask about electrical safety, planning and the work hidden behind finished walls.

Answer one question clearly in a short post or video. Helpful answers can build familiarity before a customer ever contacts you.

BuildFrame can help turn real day-to-day work into organized website, portfolio and social media content — without making your business feel like it has to become a full-time media company.

ONE CUSTOMER QUESTION CAN BECOME ONE USEFUL POST.

#CustomerQuestions #HelpfulContent #Electricalcontractors #ContentCreators #ConstructionVloggers #BuildFrame

🏗️ Ready to build a better way of doing business?

BuildFrame helps businesses strengthen their online presence, reach more customers, organize everyday work, and build simple systems around the way they already operate.

🌐 BuildFrame Business Software:
https://buildframe-business-software.pages.dev/

🛠️ See Our Work — Portfolio:
https://myportfolio.buildframe-digitalsystem.workers.dev/

📘 Follow BuildFrame on Facebook:
https://www.facebook.com/buildframebusinessoperatingsystem/

💬 WhatsApp:
https://wa.me/639760110243

📧 Email:
buildframe.digitalsystem@gmail.com

BuildFrame — Built & Tailored for Your Business.","construction/content-creators-core-construction-trades.png"
"content-creator-plumbing-contractors-06","Plumbing Contractors","content-creator","🎥 ANSWER A QUESTION CUSTOMERS KEEP ASKING — PLUMBING CONTRACTORS

Think about the questions customers repeatedly ask about leak warning signs, plumbing care and how systems work.

Answer one question clearly in a short post or video. Helpful answers can build familiarity before a customer ever contacts you.

BuildFrame can help turn real day-to-day work into organized website, portfolio and social media content — without making your business feel like it has to become a full-time media company.

ONE CUSTOMER QUESTION CAN BECOME ONE USEFUL POST.

#CustomerQuestions #HelpfulContent #Plumbingcontractors #ContentCreators #ConstructionVloggers #BuildFrame

🏗️ Ready to build a better way of doing business?

BuildFrame helps businesses strengthen their online presence, reach more customers, organize everyday work, and build simple systems around the way they already operate.

🌐 BuildFrame Business Software:
https://buildframe-business-software.pages.dev/

🛠️ See Our Work — Portfolio:
https://myportfolio.buildframe-digitalsystem.workers.dev/

📘 Follow BuildFrame on Facebook:
https://www.facebook.com/buildframebusinessoperatingsystem/

💬 WhatsApp:
https://wa.me/639760110243

📧 Email:
buildframe.digitalsystem@gmail.com

BuildFrame — Built & Tailored for Your Business.","construction/content-creators-core-construction-trades.png"
"content-creator-hvac-contractors-06","HVAC Contractors","content-creator","🎥 ANSWER A QUESTION CUSTOMERS KEEP ASKING — HVAC CONTRACTORS

Think about the questions customers repeatedly ask about comfort, maintenance tips and signs an HVAC system needs attention.

Answer one question clearly in a short post or video. Helpful answers can build familiarity before a customer ever contacts you.

BuildFrame can help turn real day-to-day work into organized website, portfolio and social media content — without making your business feel like it has to become a full-time media company.

ONE CUSTOMER QUESTION CAN BECOME ONE USEFUL POST.

#CustomerQuestions #HelpfulContent #Hvaccontractors #ContentCreators #ConstructionVloggers #BuildFrame

🏗️ Ready to build a better way of doing business?

BuildFrame helps businesses strengthen their online presence, reach more customers, organize everyday work, and build simple systems around the way they already operate.

🌐 BuildFrame Business Software:
https://buildframe-business-software.pages.dev/

🛠️ See Our Work — Portfolio:
https://myportfolio.buildframe-digitalsystem.workers.dev/

📘 Follow BuildFrame on Facebook:
https://www.facebook.com/buildframebusinessoperatingsystem/

💬 WhatsApp:
https://wa.me/639760110243

📧 Email:
buildframe.digitalsystem@gmail.com

BuildFrame — Built & Tailored for Your Business.","construction/content-creators-core-construction-trades.png"
"content-creator-renovation-remodeling-06","Renovation & Remodeling","content-creator","🎥 ANSWER A QUESTION CUSTOMERS KEEP ASKING — RENOVATION & REMODELING

Think about the questions customers repeatedly ask about planning renovations, solving old-space problems and transformation choices.

Answer one question clearly in a short post or video. Helpful answers can build familiarity before a customer ever contacts you.

BuildFrame can help turn real day-to-day work into organized website, portfolio and social media content — without making your business feel like it has to become a full-time media company.

ONE CUSTOMER QUESTION CAN BECOME ONE USEFUL POST.

#CustomerQuestions #HelpfulContent #Renovationremodeling #ContentCreators #ConstructionVloggers #BuildFrame

🏗️ Ready to build a better way of doing business?

BuildFrame helps businesses strengthen their online presence, reach more customers, organize everyday work, and build simple systems around the way they already operate.

🌐 BuildFrame Business Software:
https://buildframe-business-software.pages.dev/

🛠️ See Our Work — Portfolio:
https://myportfolio.buildframe-digitalsystem.workers.dev/

📘 Follow BuildFrame on Facebook:
https://www.facebook.com/buildframebusinessoperatingsystem/

💬 WhatsApp:
https://wa.me/639760110243

📧 Email:
buildframe.digitalsystem@gmail.com

BuildFrame — Built & Tailored for Your Business.","construction/content-creators-core-construction-trades.png"
"content-creator-handyman-property-maintenance-06","Handyman & Property Maintenance","content-creator","🎥 ANSWER A QUESTION CUSTOMERS KEEP ASKING — HANDYMAN & PROPERTY MAINTENANCE

Think about the questions customers repeatedly ask about simple maintenance tips and problems owners should not ignore.

Answer one question clearly in a short post or video. Helpful answers can build familiarity before a customer ever contacts you.

BuildFrame can help turn real day-to-day work into organized website, portfolio and social media content — without making your business feel like it has to become a full-time media company.

ONE CUSTOMER QUESTION CAN BECOME ONE USEFUL POST.

#CustomerQuestions #HelpfulContent #Handymanpropertymaintenance #ContentCreators #ConstructionVloggers #BuildFrame

🏗️ Ready to build a better way of doing business?

BuildFrame helps businesses strengthen their online presence, reach more customers, organize everyday work, and build simple systems around the way they already operate.

🌐 BuildFrame Business Software:
https://buildframe-business-software.pages.dev/

🛠️ See Our Work — Portfolio:
https://myportfolio.buildframe-digitalsystem.workers.dev/

📘 Follow BuildFrame on Facebook:
https://www.facebook.com/buildframebusinessoperatingsystem/

💬 WhatsApp:
https://wa.me/639760110243

📧 Email:
buildframe.digitalsystem@gmail.com

BuildFrame — Built & Tailored for Your Business.","construction/content-creators-core-construction-trades.png"
"content-creator-tiling-flooring-contractors-06","Tiling & Flooring Contractors","content-creator","🎥 ANSWER A QUESTION CUSTOMERS KEEP ASKING — TILING & FLOORING CONTRACTORS

Think about the questions customers repeatedly ask about material choices, preparation and details behind a clean finish.

Answer one question clearly in a short post or video. Helpful answers can build familiarity before a customer ever contacts you.

BuildFrame can help turn real day-to-day work into organized website, portfolio and social media content — without making your business feel like it has to become a full-time media company.

ONE CUSTOMER QUESTION CAN BECOME ONE USEFUL POST.

#CustomerQuestions #HelpfulContent #Tilingflooringcontractors #ContentCreators #ConstructionVloggers #BuildFrame

🏗️ Ready to build a better way of doing business?

BuildFrame helps businesses strengthen their online presence, reach more customers, organize everyday work, and build simple systems around the way they already operate.

🌐 BuildFrame Business Software:
https://buildframe-business-software.pages.dev/

🛠️ See Our Work — Portfolio:
https://myportfolio.buildframe-digitalsystem.workers.dev/

📘 Follow BuildFrame on Facebook:
https://www.facebook.com/buildframebusinessoperatingsystem/

💬 WhatsApp:
https://wa.me/639760110243

📧 Email:
buildframe.digitalsystem@gmail.com

BuildFrame — Built & Tailored for Your Business.","construction/content-creators-specialized-contractors-services.png"
"content-creator-landscaping-contractors-06","Landscaping Contractors","content-creator","🎥 ANSWER A QUESTION CUSTOMERS KEEP ASKING — LANDSCAPING CONTRACTORS

Think about the questions customers repeatedly ask about plant care, landscape planning and outdoor maintenance.

Answer one question clearly in a short post or video. Helpful answers can build familiarity before a customer ever contacts you.

BuildFrame can help turn real day-to-day work into organized website, portfolio and social media content — without making your business feel like it has to become a full-time media company.

ONE CUSTOMER QUESTION CAN BECOME ONE USEFUL POST.

#CustomerQuestions #HelpfulContent #Landscapingcontractors #ContentCreators #ConstructionVloggers #BuildFrame

🏗️ Ready to build a better way of doing business?

BuildFrame helps businesses strengthen their online presence, reach more customers, organize everyday work, and build simple systems around the way they already operate.

🌐 BuildFrame Business Software:
https://buildframe-business-software.pages.dev/

🛠️ See Our Work — Portfolio:
https://myportfolio.buildframe-digitalsystem.workers.dev/

📘 Follow BuildFrame on Facebook:
https://www.facebook.com/buildframebusinessoperatingsystem/

💬 WhatsApp:
https://wa.me/639760110243

📧 Email:
buildframe.digitalsystem@gmail.com

BuildFrame — Built & Tailored for Your Business.","construction/content-creators-specialized-contractors-services.png"
"content-creator-metal-fabrication-06","Metal Fabrication","content-creator","🎥 ANSWER A QUESTION CUSTOMERS KEEP ASKING — METAL FABRICATION

Think about the questions customers repeatedly ask about fabrication processes, material choices and craftsmanship.

Answer one question clearly in a short post or video. Helpful answers can build familiarity before a customer ever contacts you.

BuildFrame can help turn real day-to-day work into organized website, portfolio and social media content — without making your business feel like it has to become a full-time media company.

ONE CUSTOMER QUESTION CAN BECOME ONE USEFUL POST.

#CustomerQuestions #HelpfulContent #Metalfabrication #ContentCreators #ConstructionVloggers #BuildFrame

🏗️ Ready to build a better way of doing business?

BuildFrame helps businesses strengthen their online presence, reach more customers, organize everyday work, and build simple systems around the way they already operate.

🌐 BuildFrame Business Software:
https://buildframe-business-software.pages.dev/

🛠️ See Our Work — Portfolio:
https://myportfolio.buildframe-digitalsystem.workers.dev/

📘 Follow BuildFrame on Facebook:
https://www.facebook.com/buildframebusinessoperatingsystem/

💬 WhatsApp:
https://wa.me/639760110243

📧 Email:
buildframe.digitalsystem@gmail.com

BuildFrame — Built & Tailored for Your Business.","construction/content-creators-specialized-contractors-services.png"
"content-creator-glass-aluminum-contractors-06","Glass & Aluminum Contractors","content-creator","🎥 ANSWER A QUESTION CUSTOMERS KEEP ASKING — GLASS & ALUMINUM CONTRACTORS

Think about the questions customers repeatedly ask about glass and aluminum choices, measurements and installation details.

Answer one question clearly in a short post or video. Helpful answers can build familiarity before a customer ever contacts you.

BuildFrame can help turn real day-to-day work into organized website, portfolio and social media content — without making your business feel like it has to become a full-time media company.

ONE CUSTOMER QUESTION CAN BECOME ONE USEFUL POST.

#CustomerQuestions #HelpfulContent #Glassaluminumcontractors #ContentCreators #ConstructionVloggers #BuildFrame

🏗️ Ready to build a better way of doing business?

BuildFrame helps businesses strengthen their online presence, reach more customers, organize everyday work, and build simple systems around the way they already operate.

🌐 BuildFrame Business Software:
https://buildframe-business-software.pages.dev/

🛠️ See Our Work — Portfolio:
https://myportfolio.buildframe-digitalsystem.workers.dev/

📘 Follow BuildFrame on Facebook:
https://www.facebook.com/buildframebusinessoperatingsystem/

💬 WhatsApp:
https://wa.me/639760110243

📧 Email:
buildframe.digitalsystem@gmail.com

BuildFrame — Built & Tailored for Your Business.","construction/content-creators-specialized-contractors-services.png"
"content-creator-woodworking-carpentry-06","Woodworking & Carpentry","content-creator","🎥 ANSWER A QUESTION CUSTOMERS KEEP ASKING — WOODWORKING & CARPENTRY

Think about the questions customers repeatedly ask about wood choices, craftsmanship and how custom pieces are made.

Answer one question clearly in a short post or video. Helpful answers can build familiarity before a customer ever contacts you.

BuildFrame can help turn real day-to-day work into organized website, portfolio and social media content — without making your business feel like it has to become a full-time media company.

ONE CUSTOMER QUESTION CAN BECOME ONE USEFUL POST.

#CustomerQuestions #HelpfulContent #Woodworkingcarpentry #ContentCreators #ConstructionVloggers #BuildFrame

🏗️ Ready to build a better way of doing business?

BuildFrame helps businesses strengthen their online presence, reach more customers, organize everyday work, and build simple systems around the way they already operate.

🌐 BuildFrame Business Software:
https://buildframe-business-software.pages.dev/

🛠️ See Our Work — Portfolio:
https://myportfolio.buildframe-digitalsystem.workers.dev/

📘 Follow BuildFrame on Facebook:
https://www.facebook.com/buildframebusinessoperatingsystem/

💬 WhatsApp:
https://wa.me/639760110243

📧 Email:
buildframe.digitalsystem@gmail.com

BuildFrame — Built & Tailored for Your Business.","construction/content-creators-specialized-contractors-services.png"
"content-creator-solar-installation-contractors-06","Solar Installation Contractors","content-creator","🎥 ANSWER A QUESTION CUSTOMERS KEEP ASKING — SOLAR INSTALLATION CONTRACTORS

Think about the questions customers repeatedly ask about solar basics, system planning and what customers should know.

Answer one question clearly in a short post or video. Helpful answers can build familiarity before a customer ever contacts you.

BuildFrame can help turn real day-to-day work into organized website, portfolio and social media content — without making your business feel like it has to become a full-time media company.

ONE CUSTOMER QUESTION CAN BECOME ONE USEFUL POST.

#CustomerQuestions #HelpfulContent #Solarinstallationcontractors #ContentCreators #ConstructionVloggers #BuildFrame

🏗️ Ready to build a better way of doing business?

BuildFrame helps businesses strengthen their online presence, reach more customers, organize everyday work, and build simple systems around the way they already operate.

🌐 BuildFrame Business Software:
https://buildframe-business-software.pages.dev/

🛠️ See Our Work — Portfolio:
https://myportfolio.buildframe-digitalsystem.workers.dev/

📘 Follow BuildFrame on Facebook:
https://www.facebook.com/buildframebusinessoperatingsystem/

💬 WhatsApp:
https://wa.me/639760110243

📧 Email:
buildframe.digitalsystem@gmail.com

BuildFrame — Built & Tailored for Your Business.","construction/content-creators-specialized-contractors-services.png"
"content-creator-construction-suppliers-building-materials-06","Construction Suppliers & Building Materials","content-creator","🎥 ANSWER A QUESTION CUSTOMERS KEEP ASKING — CONSTRUCTION SUPPLIERS & BUILDING MATERIALS

Think about the questions customers repeatedly ask about material uses, selection tips and product differences.

Answer one question clearly in a short post or video. Helpful answers can build familiarity before a customer ever contacts you.

BuildFrame can help turn real day-to-day work into organized website, portfolio and social media content — without making your business feel like it has to become a full-time media company.

ONE CUSTOMER QUESTION CAN BECOME ONE USEFUL POST.

#CustomerQuestions #HelpfulContent #Constructionsuppliersbuildingmaterials #ContentCreators #ConstructionVloggers #BuildFrame

🏗️ Ready to build a better way of doing business?

BuildFrame helps businesses strengthen their online presence, reach more customers, organize everyday work, and build simple systems around the way they already operate.

🌐 BuildFrame Business Software:
https://buildframe-business-software.pages.dev/

🛠️ See Our Work — Portfolio:
https://myportfolio.buildframe-digitalsystem.workers.dev/

📘 Follow BuildFrame on Facebook:
https://www.facebook.com/buildframebusinessoperatingsystem/

💬 WhatsApp:
https://wa.me/639760110243

📧 Email:
buildframe.digitalsystem@gmail.com

BuildFrame — Built & Tailored for Your Business.","construction/content-creators-specialized-contractors-services.png"
"content-creator-aggregates-anapog-filling-materials-06","Aggregates, Anapog & Filling Materials","content-creator","🎥 ANSWER A QUESTION CUSTOMERS KEEP ASKING — AGGREGATES, ANAPOG & FILLING MATERIALS

Think about the questions customers repeatedly ask about where aggregates, anapog and filling materials are used and how buyers choose.

Answer one question clearly in a short post or video. Helpful answers can build familiarity before a customer ever contacts you.

BuildFrame can help turn real day-to-day work into organized website, portfolio and social media content — without making your business feel like it has to become a full-time media company.

ONE CUSTOMER QUESTION CAN BECOME ONE USEFUL POST.

#CustomerQuestions #HelpfulContent #Aggregatesanapogfillingmaterials #ContentCreators #ConstructionVloggers #BuildFrame

🏗️ Ready to build a better way of doing business?

BuildFrame helps businesses strengthen their online presence, reach more customers, organize everyday work, and build simple systems around the way they already operate.

🌐 BuildFrame Business Software:
https://buildframe-business-software.pages.dev/

🛠️ See Our Work — Portfolio:
https://myportfolio.buildframe-digitalsystem.workers.dev/

📘 Follow BuildFrame on Facebook:
https://www.facebook.com/buildframebusinessoperatingsystem/

💬 WhatsApp:
https://wa.me/639760110243

📧 Email:
buildframe.digitalsystem@gmail.com

BuildFrame — Built & Tailored for Your Business.","construction/content-creators-professional-services.png"
"content-creator-property-management-06","Property Management","content-creator","🎥 ANSWER A QUESTION CUSTOMERS KEEP ASKING — PROPERTY MANAGEMENT

Think about the questions customers repeatedly ask about property care, maintenance planning and common owner concerns.

Answer one question clearly in a short post or video. Helpful answers can build familiarity before a customer ever contacts you.

BuildFrame can help turn real day-to-day work into organized website, portfolio and social media content — without making your business feel like it has to become a full-time media company.

ONE CUSTOMER QUESTION CAN BECOME ONE USEFUL POST.

#CustomerQuestions #HelpfulContent #Propertymanagement #ContentCreators #ConstructionVloggers #BuildFrame

🏗️ Ready to build a better way of doing business?

BuildFrame helps businesses strengthen their online presence, reach more customers, organize everyday work, and build simple systems around the way they already operate.

🌐 BuildFrame Business Software:
https://buildframe-business-software.pages.dev/

🛠️ See Our Work — Portfolio:
https://myportfolio.buildframe-digitalsystem.workers.dev/

📘 Follow BuildFrame on Facebook:
https://www.facebook.com/buildframebusinessoperatingsystem/

💬 WhatsApp:
https://wa.me/639760110243

📧 Email:
buildframe.digitalsystem@gmail.com

BuildFrame — Built & Tailored for Your Business.","construction/content-creators-professional-services.png"
"content-creator-engineering-services-06","Engineering Services","content-creator","🎥 ANSWER A QUESTION CUSTOMERS KEEP ASKING — ENGINEERING SERVICES

Think about the questions customers repeatedly ask about engineering decisions, site observations and practical project knowledge.

Answer one question clearly in a short post or video. Helpful answers can build familiarity before a customer ever contacts you.

BuildFrame can help turn real day-to-day work into organized website, portfolio and social media content — without making your business feel like it has to become a full-time media company.

ONE CUSTOMER QUESTION CAN BECOME ONE USEFUL POST.

#CustomerQuestions #HelpfulContent #Engineeringservices #ContentCreators #ConstructionVloggers #BuildFrame

🏗️ Ready to build a better way of doing business?

BuildFrame helps businesses strengthen their online presence, reach more customers, organize everyday work, and build simple systems around the way they already operate.

🌐 BuildFrame Business Software:
https://buildframe-business-software.pages.dev/

🛠️ See Our Work — Portfolio:
https://myportfolio.buildframe-digitalsystem.workers.dev/

📘 Follow BuildFrame on Facebook:
https://www.facebook.com/buildframebusinessoperatingsystem/

💬 WhatsApp:
https://wa.me/639760110243

📧 Email:
buildframe.digitalsystem@gmail.com

BuildFrame — Built & Tailored for Your Business.","construction/content-creators-professional-services.png"
"content-creator-architectural-design-services-06","Architectural & Design Services","content-creator","🎥 ANSWER A QUESTION CUSTOMERS KEEP ASKING — ARCHITECTURAL & DESIGN SERVICES

Think about the questions customers repeatedly ask about design thinking, planning decisions and how ideas become real spaces.

Answer one question clearly in a short post or video. Helpful answers can build familiarity before a customer ever contacts you.

BuildFrame can help turn real day-to-day work into organized website, portfolio and social media content — without making your business feel like it has to become a full-time media company.

ONE CUSTOMER QUESTION CAN BECOME ONE USEFUL POST.

#CustomerQuestions #HelpfulContent #Architecturaldesignservices #ContentCreators #ConstructionVloggers #BuildFrame

🏗️ Ready to build a better way of doing business?

BuildFrame helps businesses strengthen their online presence, reach more customers, organize everyday work, and build simple systems around the way they already operate.

🌐 BuildFrame Business Software:
https://buildframe-business-software.pages.dev/

🛠️ See Our Work — Portfolio:
https://myportfolio.buildframe-digitalsystem.workers.dev/

📘 Follow BuildFrame on Facebook:
https://www.facebook.com/buildframebusinessoperatingsystem/

💬 WhatsApp:
https://wa.me/639760110243

📧 Email:
buildframe.digitalsystem@gmail.com

BuildFrame — Built & Tailored for Your Business.","construction/content-creators-professional-services.png"
"content-creator-specialty-subcontractors-trade-specialists-06","Specialty Subcontractors & Trade Specialists","content-creator","🎥 ANSWER A QUESTION CUSTOMERS KEEP ASKING — SPECIALTY SUBCONTRACTORS & TRADE SPECIALISTS

Think about the questions customers repeatedly ask about specialist techniques, project coordination and trade expertise.

Answer one question clearly in a short post or video. Helpful answers can build familiarity before a customer ever contacts you.

BuildFrame can help turn real day-to-day work into organized website, portfolio and social media content — without making your business feel like it has to become a full-time media company.

ONE CUSTOMER QUESTION CAN BECOME ONE USEFUL POST.

#CustomerQuestions #HelpfulContent #Specialtysubcontractorstradespecialists #ContentCreators #ConstructionVloggers #BuildFrame

🏗️ Ready to build a better way of doing business?

BuildFrame helps businesses strengthen their online presence, reach more customers, organize everyday work, and build simple systems around the way they already operate.

🌐 BuildFrame Business Software:
https://buildframe-business-software.pages.dev/

🛠️ See Our Work — Portfolio:
https://myportfolio.buildframe-digitalsystem.workers.dev/

📘 Follow BuildFrame on Facebook:
https://www.facebook.com/buildframebusinessoperatingsystem/

💬 WhatsApp:
https://wa.me/639760110243

📧 Email:
buildframe.digitalsystem@gmail.com

BuildFrame — Built & Tailored for Your Business.","construction/content-creators-professional-services.png"
"content-creator-emergency-repair-construction-services-06","Emergency Repair & Construction Services","content-creator","🎥 ANSWER A QUESTION CUSTOMERS KEEP ASKING — EMERGENCY REPAIR & CONSTRUCTION SERVICES

Think about the questions customers repeatedly ask about warning signs, emergency response and what property owners should do next.

Answer one question clearly in a short post or video. Helpful answers can build familiarity before a customer ever contacts you.

BuildFrame can help turn real day-to-day work into organized website, portfolio and social media content — without making your business feel like it has to become a full-time media company.

ONE CUSTOMER QUESTION CAN BECOME ONE USEFUL POST.

#CustomerQuestions #HelpfulContent #Emergencyrepairconstructionservices #ContentCreators #ConstructionVloggers #BuildFrame

🏗️ Ready to build a better way of doing business?

BuildFrame helps businesses strengthen their online presence, reach more customers, organize everyday work, and build simple systems around the way they already operate.

🌐 BuildFrame Business Software:
https://buildframe-business-software.pages.dev/

🛠️ See Our Work — Portfolio:
https://myportfolio.buildframe-digitalsystem.workers.dev/

📘 Follow BuildFrame on Facebook:
https://www.facebook.com/buildframebusinessoperatingsystem/

💬 WhatsApp:
https://wa.me/639760110243

📧 Email:
buildframe.digitalsystem@gmail.com

BuildFrame — Built & Tailored for Your Business.","construction/content-creators-professional-services.png"
"content-creator-general-contractors-07","General Contractors","content-creator","🎥 DOCUMENT THE PROJECT JOURNEY — GENERAL CONTRACTORS

Don't wait until the project is finished. Share appropriate milestones from project sites, crews and completed builds.

Progress content gives people a reason to follow along and creates a useful record you can later reuse on your website, portfolio or social pages.

BuildFrame can help turn real day-to-day work into organized website, portfolio and social media content — without making your business feel like it has to become a full-time media company.

LET PEOPLE FOLLOW THE WORK AS IT TAKES SHAPE.

#ProjectProgress #ProjectStory #Generalcontractors #ContentCreators #ConstructionVloggers #BuildFrame

🏗️ Ready to build a better way of doing business?

BuildFrame helps businesses strengthen their online presence, reach more customers, organize everyday work, and build simple systems around the way they already operate.

🌐 BuildFrame Business Software:
https://buildframe-business-software.pages.dev/

🛠️ See Our Work — Portfolio:
https://myportfolio.buildframe-digitalsystem.workers.dev/

📘 Follow BuildFrame on Facebook:
https://www.facebook.com/buildframebusinessoperatingsystem/

💬 WhatsApp:
https://wa.me/639760110243

📧 Email:
buildframe.digitalsystem@gmail.com

BuildFrame — Built & Tailored for Your Business.","construction/content-creators-core-construction-trades.png"
"content-creator-roofing-contractors-07","Roofing Contractors","content-creator","🎥 DOCUMENT THE PROJECT JOURNEY — ROOFING CONTRACTORS

Don't wait until the project is finished. Share appropriate milestones from roof installations, repairs and before-and-after transformations.

Progress content gives people a reason to follow along and creates a useful record you can later reuse on your website, portfolio or social pages.

BuildFrame can help turn real day-to-day work into organized website, portfolio and social media content — without making your business feel like it has to become a full-time media company.

LET PEOPLE FOLLOW THE WORK AS IT TAKES SHAPE.

#ProjectProgress #ProjectStory #Roofingcontractors #ContentCreators #ConstructionVloggers #BuildFrame

🏗️ Ready to build a better way of doing business?

BuildFrame helps businesses strengthen their online presence, reach more customers, organize everyday work, and build simple systems around the way they already operate.

🌐 BuildFrame Business Software:
https://buildframe-business-software.pages.dev/

🛠️ See Our Work — Portfolio:
https://myportfolio.buildframe-digitalsystem.workers.dev/

📘 Follow BuildFrame on Facebook:
https://www.facebook.com/buildframebusinessoperatingsystem/

💬 WhatsApp:
https://wa.me/639760110243

📧 Email:
buildframe.digitalsystem@gmail.com

BuildFrame — Built & Tailored for Your Business.","construction/content-creators-core-construction-trades.png"
"content-creator-electrical-contractors-07","Electrical Contractors","content-creator","🎥 DOCUMENT THE PROJECT JOURNEY — ELECTRICAL CONTRACTORS

Don't wait until the project is finished. Share appropriate milestones from electrical installations, panel work and site progress.

Progress content gives people a reason to follow along and creates a useful record you can later reuse on your website, portfolio or social pages.

BuildFrame can help turn real day-to-day work into organized website, portfolio and social media content — without making your business feel like it has to become a full-time media company.

LET PEOPLE FOLLOW THE WORK AS IT TAKES SHAPE.

#ProjectProgress #ProjectStory #Electricalcontractors #ContentCreators #ConstructionVloggers #BuildFrame

🏗️ Ready to build a better way of doing business?

BuildFrame helps businesses strengthen their online presence, reach more customers, organize everyday work, and build simple systems around the way they already operate.

🌐 BuildFrame Business Software:
https://buildframe-business-software.pages.dev/

🛠️ See Our Work — Portfolio:
https://myportfolio.buildframe-digitalsystem.workers.dev/

📘 Follow BuildFrame on Facebook:
https://www.facebook.com/buildframebusinessoperatingsystem/

💬 WhatsApp:
https://wa.me/639760110243

📧 Email:
buildframe.digitalsystem@gmail.com

BuildFrame — Built & Tailored for Your Business.","construction/content-creators-core-construction-trades.png"
"content-creator-plumbing-contractors-07","Plumbing Contractors","content-creator","🎥 DOCUMENT THE PROJECT JOURNEY — PLUMBING CONTRACTORS

Don't wait until the project is finished. Share appropriate milestones from pipe installations, repairs and problem-solving.

Progress content gives people a reason to follow along and creates a useful record you can later reuse on your website, portfolio or social pages.

BuildFrame can help turn real day-to-day work into organized website, portfolio and social media content — without making your business feel like it has to become a full-time media company.

LET PEOPLE FOLLOW THE WORK AS IT TAKES SHAPE.

#ProjectProgress #ProjectStory #Plumbingcontractors #ContentCreators #ConstructionVloggers #BuildFrame

🏗️ Ready to build a better way of doing business?

BuildFrame helps businesses strengthen their online presence, reach more customers, organize everyday work, and build simple systems around the way they already operate.

🌐 BuildFrame Business Software:
https://buildframe-business-software.pages.dev/

🛠️ See Our Work — Portfolio:
https://myportfolio.buildframe-digitalsystem.workers.dev/

📘 Follow BuildFrame on Facebook:
https://www.facebook.com/buildframebusinessoperatingsystem/

💬 WhatsApp:
https://wa.me/639760110243

📧 Email:
buildframe.digitalsystem@gmail.com

BuildFrame — Built & Tailored for Your Business.","construction/content-creators-core-construction-trades.png"
"content-creator-hvac-contractors-07","HVAC Contractors","content-creator","🎥 DOCUMENT THE PROJECT JOURNEY — HVAC CONTRACTORS

Don't wait until the project is finished. Share appropriate milestones from air-conditioning installations, servicing and maintenance.

Progress content gives people a reason to follow along and creates a useful record you can later reuse on your website, portfolio or social pages.

BuildFrame can help turn real day-to-day work into organized website, portfolio and social media content — without making your business feel like it has to become a full-time media company.

LET PEOPLE FOLLOW THE WORK AS IT TAKES SHAPE.

#ProjectProgress #ProjectStory #Hvaccontractors #ContentCreators #ConstructionVloggers #BuildFrame

🏗️ Ready to build a better way of doing business?

BuildFrame helps businesses strengthen their online presence, reach more customers, organize everyday work, and build simple systems around the way they already operate.

🌐 BuildFrame Business Software:
https://buildframe-business-software.pages.dev/

🛠️ See Our Work — Portfolio:
https://myportfolio.buildframe-digitalsystem.workers.dev/

📘 Follow BuildFrame on Facebook:
https://www.facebook.com/buildframebusinessoperatingsystem/

💬 WhatsApp:
https://wa.me/639760110243

📧 Email:
buildframe.digitalsystem@gmail.com

BuildFrame — Built & Tailored for Your Business.","construction/content-creators-core-construction-trades.png"
"content-creator-renovation-remodeling-07","Renovation & Remodeling","content-creator","🎥 DOCUMENT THE PROJECT JOURNEY — RENOVATION & REMODELING

Don't wait until the project is finished. Share appropriate milestones from room transformations, renovation progress and finished spaces.

Progress content gives people a reason to follow along and creates a useful record you can later reuse on your website, portfolio or social pages.

BuildFrame can help turn real day-to-day work into organized website, portfolio and social media content — without making your business feel like it has to become a full-time media company.

LET PEOPLE FOLLOW THE WORK AS IT TAKES SHAPE.

#ProjectProgress #ProjectStory #Renovationremodeling #ContentCreators #ConstructionVloggers #BuildFrame

🏗️ Ready to build a better way of doing business?

BuildFrame helps businesses strengthen their online presence, reach more customers, organize everyday work, and build simple systems around the way they already operate.

🌐 BuildFrame Business Software:
https://buildframe-business-software.pages.dev/

🛠️ See Our Work — Portfolio:
https://myportfolio.buildframe-digitalsystem.workers.dev/

📘 Follow BuildFrame on Facebook:
https://www.facebook.com/buildframebusinessoperatingsystem/

💬 WhatsApp:
https://wa.me/639760110243

📧 Email:
buildframe.digitalsystem@gmail.com

BuildFrame — Built & Tailored for Your Business.","construction/content-creators-core-construction-trades.png"
"content-creator-handyman-property-maintenance-07","Handyman & Property Maintenance","content-creator","🎥 DOCUMENT THE PROJECT JOURNEY — HANDYMAN & PROPERTY MAINTENANCE

Don't wait until the project is finished. Share appropriate milestones from everyday repairs, maintenance visits and property improvements.

Progress content gives people a reason to follow along and creates a useful record you can later reuse on your website, portfolio or social pages.

BuildFrame can help turn real day-to-day work into organized website, portfolio and social media content — without making your business feel like it has to become a full-time media company.

LET PEOPLE FOLLOW THE WORK AS IT TAKES SHAPE.

#ProjectProgress #ProjectStory #Handymanpropertymaintenance #ContentCreators #ConstructionVloggers #BuildFrame

🏗️ Ready to build a better way of doing business?

BuildFrame helps businesses strengthen their online presence, reach more customers, organize everyday work, and build simple systems around the way they already operate.

🌐 BuildFrame Business Software:
https://buildframe-business-software.pages.dev/

🛠️ See Our Work — Portfolio:
https://myportfolio.buildframe-digitalsystem.workers.dev/

📘 Follow BuildFrame on Facebook:
https://www.facebook.com/buildframebusinessoperatingsystem/

💬 WhatsApp:
https://wa.me/639760110243

📧 Email:
buildframe.digitalsystem@gmail.com

BuildFrame — Built & Tailored for Your Business.","construction/content-creators-core-construction-trades.png"
"content-creator-tiling-flooring-contractors-07","Tiling & Flooring Contractors","content-creator","🎥 DOCUMENT THE PROJECT JOURNEY — TILING & FLOORING CONTRACTORS

Don't wait until the project is finished. Share appropriate milestones from floor preparation, tile setting, patterns and finished floors.

Progress content gives people a reason to follow along and creates a useful record you can later reuse on your website, portfolio or social pages.

BuildFrame can help turn real day-to-day work into organized website, portfolio and social media content — without making your business feel like it has to become a full-time media company.

LET PEOPLE FOLLOW THE WORK AS IT TAKES SHAPE.

#ProjectProgress #ProjectStory #Tilingflooringcontractors #ContentCreators #ConstructionVloggers #BuildFrame

🏗️ Ready to build a better way of doing business?

BuildFrame helps businesses strengthen their online presence, reach more customers, organize everyday work, and build simple systems around the way they already operate.

🌐 BuildFrame Business Software:
https://buildframe-business-software.pages.dev/

🛠️ See Our Work — Portfolio:
https://myportfolio.buildframe-digitalsystem.workers.dev/

📘 Follow BuildFrame on Facebook:
https://www.facebook.com/buildframebusinessoperatingsystem/

💬 WhatsApp:
https://wa.me/639760110243

📧 Email:
buildframe.digitalsystem@gmail.com

BuildFrame — Built & Tailored for Your Business.","construction/content-creators-specialized-contractors-services.png"
"content-creator-landscaping-contractors-07","Landscaping Contractors","content-creator","🎥 DOCUMENT THE PROJECT JOURNEY — LANDSCAPING CONTRACTORS

Don't wait until the project is finished. Share appropriate milestones from garden transformations, planting, hardscaping and outdoor spaces.

Progress content gives people a reason to follow along and creates a useful record you can later reuse on your website, portfolio or social pages.

BuildFrame can help turn real day-to-day work into organized website, portfolio and social media content — without making your business feel like it has to become a full-time media company.

LET PEOPLE FOLLOW THE WORK AS IT TAKES SHAPE.

#ProjectProgress #ProjectStory #Landscapingcontractors #ContentCreators #ConstructionVloggers #BuildFrame

🏗️ Ready to build a better way of doing business?

BuildFrame helps businesses strengthen their online presence, reach more customers, organize everyday work, and build simple systems around the way they already operate.

🌐 BuildFrame Business Software:
https://buildframe-business-software.pages.dev/

🛠️ See Our Work — Portfolio:
https://myportfolio.buildframe-digitalsystem.workers.dev/

📘 Follow BuildFrame on Facebook:
https://www.facebook.com/buildframebusinessoperatingsystem/

💬 WhatsApp:
https://wa.me/639760110243

📧 Email:
buildframe.digitalsystem@gmail.com

BuildFrame — Built & Tailored for Your Business.","construction/content-creators-specialized-contractors-services.png"
"content-creator-metal-fabrication-07","Metal Fabrication","content-creator","🎥 DOCUMENT THE PROJECT JOURNEY — METAL FABRICATION

Don't wait until the project is finished. Share appropriate milestones from cutting, welding, fabrication and finished metalwork.

Progress content gives people a reason to follow along and creates a useful record you can later reuse on your website, portfolio or social pages.

BuildFrame can help turn real day-to-day work into organized website, portfolio and social media content — without making your business feel like it has to become a full-time media company.

LET PEOPLE FOLLOW THE WORK AS IT TAKES SHAPE.

#ProjectProgress #ProjectStory #Metalfabrication #ContentCreators #ConstructionVloggers #BuildFrame

🏗️ Ready to build a better way of doing business?

BuildFrame helps businesses strengthen their online presence, reach more customers, organize everyday work, and build simple systems around the way they already operate.

🌐 BuildFrame Business Software:
https://buildframe-business-software.pages.dev/

🛠️ See Our Work — Portfolio:
https://myportfolio.buildframe-digitalsystem.workers.dev/

📘 Follow BuildFrame on Facebook:
https://www.facebook.com/buildframebusinessoperatingsystem/

💬 WhatsApp:
https://wa.me/639760110243

📧 Email:
buildframe.digitalsystem@gmail.com

BuildFrame — Built & Tailored for Your Business.","construction/content-creators-specialized-contractors-services.png"
"content-creator-glass-aluminum-contractors-07","Glass & Aluminum Contractors","content-creator","🎥 DOCUMENT THE PROJECT JOURNEY — GLASS & ALUMINUM CONTRACTORS

Don't wait until the project is finished. Share appropriate milestones from window, door, partition and facade installations.

Progress content gives people a reason to follow along and creates a useful record you can later reuse on your website, portfolio or social pages.

BuildFrame can help turn real day-to-day work into organized website, portfolio and social media content — without making your business feel like it has to become a full-time media company.

LET PEOPLE FOLLOW THE WORK AS IT TAKES SHAPE.

#ProjectProgress #ProjectStory #Glassaluminumcontractors #ContentCreators #ConstructionVloggers #BuildFrame

🏗️ Ready to build a better way of doing business?

BuildFrame helps businesses strengthen their online presence, reach more customers, organize everyday work, and build simple systems around the way they already operate.

🌐 BuildFrame Business Software:
https://buildframe-business-software.pages.dev/

🛠️ See Our Work — Portfolio:
https://myportfolio.buildframe-digitalsystem.workers.dev/

📘 Follow BuildFrame on Facebook:
https://www.facebook.com/buildframebusinessoperatingsystem/

💬 WhatsApp:
https://wa.me/639760110243

📧 Email:
buildframe.digitalsystem@gmail.com

BuildFrame — Built & Tailored for Your Business.","construction/content-creators-specialized-contractors-services.png"
"content-creator-woodworking-carpentry-07","Woodworking & Carpentry","content-creator","🎥 DOCUMENT THE PROJECT JOURNEY — WOODWORKING & CARPENTRY

Don't wait until the project is finished. Share appropriate milestones from custom furniture, cabinetry, joinery and installation.

Progress content gives people a reason to follow along and creates a useful record you can later reuse on your website, portfolio or social pages.

BuildFrame can help turn real day-to-day work into organized website, portfolio and social media content — without making your business feel like it has to become a full-time media company.

LET PEOPLE FOLLOW THE WORK AS IT TAKES SHAPE.

#ProjectProgress #ProjectStory #Woodworkingcarpentry #ContentCreators #ConstructionVloggers #BuildFrame

🏗️ Ready to build a better way of doing business?

BuildFrame helps businesses strengthen their online presence, reach more customers, organize everyday work, and build simple systems around the way they already operate.

🌐 BuildFrame Business Software:
https://buildframe-business-software.pages.dev/

🛠️ See Our Work — Portfolio:
https://myportfolio.buildframe-digitalsystem.workers.dev/

📘 Follow BuildFrame on Facebook:
https://www.facebook.com/buildframebusinessoperatingsystem/

💬 WhatsApp:
https://wa.me/639760110243

📧 Email:
buildframe.digitalsystem@gmail.com

BuildFrame — Built & Tailored for Your Business.","construction/content-creators-specialized-contractors-services.png"
"content-creator-solar-installation-contractors-07","Solar Installation Contractors","content-creator","🎥 DOCUMENT THE PROJECT JOURNEY — SOLAR INSTALLATION CONTRACTORS

Don't wait until the project is finished. Share appropriate milestones from solar site checks, panel installation and completed systems.

Progress content gives people a reason to follow along and creates a useful record you can later reuse on your website, portfolio or social pages.

BuildFrame can help turn real day-to-day work into organized website, portfolio and social media content — without making your business feel like it has to become a full-time media company.

LET PEOPLE FOLLOW THE WORK AS IT TAKES SHAPE.

#ProjectProgress #ProjectStory #Solarinstallationcontractors #ContentCreators #ConstructionVloggers #BuildFrame

🏗️ Ready to build a better way of doing business?

BuildFrame helps businesses strengthen their online presence, reach more customers, organize everyday work, and build simple systems around the way they already operate.

🌐 BuildFrame Business Software:
https://buildframe-business-software.pages.dev/

🛠️ See Our Work — Portfolio:
https://myportfolio.buildframe-digitalsystem.workers.dev/

📘 Follow BuildFrame on Facebook:
https://www.facebook.com/buildframebusinessoperatingsystem/

💬 WhatsApp:
https://wa.me/639760110243

📧 Email:
buildframe.digitalsystem@gmail.com

BuildFrame — Built & Tailored for Your Business.","construction/content-creators-specialized-contractors-services.png"
"content-creator-construction-suppliers-building-materials-07","Construction Suppliers & Building Materials","content-creator","🎥 DOCUMENT THE PROJECT JOURNEY — CONSTRUCTION SUPPLIERS & BUILDING MATERIALS

Don't wait until the project is finished. Share appropriate milestones from new materials, deliveries, stock and products used on real projects.

Progress content gives people a reason to follow along and creates a useful record you can later reuse on your website, portfolio or social pages.

BuildFrame can help turn real day-to-day work into organized website, portfolio and social media content — without making your business feel like it has to become a full-time media company.

LET PEOPLE FOLLOW THE WORK AS IT TAKES SHAPE.

#ProjectProgress #ProjectStory #Constructionsuppliersbuildingmaterials #ContentCreators #ConstructionVloggers #BuildFrame

🏗️ Ready to build a better way of doing business?

BuildFrame helps businesses strengthen their online presence, reach more customers, organize everyday work, and build simple systems around the way they already operate.

🌐 BuildFrame Business Software:
https://buildframe-business-software.pages.dev/

🛠️ See Our Work — Portfolio:
https://myportfolio.buildframe-digitalsystem.workers.dev/

📘 Follow BuildFrame on Facebook:
https://www.facebook.com/buildframebusinessoperatingsystem/

💬 WhatsApp:
https://wa.me/639760110243

📧 Email:
buildframe.digitalsystem@gmail.com

BuildFrame — Built & Tailored for Your Business.","construction/content-creators-specialized-contractors-services.png"
"content-creator-aggregates-anapog-filling-materials-07","Aggregates, Anapog & Filling Materials","content-creator","🎥 DOCUMENT THE PROJECT JOURNEY — AGGREGATES, ANAPOG & FILLING MATERIALS

Don't wait until the project is finished. Share appropriate milestones from loading, deliveries, stockpiles and materials arriving on site.

Progress content gives people a reason to follow along and creates a useful record you can later reuse on your website, portfolio or social pages.

BuildFrame can help turn real day-to-day work into organized website, portfolio and social media content — without making your business feel like it has to become a full-time media company.

LET PEOPLE FOLLOW THE WORK AS IT TAKES SHAPE.

#ProjectProgress #ProjectStory #Aggregatesanapogfillingmaterials #ContentCreators #ConstructionVloggers #BuildFrame

🏗️ Ready to build a better way of doing business?

BuildFrame helps businesses strengthen their online presence, reach more customers, organize everyday work, and build simple systems around the way they already operate.

🌐 BuildFrame Business Software:
https://buildframe-business-software.pages.dev/

🛠️ See Our Work — Portfolio:
https://myportfolio.buildframe-digitalsystem.workers.dev/

📘 Follow BuildFrame on Facebook:
https://www.facebook.com/buildframebusinessoperatingsystem/

💬 WhatsApp:
https://wa.me/639760110243

📧 Email:
buildframe.digitalsystem@gmail.com

BuildFrame — Built & Tailored for Your Business.","construction/content-creators-professional-services.png"
"content-creator-property-management-07","Property Management","content-creator","🎥 DOCUMENT THE PROJECT JOURNEY — PROPERTY MANAGEMENT

Don't wait until the project is finished. Share appropriate milestones from property inspections, maintenance, improvements and day-to-day operations.

Progress content gives people a reason to follow along and creates a useful record you can later reuse on your website, portfolio or social pages.

BuildFrame can help turn real day-to-day work into organized website, portfolio and social media content — without making your business feel like it has to become a full-time media company.

LET PEOPLE FOLLOW THE WORK AS IT TAKES SHAPE.

#ProjectProgress #ProjectStory #Propertymanagement #ContentCreators #ConstructionVloggers #BuildFrame

🏗️ Ready to build a better way of doing business?

BuildFrame helps businesses strengthen their online presence, reach more customers, organize everyday work, and build simple systems around the way they already operate.

🌐 BuildFrame Business Software:
https://buildframe-business-software.pages.dev/

🛠️ See Our Work — Portfolio:
https://myportfolio.buildframe-digitalsystem.workers.dev/

📘 Follow BuildFrame on Facebook:
https://www.facebook.com/buildframebusinessoperatingsystem/

💬 WhatsApp:
https://wa.me/639760110243

📧 Email:
buildframe.digitalsystem@gmail.com

BuildFrame — Built & Tailored for Your Business.","construction/content-creators-professional-services.png"
"content-creator-engineering-services-07","Engineering Services","content-creator","🎥 DOCUMENT THE PROJECT JOURNEY — ENGINEERING SERVICES

Don't wait until the project is finished. Share appropriate milestones from site inspections, project milestones and engineering work in action.

Progress content gives people a reason to follow along and creates a useful record you can later reuse on your website, portfolio or social pages.

BuildFrame can help turn real day-to-day work into organized website, portfolio and social media content — without making your business feel like it has to become a full-time media company.

LET PEOPLE FOLLOW THE WORK AS IT TAKES SHAPE.

#ProjectProgress #ProjectStory #Engineeringservices #ContentCreators #ConstructionVloggers #BuildFrame

🏗️ Ready to build a better way of doing business?

BuildFrame helps businesses strengthen their online presence, reach more customers, organize everyday work, and build simple systems around the way they already operate.

🌐 BuildFrame Business Software:
https://buildframe-business-software.pages.dev/

🛠️ See Our Work — Portfolio:
https://myportfolio.buildframe-digitalsystem.workers.dev/

📘 Follow BuildFrame on Facebook:
https://www.facebook.com/buildframebusinessoperatingsystem/

💬 WhatsApp:
https://wa.me/639760110243

📧 Email:
buildframe.digitalsystem@gmail.com

BuildFrame — Built & Tailored for Your Business.","construction/content-creators-professional-services.png"
"content-creator-architectural-design-services-07","Architectural & Design Services","content-creator","🎥 DOCUMENT THE PROJECT JOURNEY — ARCHITECTURAL & DESIGN SERVICES

Don't wait until the project is finished. Share appropriate milestones from sketches, design development, site visits and finished spaces.

Progress content gives people a reason to follow along and creates a useful record you can later reuse on your website, portfolio or social pages.

BuildFrame can help turn real day-to-day work into organized website, portfolio and social media content — without making your business feel like it has to become a full-time media company.

LET PEOPLE FOLLOW THE WORK AS IT TAKES SHAPE.

#ProjectProgress #ProjectStory #Architecturaldesignservices #ContentCreators #ConstructionVloggers #BuildFrame

🏗️ Ready to build a better way of doing business?

BuildFrame helps businesses strengthen their online presence, reach more customers, organize everyday work, and build simple systems around the way they already operate.

🌐 BuildFrame Business Software:
https://buildframe-business-software.pages.dev/

🛠️ See Our Work — Portfolio:
https://myportfolio.buildframe-digitalsystem.workers.dev/

📘 Follow BuildFrame on Facebook:
https://www.facebook.com/buildframebusinessoperatingsystem/

💬 WhatsApp:
https://wa.me/639760110243

📧 Email:
buildframe.digitalsystem@gmail.com

BuildFrame — Built & Tailored for Your Business.","construction/content-creators-professional-services.png"
"content-creator-specialty-subcontractors-trade-specialists-07","Specialty Subcontractors & Trade Specialists","content-creator","🎥 DOCUMENT THE PROJECT JOURNEY — SPECIALTY SUBCONTRACTORS & TRADE SPECIALISTS

Don't wait until the project is finished. Share appropriate milestones from specialized installations, trade skills and work most people rarely see.

Progress content gives people a reason to follow along and creates a useful record you can later reuse on your website, portfolio or social pages.

BuildFrame can help turn real day-to-day work into organized website, portfolio and social media content — without making your business feel like it has to become a full-time media company.

LET PEOPLE FOLLOW THE WORK AS IT TAKES SHAPE.

#ProjectProgress #ProjectStory #Specialtysubcontractorstradespecialists #ContentCreators #ConstructionVloggers #BuildFrame

🏗️ Ready to build a better way of doing business?

BuildFrame helps businesses strengthen their online presence, reach more customers, organize everyday work, and build simple systems around the way they already operate.

🌐 BuildFrame Business Software:
https://buildframe-business-software.pages.dev/

🛠️ See Our Work — Portfolio:
https://myportfolio.buildframe-digitalsystem.workers.dev/

📘 Follow BuildFrame on Facebook:
https://www.facebook.com/buildframebusinessoperatingsystem/

💬 WhatsApp:
https://wa.me/639760110243

📧 Email:
buildframe.digitalsystem@gmail.com

BuildFrame — Built & Tailored for Your Business.","construction/content-creators-professional-services.png"
"content-creator-emergency-repair-construction-services-07","Emergency Repair & Construction Services","content-creator","🎥 DOCUMENT THE PROJECT JOURNEY — EMERGENCY REPAIR & CONSTRUCTION SERVICES

Don't wait until the project is finished. Share appropriate milestones from urgent repairs, before-and-after fixes and crews solving real problems.

Progress content gives people a reason to follow along and creates a useful record you can later reuse on your website, portfolio or social pages.

BuildFrame can help turn real day-to-day work into organized website, portfolio and social media content — without making your business feel like it has to become a full-time media company.

LET PEOPLE FOLLOW THE WORK AS IT TAKES SHAPE.

#ProjectProgress #ProjectStory #Emergencyrepairconstructionservices #ContentCreators #ConstructionVloggers #BuildFrame

🏗️ Ready to build a better way of doing business?

BuildFrame helps businesses strengthen their online presence, reach more customers, organize everyday work, and build simple systems around the way they already operate.

🌐 BuildFrame Business Software:
https://buildframe-business-software.pages.dev/

🛠️ See Our Work — Portfolio:
https://myportfolio.buildframe-digitalsystem.workers.dev/

📘 Follow BuildFrame on Facebook:
https://www.facebook.com/buildframebusinessoperatingsystem/

💬 WhatsApp:
https://wa.me/639760110243

📧 Email:
buildframe.digitalsystem@gmail.com

BuildFrame — Built & Tailored for Your Business.","construction/content-creators-professional-services.png"
"content-creator-general-contractors-08","General Contractors","content-creator","🎥 LET COMPLETED WORK KEEP WORKING FOR YOU — GENERAL CONTRACTORS

The job may be finished, but content from project sites, crews and completed builds can keep introducing your business to new people.

A completed project can become a portfolio feature, social post, website example or future customer conversation.

BuildFrame can help turn real day-to-day work into organized website, portfolio and social media content — without making your business feel like it has to become a full-time media company.

FINISH THE PROJECT — NOT ITS ONLINE VALUE.

#CompletedProjects #PortfolioContent #Generalcontractors #ContentCreators #ConstructionVloggers #BuildFrame

🏗️ Ready to build a better way of doing business?

BuildFrame helps businesses strengthen their online presence, reach more customers, organize everyday work, and build simple systems around the way they already operate.

🌐 BuildFrame Business Software:
https://buildframe-business-software.pages.dev/

🛠️ See Our Work — Portfolio:
https://myportfolio.buildframe-digitalsystem.workers.dev/

📘 Follow BuildFrame on Facebook:
https://www.facebook.com/buildframebusinessoperatingsystem/

💬 WhatsApp:
https://wa.me/639760110243

📧 Email:
buildframe.digitalsystem@gmail.com

BuildFrame — Built & Tailored for Your Business.","construction/content-creators-core-construction-trades.png"
"content-creator-roofing-contractors-08","Roofing Contractors","content-creator","🎥 LET COMPLETED WORK KEEP WORKING FOR YOU — ROOFING CONTRACTORS

The job may be finished, but content from roof installations, repairs and before-and-after transformations can keep introducing your business to new people.

A completed project can become a portfolio feature, social post, website example or future customer conversation.

BuildFrame can help turn real day-to-day work into organized website, portfolio and social media content — without making your business feel like it has to become a full-time media company.

FINISH THE PROJECT — NOT ITS ONLINE VALUE.

#CompletedProjects #PortfolioContent #Roofingcontractors #ContentCreators #ConstructionVloggers #BuildFrame

🏗️ Ready to build a better way of doing business?

BuildFrame helps businesses strengthen their online presence, reach more customers, organize everyday work, and build simple systems around the way they already operate.

🌐 BuildFrame Business Software:
https://buildframe-business-software.pages.dev/

🛠️ See Our Work — Portfolio:
https://myportfolio.buildframe-digitalsystem.workers.dev/

📘 Follow BuildFrame on Facebook:
https://www.facebook.com/buildframebusinessoperatingsystem/

💬 WhatsApp:
https://wa.me/639760110243

📧 Email:
buildframe.digitalsystem@gmail.com

BuildFrame — Built & Tailored for Your Business.","construction/content-creators-core-construction-trades.png"
"content-creator-electrical-contractors-08","Electrical Contractors","content-creator","🎥 LET COMPLETED WORK KEEP WORKING FOR YOU — ELECTRICAL CONTRACTORS

The job may be finished, but content from electrical installations, panel work and site progress can keep introducing your business to new people.

A completed project can become a portfolio feature, social post, website example or future customer conversation.

BuildFrame can help turn real day-to-day work into organized website, portfolio and social media content — without making your business feel like it has to become a full-time media company.

FINISH THE PROJECT — NOT ITS ONLINE VALUE.

#CompletedProjects #PortfolioContent #Electricalcontractors #ContentCreators #ConstructionVloggers #BuildFrame

🏗️ Ready to build a better way of doing business?

BuildFrame helps businesses strengthen their online presence, reach more customers, organize everyday work, and build simple systems around the way they already operate.

🌐 BuildFrame Business Software:
https://buildframe-business-software.pages.dev/

🛠️ See Our Work — Portfolio:
https://myportfolio.buildframe-digitalsystem.workers.dev/

📘 Follow BuildFrame on Facebook:
https://www.facebook.com/buildframebusinessoperatingsystem/

💬 WhatsApp:
https://wa.me/639760110243

📧 Email:
buildframe.digitalsystem@gmail.com

BuildFrame — Built & Tailored for Your Business.","construction/content-creators-core-construction-trades.png"
"content-creator-plumbing-contractors-08","Plumbing Contractors","content-creator","🎥 LET COMPLETED WORK KEEP WORKING FOR YOU — PLUMBING CONTRACTORS

The job may be finished, but content from pipe installations, repairs and problem-solving can keep introducing your business to new people.

A completed project can become a portfolio feature, social post, website example or future customer conversation.

BuildFrame can help turn real day-to-day work into organized website, portfolio and social media content — without making your business feel like it has to become a full-time media company.

FINISH THE PROJECT — NOT ITS ONLINE VALUE.

#CompletedProjects #PortfolioContent #Plumbingcontractors #ContentCreators #ConstructionVloggers #BuildFrame

🏗️ Ready to build a better way of doing business?

BuildFrame helps businesses strengthen their online presence, reach more customers, organize everyday work, and build simple systems around the way they already operate.

🌐 BuildFrame Business Software:
https://buildframe-business-software.pages.dev/

🛠️ See Our Work — Portfolio:
https://myportfolio.buildframe-digitalsystem.workers.dev/

📘 Follow BuildFrame on Facebook:
https://www.facebook.com/buildframebusinessoperatingsystem/

💬 WhatsApp:
https://wa.me/639760110243

📧 Email:
buildframe.digitalsystem@gmail.com

BuildFrame — Built & Tailored for Your Business.","construction/content-creators-core-construction-trades.png"
"content-creator-hvac-contractors-08","HVAC Contractors","content-creator","🎥 LET COMPLETED WORK KEEP WORKING FOR YOU — HVAC CONTRACTORS

The job may be finished, but content from air-conditioning installations, servicing and maintenance can keep introducing your business to new people.

A completed project can become a portfolio feature, social post, website example or future customer conversation.

BuildFrame can help turn real day-to-day work into organized website, portfolio and social media content — without making your business feel like it has to become a full-time media company.

FINISH THE PROJECT — NOT ITS ONLINE VALUE.

#CompletedProjects #PortfolioContent #Hvaccontractors #ContentCreators #ConstructionVloggers #BuildFrame

🏗️ Ready to build a better way of doing business?

BuildFrame helps businesses strengthen their online presence, reach more customers, organize everyday work, and build simple systems around the way they already operate.

🌐 BuildFrame Business Software:
https://buildframe-business-software.pages.dev/

🛠️ See Our Work — Portfolio:
https://myportfolio.buildframe-digitalsystem.workers.dev/

📘 Follow BuildFrame on Facebook:
https://www.facebook.com/buildframebusinessoperatingsystem/

💬 WhatsApp:
https://wa.me/639760110243

📧 Email:
buildframe.digitalsystem@gmail.com

BuildFrame — Built & Tailored for Your Business.","construction/content-creators-core-construction-trades.png"
"content-creator-renovation-remodeling-08","Renovation & Remodeling","content-creator","🎥 LET COMPLETED WORK KEEP WORKING FOR YOU — RENOVATION & REMODELING

The job may be finished, but content from room transformations, renovation progress and finished spaces can keep introducing your business to new people.

A completed project can become a portfolio feature, social post, website example or future customer conversation.

BuildFrame can help turn real day-to-day work into organized website, portfolio and social media content — without making your business feel like it has to become a full-time media company.

FINISH THE PROJECT — NOT ITS ONLINE VALUE.

#CompletedProjects #PortfolioContent #Renovationremodeling #ContentCreators #ConstructionVloggers #BuildFrame

🏗️ Ready to build a better way of doing business?

BuildFrame helps businesses strengthen their online presence, reach more customers, organize everyday work, and build simple systems around the way they already operate.

🌐 BuildFrame Business Software:
https://buildframe-business-software.pages.dev/

🛠️ See Our Work — Portfolio:
https://myportfolio.buildframe-digitalsystem.workers.dev/

📘 Follow BuildFrame on Facebook:
https://www.facebook.com/buildframebusinessoperatingsystem/

💬 WhatsApp:
https://wa.me/639760110243

📧 Email:
buildframe.digitalsystem@gmail.com

BuildFrame — Built & Tailored for Your Business.","construction/content-creators-core-construction-trades.png"
"content-creator-handyman-property-maintenance-08","Handyman & Property Maintenance","content-creator","🎥 LET COMPLETED WORK KEEP WORKING FOR YOU — HANDYMAN & PROPERTY MAINTENANCE

The job may be finished, but content from everyday repairs, maintenance visits and property improvements can keep introducing your business to new people.

A completed project can become a portfolio feature, social post, website example or future customer conversation.

BuildFrame can help turn real day-to-day work into organized website, portfolio and social media content — without making your business feel like it has to become a full-time media company.

FINISH THE PROJECT — NOT ITS ONLINE VALUE.

#CompletedProjects #PortfolioContent #Handymanpropertymaintenance #ContentCreators #ConstructionVloggers #BuildFrame

🏗️ Ready to build a better way of doing business?

BuildFrame helps businesses strengthen their online presence, reach more customers, organize everyday work, and build simple systems around the way they already operate.

🌐 BuildFrame Business Software:
https://buildframe-business-software.pages.dev/

🛠️ See Our Work — Portfolio:
https://myportfolio.buildframe-digitalsystem.workers.dev/

📘 Follow BuildFrame on Facebook:
https://www.facebook.com/buildframebusinessoperatingsystem/

💬 WhatsApp:
https://wa.me/639760110243

📧 Email:
buildframe.digitalsystem@gmail.com

BuildFrame — Built & Tailored for Your Business.","construction/content-creators-core-construction-trades.png"
"content-creator-tiling-flooring-contractors-08","Tiling & Flooring Contractors","content-creator","🎥 LET COMPLETED WORK KEEP WORKING FOR YOU — TILING & FLOORING CONTRACTORS

The job may be finished, but content from floor preparation, tile setting, patterns and finished floors can keep introducing your business to new people.

A completed project can become a portfolio feature, social post, website example or future customer conversation.

BuildFrame can help turn real day-to-day work into organized website, portfolio and social media content — without making your business feel like it has to become a full-time media company.

FINISH THE PROJECT — NOT ITS ONLINE VALUE.

#CompletedProjects #PortfolioContent #Tilingflooringcontractors #ContentCreators #ConstructionVloggers #BuildFrame

🏗️ Ready to build a better way of doing business?

BuildFrame helps businesses strengthen their online presence, reach more customers, organize everyday work, and build simple systems around the way they already operate.

🌐 BuildFrame Business Software:
https://buildframe-business-software.pages.dev/

🛠️ See Our Work — Portfolio:
https://myportfolio.buildframe-digitalsystem.workers.dev/

📘 Follow BuildFrame on Facebook:
https://www.facebook.com/buildframebusinessoperatingsystem/

💬 WhatsApp:
https://wa.me/639760110243

📧 Email:
buildframe.digitalsystem@gmail.com

BuildFrame — Built & Tailored for Your Business.","construction/content-creators-specialized-contractors-services.png"
"content-creator-landscaping-contractors-08","Landscaping Contractors","content-creator","🎥 LET COMPLETED WORK KEEP WORKING FOR YOU — LANDSCAPING CONTRACTORS

The job may be finished, but content from garden transformations, planting, hardscaping and outdoor spaces can keep introducing your business to new people.

A completed project can become a portfolio feature, social post, website example or future customer conversation.

BuildFrame can help turn real day-to-day work into organized website, portfolio and social media content — without making your business feel like it has to become a full-time media company.

FINISH THE PROJECT — NOT ITS ONLINE VALUE.

#CompletedProjects #PortfolioContent #Landscapingcontractors #ContentCreators #ConstructionVloggers #BuildFrame

🏗️ Ready to build a better way of doing business?

BuildFrame helps businesses strengthen their online presence, reach more customers, organize everyday work, and build simple systems around the way they already operate.

🌐 BuildFrame Business Software:
https://buildframe-business-software.pages.dev/

🛠️ See Our Work — Portfolio:
https://myportfolio.buildframe-digitalsystem.workers.dev/

📘 Follow BuildFrame on Facebook:
https://www.facebook.com/buildframebusinessoperatingsystem/

💬 WhatsApp:
https://wa.me/639760110243

📧 Email:
buildframe.digitalsystem@gmail.com

BuildFrame — Built & Tailored for Your Business.","construction/content-creators-specialized-contractors-services.png"
"content-creator-metal-fabrication-08","Metal Fabrication","content-creator","🎥 LET COMPLETED WORK KEEP WORKING FOR YOU — METAL FABRICATION

The job may be finished, but content from cutting, welding, fabrication and finished metalwork can keep introducing your business to new people.

A completed project can become a portfolio feature, social post, website example or future customer conversation.

BuildFrame can help turn real day-to-day work into organized website, portfolio and social media content — without making your business feel like it has to become a full-time media company.

FINISH THE PROJECT — NOT ITS ONLINE VALUE.

#CompletedProjects #PortfolioContent #Metalfabrication #ContentCreators #ConstructionVloggers #BuildFrame

🏗️ Ready to build a better way of doing business?

BuildFrame helps businesses strengthen their online presence, reach more customers, organize everyday work, and build simple systems around the way they already operate.

🌐 BuildFrame Business Software:
https://buildframe-business-software.pages.dev/

🛠️ See Our Work — Portfolio:
https://myportfolio.buildframe-digitalsystem.workers.dev/

📘 Follow BuildFrame on Facebook:
https://www.facebook.com/buildframebusinessoperatingsystem/

💬 WhatsApp:
https://wa.me/639760110243

📧 Email:
buildframe.digitalsystem@gmail.com

BuildFrame — Built & Tailored for Your Business.","construction/content-creators-specialized-contractors-services.png"
"content-creator-glass-aluminum-contractors-08","Glass & Aluminum Contractors","content-creator","🎥 LET COMPLETED WORK KEEP WORKING FOR YOU — GLASS & ALUMINUM CONTRACTORS

The job may be finished, but content from window, door, partition and facade installations can keep introducing your business to new people.

A completed project can become a portfolio feature, social post, website example or future customer conversation.

BuildFrame can help turn real day-to-day work into organized website, portfolio and social media content — without making your business feel like it has to become a full-time media company.

FINISH THE PROJECT — NOT ITS ONLINE VALUE.

#CompletedProjects #PortfolioContent #Glassaluminumcontractors #ContentCreators #ConstructionVloggers #BuildFrame

🏗️ Ready to build a better way of doing business?

BuildFrame helps businesses strengthen their online presence, reach more customers, organize everyday work, and build simple systems around the way they already operate.

🌐 BuildFrame Business Software:
https://buildframe-business-software.pages.dev/

🛠️ See Our Work — Portfolio:
https://myportfolio.buildframe-digitalsystem.workers.dev/

📘 Follow BuildFrame on Facebook:
https://www.facebook.com/buildframebusinessoperatingsystem/

💬 WhatsApp:
https://wa.me/639760110243

📧 Email:
buildframe.digitalsystem@gmail.com

BuildFrame — Built & Tailored for Your Business.","construction/content-creators-specialized-contractors-services.png"
"content-creator-woodworking-carpentry-08","Woodworking & Carpentry","content-creator","🎥 LET COMPLETED WORK KEEP WORKING FOR YOU — WOODWORKING & CARPENTRY

The job may be finished, but content from custom furniture, cabinetry, joinery and installation can keep introducing your business to new people.

A completed project can become a portfolio feature, social post, website example or future customer conversation.

BuildFrame can help turn real day-to-day work into organized website, portfolio and social media content — without making your business feel like it has to become a full-time media company.

FINISH THE PROJECT — NOT ITS ONLINE VALUE.

#CompletedProjects #PortfolioContent #Woodworkingcarpentry #ContentCreators #ConstructionVloggers #BuildFrame

🏗️ Ready to build a better way of doing business?

BuildFrame helps businesses strengthen their online presence, reach more customers, organize everyday work, and build simple systems around the way they already operate.

🌐 BuildFrame Business Software:
https://buildframe-business-software.pages.dev/

🛠️ See Our Work — Portfolio:
https://myportfolio.buildframe-digitalsystem.workers.dev/

📘 Follow BuildFrame on Facebook:
https://www.facebook.com/buildframebusinessoperatingsystem/

💬 WhatsApp:
https://wa.me/639760110243

📧 Email:
buildframe.digitalsystem@gmail.com

BuildFrame — Built & Tailored for Your Business.","construction/content-creators-specialized-contractors-services.png"
"content-creator-solar-installation-contractors-08","Solar Installation Contractors","content-creator","🎥 LET COMPLETED WORK KEEP WORKING FOR YOU — SOLAR INSTALLATION CONTRACTORS

The job may be finished, but content from solar site checks, panel installation and completed systems can keep introducing your business to new people.

A completed project can become a portfolio feature, social post, website example or future customer conversation.

BuildFrame can help turn real day-to-day work into organized website, portfolio and social media content — without making your business feel like it has to become a full-time media company.

FINISH THE PROJECT — NOT ITS ONLINE VALUE.

#CompletedProjects #PortfolioContent #Solarinstallationcontractors #ContentCreators #ConstructionVloggers #BuildFrame

🏗️ Ready to build a better way of doing business?

BuildFrame helps businesses strengthen their online presence, reach more customers, organize everyday work, and build simple systems around the way they already operate.

🌐 BuildFrame Business Software:
https://buildframe-business-software.pages.dev/

🛠️ See Our Work — Portfolio:
https://myportfolio.buildframe-digitalsystem.workers.dev/

📘 Follow BuildFrame on Facebook:
https://www.facebook.com/buildframebusinessoperatingsystem/

💬 WhatsApp:
https://wa.me/639760110243

📧 Email:
buildframe.digitalsystem@gmail.com

BuildFrame — Built & Tailored for Your Business.","construction/content-creators-specialized-contractors-services.png"
"content-creator-construction-suppliers-building-materials-08","Construction Suppliers & Building Materials","content-creator","🎥 LET COMPLETED WORK KEEP WORKING FOR YOU — CONSTRUCTION SUPPLIERS & BUILDING MATERIALS

The job may be finished, but content from new materials, deliveries, stock and products used on real projects can keep introducing your business to new people.

A completed project can become a portfolio feature, social post, website example or future customer conversation.

BuildFrame can help turn real day-to-day work into organized website, portfolio and social media content — without making your business feel like it has to become a full-time media company.

FINISH THE PROJECT — NOT ITS ONLINE VALUE.

#CompletedProjects #PortfolioContent #Constructionsuppliersbuildingmaterials #ContentCreators #ConstructionVloggers #BuildFrame

🏗️ Ready to build a better way of doing business?

BuildFrame helps businesses strengthen their online presence, reach more customers, organize everyday work, and build simple systems around the way they already operate.

🌐 BuildFrame Business Software:
https://buildframe-business-software.pages.dev/

🛠️ See Our Work — Portfolio:
https://myportfolio.buildframe-digitalsystem.workers.dev/

📘 Follow BuildFrame on Facebook:
https://www.facebook.com/buildframebusinessoperatingsystem/

💬 WhatsApp:
https://wa.me/639760110243

📧 Email:
buildframe.digitalsystem@gmail.com

BuildFrame — Built & Tailored for Your Business.","construction/content-creators-specialized-contractors-services.png"
"content-creator-aggregates-anapog-filling-materials-08","Aggregates, Anapog & Filling Materials","content-creator","🎥 LET COMPLETED WORK KEEP WORKING FOR YOU — AGGREGATES, ANAPOG & FILLING MATERIALS

The job may be finished, but content from loading, deliveries, stockpiles and materials arriving on site can keep introducing your business to new people.

A completed project can become a portfolio feature, social post, website example or future customer conversation.

BuildFrame can help turn real day-to-day work into organized website, portfolio and social media content — without making your business feel like it has to become a full-time media company.

FINISH THE PROJECT — NOT ITS ONLINE VALUE.

#CompletedProjects #PortfolioContent #Aggregatesanapogfillingmaterials #ContentCreators #ConstructionVloggers #BuildFrame

🏗️ Ready to build a better way of doing business?

BuildFrame helps businesses strengthen their online presence, reach more customers, organize everyday work, and build simple systems around the way they already operate.

🌐 BuildFrame Business Software:
https://buildframe-business-software.pages.dev/

🛠️ See Our Work — Portfolio:
https://myportfolio.buildframe-digitalsystem.workers.dev/

📘 Follow BuildFrame on Facebook:
https://www.facebook.com/buildframebusinessoperatingsystem/

💬 WhatsApp:
https://wa.me/639760110243

📧 Email:
buildframe.digitalsystem@gmail.com

BuildFrame — Built & Tailored for Your Business.","construction/content-creators-professional-services.png"
"content-creator-property-management-08","Property Management","content-creator","🎥 LET COMPLETED WORK KEEP WORKING FOR YOU — PROPERTY MANAGEMENT

The job may be finished, but content from property inspections, maintenance, improvements and day-to-day operations can keep introducing your business to new people.

A completed project can become a portfolio feature, social post, website example or future customer conversation.

BuildFrame can help turn real day-to-day work into organized website, portfolio and social media content — without making your business feel like it has to become a full-time media company.

FINISH THE PROJECT — NOT ITS ONLINE VALUE.

#CompletedProjects #PortfolioContent #Propertymanagement #ContentCreators #ConstructionVloggers #BuildFrame

🏗️ Ready to build a better way of doing business?

BuildFrame helps businesses strengthen their online presence, reach more customers, organize everyday work, and build simple systems around the way they already operate.

🌐 BuildFrame Business Software:
https://buildframe-business-software.pages.dev/

🛠️ See Our Work — Portfolio:
https://myportfolio.buildframe-digitalsystem.workers.dev/

📘 Follow BuildFrame on Facebook:
https://www.facebook.com/buildframebusinessoperatingsystem/

💬 WhatsApp:
https://wa.me/639760110243

📧 Email:
buildframe.digitalsystem@gmail.com

BuildFrame — Built & Tailored for Your Business.","construction/content-creators-professional-services.png"
"content-creator-engineering-services-08","Engineering Services","content-creator","🎥 LET COMPLETED WORK KEEP WORKING FOR YOU — ENGINEERING SERVICES

The job may be finished, but content from site inspections, project milestones and engineering work in action can keep introducing your business to new people.

A completed project can become a portfolio feature, social post, website example or future customer conversation.

BuildFrame can help turn real day-to-day work into organized website, portfolio and social media content — without making your business feel like it has to become a full-time media company.

FINISH THE PROJECT — NOT ITS ONLINE VALUE.

#CompletedProjects #PortfolioContent #Engineeringservices #ContentCreators #ConstructionVloggers #BuildFrame

🏗️ Ready to build a better way of doing business?

BuildFrame helps businesses strengthen their online presence, reach more customers, organize everyday work, and build simple systems around the way they already operate.

🌐 BuildFrame Business Software:
https://buildframe-business-software.pages.dev/

🛠️ See Our Work — Portfolio:
https://myportfolio.buildframe-digitalsystem.workers.dev/

📘 Follow BuildFrame on Facebook:
https://www.facebook.com/buildframebusinessoperatingsystem/

💬 WhatsApp:
https://wa.me/639760110243

📧 Email:
buildframe.digitalsystem@gmail.com

BuildFrame — Built & Tailored for Your Business.","construction/content-creators-professional-services.png"
"content-creator-architectural-design-services-08","Architectural & Design Services","content-creator","🎥 LET COMPLETED WORK KEEP WORKING FOR YOU — ARCHITECTURAL & DESIGN SERVICES

The job may be finished, but content from sketches, design development, site visits and finished spaces can keep introducing your business to new people.

A completed project can become a portfolio feature, social post, website example or future customer conversation.

BuildFrame can help turn real day-to-day work into organized website, portfolio and social media content — without making your business feel like it has to become a full-time media company.

FINISH THE PROJECT — NOT ITS ONLINE VALUE.

#CompletedProjects #PortfolioContent #Architecturaldesignservices #ContentCreators #ConstructionVloggers #BuildFrame

🏗️ Ready to build a better way of doing business?

BuildFrame helps businesses strengthen their online presence, reach more customers, organize everyday work, and build simple systems around the way they already operate.

🌐 BuildFrame Business Software:
https://buildframe-business-software.pages.dev/

🛠️ See Our Work — Portfolio:
https://myportfolio.buildframe-digitalsystem.workers.dev/

📘 Follow BuildFrame on Facebook:
https://www.facebook.com/buildframebusinessoperatingsystem/

💬 WhatsApp:
https://wa.me/639760110243

📧 Email:
buildframe.digitalsystem@gmail.com

BuildFrame — Built & Tailored for Your Business.","construction/content-creators-professional-services.png"
"content-creator-specialty-subcontractors-trade-specialists-08","Specialty Subcontractors & Trade Specialists","content-creator","🎥 LET COMPLETED WORK KEEP WORKING FOR YOU — SPECIALTY SUBCONTRACTORS & TRADE SPECIALISTS

The job may be finished, but content from specialized installations, trade skills and work most people rarely see can keep introducing your business to new people.

A completed project can become a portfolio feature, social post, website example or future customer conversation.

BuildFrame can help turn real day-to-day work into organized website, portfolio and social media content — without making your business feel like it has to become a full-time media company.

FINISH THE PROJECT — NOT ITS ONLINE VALUE.

#CompletedProjects #PortfolioContent #Specialtysubcontractorstradespecialists #ContentCreators #ConstructionVloggers #BuildFrame

🏗️ Ready to build a better way of doing business?

BuildFrame helps businesses strengthen their online presence, reach more customers, organize everyday work, and build simple systems around the way they already operate.

🌐 BuildFrame Business Software:
https://buildframe-business-software.pages.dev/

🛠️ See Our Work — Portfolio:
https://myportfolio.buildframe-digitalsystem.workers.dev/

📘 Follow BuildFrame on Facebook:
https://www.facebook.com/buildframebusinessoperatingsystem/

💬 WhatsApp:
https://wa.me/639760110243

📧 Email:
buildframe.digitalsystem@gmail.com

BuildFrame — Built & Tailored for Your Business.","construction/content-creators-professional-services.png"
"content-creator-emergency-repair-construction-services-08","Emergency Repair & Construction Services","content-creator","🎥 LET COMPLETED WORK KEEP WORKING FOR YOU — EMERGENCY REPAIR & CONSTRUCTION SERVICES

The job may be finished, but content from urgent repairs, before-and-after fixes and crews solving real problems can keep introducing your business to new people.

A completed project can become a portfolio feature, social post, website example or future customer conversation.

BuildFrame can help turn real day-to-day work into organized website, portfolio and social media content — without making your business feel like it has to become a full-time media company.

FINISH THE PROJECT — NOT ITS ONLINE VALUE.

#CompletedProjects #PortfolioContent #Emergencyrepairconstructionservices #ContentCreators #ConstructionVloggers #BuildFrame

🏗️ Ready to build a better way of doing business?

BuildFrame helps businesses strengthen their online presence, reach more customers, organize everyday work, and build simple systems around the way they already operate.

🌐 BuildFrame Business Software:
https://buildframe-business-software.pages.dev/

🛠️ See Our Work — Portfolio:
https://myportfolio.buildframe-digitalsystem.workers.dev/

📘 Follow BuildFrame on Facebook:
https://www.facebook.com/buildframebusinessoperatingsystem/

💬 WhatsApp:
https://wa.me/639760110243

📧 Email:
buildframe.digitalsystem@gmail.com

BuildFrame — Built & Tailored for Your Business.","construction/content-creators-professional-services.png"
"content-creator-general-contractors-09","General Contractors","content-creator","🎥 SHOW THE PEOPLE BEHIND THE BUSINESS — GENERAL CONTRACTORS

Customers do business with people. Introduce the crew, specialist or professional behind project sites, crews and completed builds.

A simple team photo, short introduction or workday clip can make your business feel more familiar and easier to remember.

BuildFrame can help turn real day-to-day work into organized website, portfolio and social media content — without making your business feel like it has to become a full-time media company.

LET PEOPLE MEET THE TEAM BEHIND THE WORK.

#MeetTheTeam #PeopleBehindTheWork #Generalcontractors #ContentCreators #ConstructionVloggers #BuildFrame

🏗️ Ready to build a better way of doing business?

BuildFrame helps businesses strengthen their online presence, reach more customers, organize everyday work, and build simple systems around the way they already operate.

🌐 BuildFrame Business Software:
https://buildframe-business-software.pages.dev/

🛠️ See Our Work — Portfolio:
https://myportfolio.buildframe-digitalsystem.workers.dev/

📘 Follow BuildFrame on Facebook:
https://www.facebook.com/buildframebusinessoperatingsystem/

💬 WhatsApp:
https://wa.me/639760110243

📧 Email:
buildframe.digitalsystem@gmail.com

BuildFrame — Built & Tailored for Your Business.","construction/content-creators-core-construction-trades.png"
"content-creator-roofing-contractors-09","Roofing Contractors","content-creator","🎥 SHOW THE PEOPLE BEHIND THE BUSINESS — ROOFING CONTRACTORS

Customers do business with people. Introduce the crew, specialist or professional behind roof installations, repairs and before-and-after transformations.

A simple team photo, short introduction or workday clip can make your business feel more familiar and easier to remember.

BuildFrame can help turn real day-to-day work into organized website, portfolio and social media content — without making your business feel like it has to become a full-time media company.

LET PEOPLE MEET THE TEAM BEHIND THE WORK.

#MeetTheTeam #PeopleBehindTheWork #Roofingcontractors #ContentCreators #ConstructionVloggers #BuildFrame

🏗️ Ready to build a better way of doing business?

BuildFrame helps businesses strengthen their online presence, reach more customers, organize everyday work, and build simple systems around the way they already operate.

🌐 BuildFrame Business Software:
https://buildframe-business-software.pages.dev/

🛠️ See Our Work — Portfolio:
https://myportfolio.buildframe-digitalsystem.workers.dev/

📘 Follow BuildFrame on Facebook:
https://www.facebook.com/buildframebusinessoperatingsystem/

💬 WhatsApp:
https://wa.me/639760110243

📧 Email:
buildframe.digitalsystem@gmail.com

BuildFrame — Built & Tailored for Your Business.","construction/content-creators-core-construction-trades.png"
"content-creator-electrical-contractors-09","Electrical Contractors","content-creator","🎥 SHOW THE PEOPLE BEHIND THE BUSINESS — ELECTRICAL CONTRACTORS

Customers do business with people. Introduce the crew, specialist or professional behind electrical installations, panel work and site progress.

A simple team photo, short introduction or workday clip can make your business feel more familiar and easier to remember.

BuildFrame can help turn real day-to-day work into organized website, portfolio and social media content — without making your business feel like it has to become a full-time media company.

LET PEOPLE MEET THE TEAM BEHIND THE WORK.

#MeetTheTeam #PeopleBehindTheWork #Electricalcontractors #ContentCreators #ConstructionVloggers #BuildFrame

🏗️ Ready to build a better way of doing business?

BuildFrame helps businesses strengthen their online presence, reach more customers, organize everyday work, and build simple systems around the way they already operate.

🌐 BuildFrame Business Software:
https://buildframe-business-software.pages.dev/

🛠️ See Our Work — Portfolio:
https://myportfolio.buildframe-digitalsystem.workers.dev/

📘 Follow BuildFrame on Facebook:
https://www.facebook.com/buildframebusinessoperatingsystem/

💬 WhatsApp:
https://wa.me/639760110243

📧 Email:
buildframe.digitalsystem@gmail.com

BuildFrame — Built & Tailored for Your Business.","construction/content-creators-core-construction-trades.png"
"content-creator-plumbing-contractors-09","Plumbing Contractors","content-creator","🎥 SHOW THE PEOPLE BEHIND THE BUSINESS — PLUMBING CONTRACTORS

Customers do business with people. Introduce the crew, specialist or professional behind pipe installations, repairs and problem-solving.

A simple team photo, short introduction or workday clip can make your business feel more familiar and easier to remember.

BuildFrame can help turn real day-to-day work into organized website, portfolio and social media content — without making your business feel like it has to become a full-time media company.

LET PEOPLE MEET THE TEAM BEHIND THE WORK.

#MeetTheTeam #PeopleBehindTheWork #Plumbingcontractors #ContentCreators #ConstructionVloggers #BuildFrame

🏗️ Ready to build a better way of doing business?

BuildFrame helps businesses strengthen their online presence, reach more customers, organize everyday work, and build simple systems around the way they already operate.

🌐 BuildFrame Business Software:
https://buildframe-business-software.pages.dev/

🛠️ See Our Work — Portfolio:
https://myportfolio.buildframe-digitalsystem.workers.dev/

📘 Follow BuildFrame on Facebook:
https://www.facebook.com/buildframebusinessoperatingsystem/

💬 WhatsApp:
https://wa.me/639760110243

📧 Email:
buildframe.digitalsystem@gmail.com

BuildFrame — Built & Tailored for Your Business.","construction/content-creators-core-construction-trades.png"
"content-creator-hvac-contractors-09","HVAC Contractors","content-creator","🎥 SHOW THE PEOPLE BEHIND THE BUSINESS — HVAC CONTRACTORS

Customers do business with people. Introduce the crew, specialist or professional behind air-conditioning installations, servicing and maintenance.

A simple team photo, short introduction or workday clip can make your business feel more familiar and easier to remember.

BuildFrame can help turn real day-to-day work into organized website, portfolio and social media content — without making your business feel like it has to become a full-time media company.

LET PEOPLE MEET THE TEAM BEHIND THE WORK.

#MeetTheTeam #PeopleBehindTheWork #Hvaccontractors #ContentCreators #ConstructionVloggers #BuildFrame

🏗️ Ready to build a better way of doing business?

BuildFrame helps businesses strengthen their online presence, reach more customers, organize everyday work, and build simple systems around the way they already operate.

🌐 BuildFrame Business Software:
https://buildframe-business-software.pages.dev/

🛠️ See Our Work — Portfolio:
https://myportfolio.buildframe-digitalsystem.workers.dev/

📘 Follow BuildFrame on Facebook:
https://www.facebook.com/buildframebusinessoperatingsystem/

💬 WhatsApp:
https://wa.me/639760110243

📧 Email:
buildframe.digitalsystem@gmail.com

BuildFrame — Built & Tailored for Your Business.","construction/content-creators-core-construction-trades.png"
"content-creator-renovation-remodeling-09","Renovation & Remodeling","content-creator","🎥 SHOW THE PEOPLE BEHIND THE BUSINESS — RENOVATION & REMODELING

Customers do business with people. Introduce the crew, specialist or professional behind room transformations, renovation progress and finished spaces.

A simple team photo, short introduction or workday clip can make your business feel more familiar and easier to remember.

BuildFrame can help turn real day-to-day work into organized website, portfolio and social media content — without making your business feel like it has to become a full-time media company.

LET PEOPLE MEET THE TEAM BEHIND THE WORK.

#MeetTheTeam #PeopleBehindTheWork #Renovationremodeling #ContentCreators #ConstructionVloggers #BuildFrame

🏗️ Ready to build a better way of doing business?

BuildFrame helps businesses strengthen their online presence, reach more customers, organize everyday work, and build simple systems around the way they already operate.

🌐 BuildFrame Business Software:
https://buildframe-business-software.pages.dev/

🛠️ See Our Work — Portfolio:
https://myportfolio.buildframe-digitalsystem.workers.dev/

📘 Follow BuildFrame on Facebook:
https://www.facebook.com/buildframebusinessoperatingsystem/

💬 WhatsApp:
https://wa.me/639760110243

📧 Email:
buildframe.digitalsystem@gmail.com

BuildFrame — Built & Tailored for Your Business.","construction/content-creators-core-construction-trades.png"
"content-creator-handyman-property-maintenance-09","Handyman & Property Maintenance","content-creator","🎥 SHOW THE PEOPLE BEHIND THE BUSINESS — HANDYMAN & PROPERTY MAINTENANCE

Customers do business with people. Introduce the crew, specialist or professional behind everyday repairs, maintenance visits and property improvements.

A simple team photo, short introduction or workday clip can make your business feel more familiar and easier to remember.

BuildFrame can help turn real day-to-day work into organized website, portfolio and social media content — without making your business feel like it has to become a full-time media company.

LET PEOPLE MEET THE TEAM BEHIND THE WORK.

#MeetTheTeam #PeopleBehindTheWork #Handymanpropertymaintenance #ContentCreators #ConstructionVloggers #BuildFrame

🏗️ Ready to build a better way of doing business?

BuildFrame helps businesses strengthen their online presence, reach more customers, organize everyday work, and build simple systems around the way they already operate.

🌐 BuildFrame Business Software:
https://buildframe-business-software.pages.dev/

🛠️ See Our Work — Portfolio:
https://myportfolio.buildframe-digitalsystem.workers.dev/

📘 Follow BuildFrame on Facebook:
https://www.facebook.com/buildframebusinessoperatingsystem/

💬 WhatsApp:
https://wa.me/639760110243

📧 Email:
buildframe.digitalsystem@gmail.com

BuildFrame — Built & Tailored for Your Business.","construction/content-creators-core-construction-trades.png"
"content-creator-tiling-flooring-contractors-09","Tiling & Flooring Contractors","content-creator","🎥 SHOW THE PEOPLE BEHIND THE BUSINESS — TILING & FLOORING CONTRACTORS

Customers do business with people. Introduce the crew, specialist or professional behind floor preparation, tile setting, patterns and finished floors.

A simple team photo, short introduction or workday clip can make your business feel more familiar and easier to remember.

BuildFrame can help turn real day-to-day work into organized website, portfolio and social media content — without making your business feel like it has to become a full-time media company.

LET PEOPLE MEET THE TEAM BEHIND THE WORK.

#MeetTheTeam #PeopleBehindTheWork #Tilingflooringcontractors #ContentCreators #ConstructionVloggers #BuildFrame

🏗️ Ready to build a better way of doing business?

BuildFrame helps businesses strengthen their online presence, reach more customers, organize everyday work, and build simple systems around the way they already operate.

🌐 BuildFrame Business Software:
https://buildframe-business-software.pages.dev/

🛠️ See Our Work — Portfolio:
https://myportfolio.buildframe-digitalsystem.workers.dev/

📘 Follow BuildFrame on Facebook:
https://www.facebook.com/buildframebusinessoperatingsystem/

💬 WhatsApp:
https://wa.me/639760110243

📧 Email:
buildframe.digitalsystem@gmail.com

BuildFrame — Built & Tailored for Your Business.","construction/content-creators-specialized-contractors-services.png"
"content-creator-landscaping-contractors-09","Landscaping Contractors","content-creator","🎥 SHOW THE PEOPLE BEHIND THE BUSINESS — LANDSCAPING CONTRACTORS

Customers do business with people. Introduce the crew, specialist or professional behind garden transformations, planting, hardscaping and outdoor spaces.

A simple team photo, short introduction or workday clip can make your business feel more familiar and easier to remember.

BuildFrame can help turn real day-to-day work into organized website, portfolio and social media content — without making your business feel like it has to become a full-time media company.

LET PEOPLE MEET THE TEAM BEHIND THE WORK.

#MeetTheTeam #PeopleBehindTheWork #Landscapingcontractors #ContentCreators #ConstructionVloggers #BuildFrame

🏗️ Ready to build a better way of doing business?

BuildFrame helps businesses strengthen their online presence, reach more customers, organize everyday work, and build simple systems around the way they already operate.

🌐 BuildFrame Business Software:
https://buildframe-business-software.pages.dev/

🛠️ See Our Work — Portfolio:
https://myportfolio.buildframe-digitalsystem.workers.dev/

📘 Follow BuildFrame on Facebook:
https://www.facebook.com/buildframebusinessoperatingsystem/

💬 WhatsApp:
https://wa.me/639760110243

📧 Email:
buildframe.digitalsystem@gmail.com

BuildFrame — Built & Tailored for Your Business.","construction/content-creators-specialized-contractors-services.png"
"content-creator-metal-fabrication-09","Metal Fabrication","content-creator","🎥 SHOW THE PEOPLE BEHIND THE BUSINESS — METAL FABRICATION

Customers do business with people. Introduce the crew, specialist or professional behind cutting, welding, fabrication and finished metalwork.

A simple team photo, short introduction or workday clip can make your business feel more familiar and easier to remember.

BuildFrame can help turn real day-to-day work into organized website, portfolio and social media content — without making your business feel like it has to become a full-time media company.

LET PEOPLE MEET THE TEAM BEHIND THE WORK.

#MeetTheTeam #PeopleBehindTheWork #Metalfabrication #ContentCreators #ConstructionVloggers #BuildFrame

🏗️ Ready to build a better way of doing business?

BuildFrame helps businesses strengthen their online presence, reach more customers, organize everyday work, and build simple systems around the way they already operate.

🌐 BuildFrame Business Software:
https://buildframe-business-software.pages.dev/

🛠️ See Our Work — Portfolio:
https://myportfolio.buildframe-digitalsystem.workers.dev/

📘 Follow BuildFrame on Facebook:
https://www.facebook.com/buildframebusinessoperatingsystem/

💬 WhatsApp:
https://wa.me/639760110243

📧 Email:
buildframe.digitalsystem@gmail.com

BuildFrame — Built & Tailored for Your Business.","construction/content-creators-specialized-contractors-services.png"
"content-creator-glass-aluminum-contractors-09","Glass & Aluminum Contractors","content-creator","🎥 SHOW THE PEOPLE BEHIND THE BUSINESS — GLASS & ALUMINUM CONTRACTORS

Customers do business with people. Introduce the crew, specialist or professional behind window, door, partition and facade installations.

A simple team photo, short introduction or workday clip can make your business feel more familiar and easier to remember.

BuildFrame can help turn real day-to-day work into organized website, portfolio and social media content — without making your business feel like it has to become a full-time media company.

LET PEOPLE MEET THE TEAM BEHIND THE WORK.

#MeetTheTeam #PeopleBehindTheWork #Glassaluminumcontractors #ContentCreators #ConstructionVloggers #BuildFrame

🏗️ Ready to build a better way of doing business?

BuildFrame helps businesses strengthen their online presence, reach more customers, organize everyday work, and build simple systems around the way they already operate.

🌐 BuildFrame Business Software:
https://buildframe-business-software.pages.dev/

🛠️ See Our Work — Portfolio:
https://myportfolio.buildframe-digitalsystem.workers.dev/

📘 Follow BuildFrame on Facebook:
https://www.facebook.com/buildframebusinessoperatingsystem/

💬 WhatsApp:
https://wa.me/639760110243

📧 Email:
buildframe.digitalsystem@gmail.com

BuildFrame — Built & Tailored for Your Business.","construction/content-creators-specialized-contractors-services.png"
"content-creator-woodworking-carpentry-09","Woodworking & Carpentry","content-creator","🎥 SHOW THE PEOPLE BEHIND THE BUSINESS — WOODWORKING & CARPENTRY

Customers do business with people. Introduce the crew, specialist or professional behind custom furniture, cabinetry, joinery and installation.

A simple team photo, short introduction or workday clip can make your business feel more familiar and easier to remember.

BuildFrame can help turn real day-to-day work into organized website, portfolio and social media content — without making your business feel like it has to become a full-time media company.

LET PEOPLE MEET THE TEAM BEHIND THE WORK.

#MeetTheTeam #PeopleBehindTheWork #Woodworkingcarpentry #ContentCreators #ConstructionVloggers #BuildFrame

🏗️ Ready to build a better way of doing business?

BuildFrame helps businesses strengthen their online presence, reach more customers, organize everyday work, and build simple systems around the way they already operate.

🌐 BuildFrame Business Software:
https://buildframe-business-software.pages.dev/

🛠️ See Our Work — Portfolio:
https://myportfolio.buildframe-digitalsystem.workers.dev/

📘 Follow BuildFrame on Facebook:
https://www.facebook.com/buildframebusinessoperatingsystem/

💬 WhatsApp:
https://wa.me/639760110243

📧 Email:
buildframe.digitalsystem@gmail.com

BuildFrame — Built & Tailored for Your Business.","construction/content-creators-specialized-contractors-services.png"
"content-creator-solar-installation-contractors-09","Solar Installation Contractors","content-creator","🎥 SHOW THE PEOPLE BEHIND THE BUSINESS — SOLAR INSTALLATION CONTRACTORS

Customers do business with people. Introduce the crew, specialist or professional behind solar site checks, panel installation and completed systems.

A simple team photo, short introduction or workday clip can make your business feel more familiar and easier to remember.

BuildFrame can help turn real day-to-day work into organized website, portfolio and social media content — without making your business feel like it has to become a full-time media company.

LET PEOPLE MEET THE TEAM BEHIND THE WORK.

#MeetTheTeam #PeopleBehindTheWork #Solarinstallationcontractors #ContentCreators #ConstructionVloggers #BuildFrame

🏗️ Ready to build a better way of doing business?

BuildFrame helps businesses strengthen their online presence, reach more customers, organize everyday work, and build simple systems around the way they already operate.

🌐 BuildFrame Business Software:
https://buildframe-business-software.pages.dev/

🛠️ See Our Work — Portfolio:
https://myportfolio.buildframe-digitalsystem.workers.dev/

📘 Follow BuildFrame on Facebook:
https://www.facebook.com/buildframebusinessoperatingsystem/

💬 WhatsApp:
https://wa.me/639760110243

📧 Email:
buildframe.digitalsystem@gmail.com

BuildFrame — Built & Tailored for Your Business.","construction/content-creators-specialized-contractors-services.png"
"content-creator-construction-suppliers-building-materials-09","Construction Suppliers & Building Materials","content-creator","🎥 SHOW THE PEOPLE BEHIND THE BUSINESS — CONSTRUCTION SUPPLIERS & BUILDING MATERIALS

Customers do business with people. Introduce the crew, specialist or professional behind new materials, deliveries, stock and products used on real projects.

A simple team photo, short introduction or workday clip can make your business feel more familiar and easier to remember.

BuildFrame can help turn real day-to-day work into organized website, portfolio and social media content — without making your business feel like it has to become a full-time media company.

LET PEOPLE MEET THE TEAM BEHIND THE WORK.

#MeetTheTeam #PeopleBehindTheWork #Constructionsuppliersbuildingmaterials #ContentCreators #ConstructionVloggers #BuildFrame

🏗️ Ready to build a better way of doing business?

BuildFrame helps businesses strengthen their online presence, reach more customers, organize everyday work, and build simple systems around the way they already operate.

🌐 BuildFrame Business Software:
https://buildframe-business-software.pages.dev/

🛠️ See Our Work — Portfolio:
https://myportfolio.buildframe-digitalsystem.workers.dev/

📘 Follow BuildFrame on Facebook:
https://www.facebook.com/buildframebusinessoperatingsystem/

💬 WhatsApp:
https://wa.me/639760110243

📧 Email:
buildframe.digitalsystem@gmail.com

BuildFrame — Built & Tailored for Your Business.","construction/content-creators-specialized-contractors-services.png"
"content-creator-aggregates-anapog-filling-materials-09","Aggregates, Anapog & Filling Materials","content-creator","🎥 SHOW THE PEOPLE BEHIND THE BUSINESS — AGGREGATES, ANAPOG & FILLING MATERIALS

Customers do business with people. Introduce the crew, specialist or professional behind loading, deliveries, stockpiles and materials arriving on site.

A simple team photo, short introduction or workday clip can make your business feel more familiar and easier to remember.

BuildFrame can help turn real day-to-day work into organized website, portfolio and social media content — without making your business feel like it has to become a full-time media company.

LET PEOPLE MEET THE TEAM BEHIND THE WORK.

#MeetTheTeam #PeopleBehindTheWork #Aggregatesanapogfillingmaterials #ContentCreators #ConstructionVloggers #BuildFrame

🏗️ Ready to build a better way of doing business?

BuildFrame helps businesses strengthen their online presence, reach more customers, organize everyday work, and build simple systems around the way they already operate.

🌐 BuildFrame Business Software:
https://buildframe-business-software.pages.dev/

🛠️ See Our Work — Portfolio:
https://myportfolio.buildframe-digitalsystem.workers.dev/

📘 Follow BuildFrame on Facebook:
https://www.facebook.com/buildframebusinessoperatingsystem/

💬 WhatsApp:
https://wa.me/639760110243

📧 Email:
buildframe.digitalsystem@gmail.com

BuildFrame — Built & Tailored for Your Business.","construction/content-creators-professional-services.png"
"content-creator-property-management-09","Property Management","content-creator","🎥 SHOW THE PEOPLE BEHIND THE BUSINESS — PROPERTY MANAGEMENT

Customers do business with people. Introduce the crew, specialist or professional behind property inspections, maintenance, improvements and day-to-day operations.

A simple team photo, short introduction or workday clip can make your business feel more familiar and easier to remember.

BuildFrame can help turn real day-to-day work into organized website, portfolio and social media content — without making your business feel like it has to become a full-time media company.

LET PEOPLE MEET THE TEAM BEHIND THE WORK.

#MeetTheTeam #PeopleBehindTheWork #Propertymanagement #ContentCreators #ConstructionVloggers #BuildFrame

🏗️ Ready to build a better way of doing business?

BuildFrame helps businesses strengthen their online presence, reach more customers, organize everyday work, and build simple systems around the way they already operate.

🌐 BuildFrame Business Software:
https://buildframe-business-software.pages.dev/

🛠️ See Our Work — Portfolio:
https://myportfolio.buildframe-digitalsystem.workers.dev/

📘 Follow BuildFrame on Facebook:
https://www.facebook.com/buildframebusinessoperatingsystem/

💬 WhatsApp:
https://wa.me/639760110243

📧 Email:
buildframe.digitalsystem@gmail.com

BuildFrame — Built & Tailored for Your Business.","construction/content-creators-professional-services.png"
"content-creator-engineering-services-09","Engineering Services","content-creator","🎥 SHOW THE PEOPLE BEHIND THE BUSINESS — ENGINEERING SERVICES

Customers do business with people. Introduce the crew, specialist or professional behind site inspections, project milestones and engineering work in action.

A simple team photo, short introduction or workday clip can make your business feel more familiar and easier to remember.

BuildFrame can help turn real day-to-day work into organized website, portfolio and social media content — without making your business feel like it has to become a full-time media company.

LET PEOPLE MEET THE TEAM BEHIND THE WORK.

#MeetTheTeam #PeopleBehindTheWork #Engineeringservices #ContentCreators #ConstructionVloggers #BuildFrame

🏗️ Ready to build a better way of doing business?

BuildFrame helps businesses strengthen their online presence, reach more customers, organize everyday work, and build simple systems around the way they already operate.

🌐 BuildFrame Business Software:
https://buildframe-business-software.pages.dev/

🛠️ See Our Work — Portfolio:
https://myportfolio.buildframe-digitalsystem.workers.dev/

📘 Follow BuildFrame on Facebook:
https://www.facebook.com/buildframebusinessoperatingsystem/

💬 WhatsApp:
https://wa.me/639760110243

📧 Email:
buildframe.digitalsystem@gmail.com

BuildFrame — Built & Tailored for Your Business.","construction/content-creators-professional-services.png"
"content-creator-architectural-design-services-09","Architectural & Design Services","content-creator","🎥 SHOW THE PEOPLE BEHIND THE BUSINESS — ARCHITECTURAL & DESIGN SERVICES

Customers do business with people. Introduce the crew, specialist or professional behind sketches, design development, site visits and finished spaces.

A simple team photo, short introduction or workday clip can make your business feel more familiar and easier to remember.

BuildFrame can help turn real day-to-day work into organized website, portfolio and social media content — without making your business feel like it has to become a full-time media company.

LET PEOPLE MEET THE TEAM BEHIND THE WORK.

#MeetTheTeam #PeopleBehindTheWork #Architecturaldesignservices #ContentCreators #ConstructionVloggers #BuildFrame

🏗️ Ready to build a better way of doing business?

BuildFrame helps businesses strengthen their online presence, reach more customers, organize everyday work, and build simple systems around the way they already operate.

🌐 BuildFrame Business Software:
https://buildframe-business-software.pages.dev/

🛠️ See Our Work — Portfolio:
https://myportfolio.buildframe-digitalsystem.workers.dev/

📘 Follow BuildFrame on Facebook:
https://www.facebook.com/buildframebusinessoperatingsystem/

💬 WhatsApp:
https://wa.me/639760110243

📧 Email:
buildframe.digitalsystem@gmail.com

BuildFrame — Built & Tailored for Your Business.","construction/content-creators-professional-services.png"
"content-creator-specialty-subcontractors-trade-specialists-09","Specialty Subcontractors & Trade Specialists","content-creator","🎥 SHOW THE PEOPLE BEHIND THE BUSINESS — SPECIALTY SUBCONTRACTORS & TRADE SPECIALISTS

Customers do business with people. Introduce the crew, specialist or professional behind specialized installations, trade skills and work most people rarely see.

A simple team photo, short introduction or workday clip can make your business feel more familiar and easier to remember.

BuildFrame can help turn real day-to-day work into organized website, portfolio and social media content — without making your business feel like it has to become a full-time media company.

LET PEOPLE MEET THE TEAM BEHIND THE WORK.

#MeetTheTeam #PeopleBehindTheWork #Specialtysubcontractorstradespecialists #ContentCreators #ConstructionVloggers #BuildFrame

🏗️ Ready to build a better way of doing business?

BuildFrame helps businesses strengthen their online presence, reach more customers, organize everyday work, and build simple systems around the way they already operate.

🌐 BuildFrame Business Software:
https://buildframe-business-software.pages.dev/

🛠️ See Our Work — Portfolio:
https://myportfolio.buildframe-digitalsystem.workers.dev/

📘 Follow BuildFrame on Facebook:
https://www.facebook.com/buildframebusinessoperatingsystem/

💬 WhatsApp:
https://wa.me/639760110243

📧 Email:
buildframe.digitalsystem@gmail.com

BuildFrame — Built & Tailored for Your Business.","construction/content-creators-professional-services.png"
"content-creator-emergency-repair-construction-services-09","Emergency Repair & Construction Services","content-creator","🎥 SHOW THE PEOPLE BEHIND THE BUSINESS — EMERGENCY REPAIR & CONSTRUCTION SERVICES

Customers do business with people. Introduce the crew, specialist or professional behind urgent repairs, before-and-after fixes and crews solving real problems.

A simple team photo, short introduction or workday clip can make your business feel more familiar and easier to remember.

BuildFrame can help turn real day-to-day work into organized website, portfolio and social media content — without making your business feel like it has to become a full-time media company.

LET PEOPLE MEET THE TEAM BEHIND THE WORK.

#MeetTheTeam #PeopleBehindTheWork #Emergencyrepairconstructionservices #ContentCreators #ConstructionVloggers #BuildFrame

🏗️ Ready to build a better way of doing business?

BuildFrame helps businesses strengthen their online presence, reach more customers, organize everyday work, and build simple systems around the way they already operate.

🌐 BuildFrame Business Software:
https://buildframe-business-software.pages.dev/

🛠️ See Our Work — Portfolio:
https://myportfolio.buildframe-digitalsystem.workers.dev/

📘 Follow BuildFrame on Facebook:
https://www.facebook.com/buildframebusinessoperatingsystem/

💬 WhatsApp:
https://wa.me/639760110243

📧 Email:
buildframe.digitalsystem@gmail.com

BuildFrame — Built & Tailored for Your Business.","construction/content-creators-professional-services.png"
"content-creator-general-contractors-10","General Contractors","content-creator","🎥 STAY VISIBLE EVEN WHEN YOU'RE TOO BUSY TO POST — GENERAL CONTRACTORS

Busy working on project sites, crews and completed builds? Your online presence does not have to disappear.

BuildFrame can help organize your photos and ideas, prepare useful content and schedule it ahead so your business can stay visible even on your busiest days.

BuildFrame can help turn real day-to-day work into organized website, portfolio and social media content — without making your business feel like it has to become a full-time media company.

YOU KEEP DOING THE WORK. LET YOUR PREPARED CONTENT KEEP SHOWING UP.

#ConsistentContent #StayVisible #Generalcontractors #ContentCreators #ConstructionVloggers #BuildFrame

🏗️ Ready to build a better way of doing business?

BuildFrame helps businesses strengthen their online presence, reach more customers, organize everyday work, and build simple systems around the way they already operate.

🌐 BuildFrame Business Software:
https://buildframe-business-software.pages.dev/

🛠️ See Our Work — Portfolio:
https://myportfolio.buildframe-digitalsystem.workers.dev/

📘 Follow BuildFrame on Facebook:
https://www.facebook.com/buildframebusinessoperatingsystem/

💬 WhatsApp:
https://wa.me/639760110243

📧 Email:
buildframe.digitalsystem@gmail.com

BuildFrame — Built & Tailored for Your Business.","construction/content-creators-core-construction-trades.png"
"content-creator-roofing-contractors-10","Roofing Contractors","content-creator","🎥 STAY VISIBLE EVEN WHEN YOU'RE TOO BUSY TO POST — ROOFING CONTRACTORS

Busy working on roof installations, repairs and before-and-after transformations? Your online presence does not have to disappear.

BuildFrame can help organize your photos and ideas, prepare useful content and schedule it ahead so your business can stay visible even on your busiest days.

BuildFrame can help turn real day-to-day work into organized website, portfolio and social media content — without making your business feel like it has to become a full-time media company.

YOU KEEP DOING THE WORK. LET YOUR PREPARED CONTENT KEEP SHOWING UP.

#ConsistentContent #StayVisible #Roofingcontractors #ContentCreators #ConstructionVloggers #BuildFrame

🏗️ Ready to build a better way of doing business?

BuildFrame helps businesses strengthen their online presence, reach more customers, organize everyday work, and build simple systems around the way they already operate.

🌐 BuildFrame Business Software:
https://buildframe-business-software.pages.dev/

🛠️ See Our Work — Portfolio:
https://myportfolio.buildframe-digitalsystem.workers.dev/

📘 Follow BuildFrame on Facebook:
https://www.facebook.com/buildframebusinessoperatingsystem/

💬 WhatsApp:
https://wa.me/639760110243

📧 Email:
buildframe.digitalsystem@gmail.com

BuildFrame — Built & Tailored for Your Business.","construction/content-creators-core-construction-trades.png"
"content-creator-electrical-contractors-10","Electrical Contractors","content-creator","🎥 STAY VISIBLE EVEN WHEN YOU'RE TOO BUSY TO POST — ELECTRICAL CONTRACTORS

Busy working on electrical installations, panel work and site progress? Your online presence does not have to disappear.

BuildFrame can help organize your photos and ideas, prepare useful content and schedule it ahead so your business can stay visible even on your busiest days.

BuildFrame can help turn real day-to-day work into organized website, portfolio and social media content — without making your business feel like it has to become a full-time media company.

YOU KEEP DOING THE WORK. LET YOUR PREPARED CONTENT KEEP SHOWING UP.

#ConsistentContent #StayVisible #Electricalcontractors #ContentCreators #ConstructionVloggers #BuildFrame

🏗️ Ready to build a better way of doing business?

BuildFrame helps businesses strengthen their online presence, reach more customers, organize everyday work, and build simple systems around the way they already operate.

🌐 BuildFrame Business Software:
https://buildframe-business-software.pages.dev/

🛠️ See Our Work — Portfolio:
https://myportfolio.buildframe-digitalsystem.workers.dev/

📘 Follow BuildFrame on Facebook:
https://www.facebook.com/buildframebusinessoperatingsystem/

💬 WhatsApp:
https://wa.me/639760110243

📧 Email:
buildframe.digitalsystem@gmail.com

BuildFrame — Built & Tailored for Your Business.","construction/content-creators-core-construction-trades.png"
"content-creator-plumbing-contractors-10","Plumbing Contractors","content-creator","🎥 STAY VISIBLE EVEN WHEN YOU'RE TOO BUSY TO POST — PLUMBING CONTRACTORS

Busy working on pipe installations, repairs and problem-solving? Your online presence does not have to disappear.

BuildFrame can help organize your photos and ideas, prepare useful content and schedule it ahead so your business can stay visible even on your busiest days.

BuildFrame can help turn real day-to-day work into organized website, portfolio and social media content — without making your business feel like it has to become a full-time media company.

YOU KEEP DOING THE WORK. LET YOUR PREPARED CONTENT KEEP SHOWING UP.

#ConsistentContent #StayVisible #Plumbingcontractors #ContentCreators #ConstructionVloggers #BuildFrame

🏗️ Ready to build a better way of doing business?

BuildFrame helps businesses strengthen their online presence, reach more customers, organize everyday work, and build simple systems around the way they already operate.

🌐 BuildFrame Business Software:
https://buildframe-business-software.pages.dev/

🛠️ See Our Work — Portfolio:
https://myportfolio.buildframe-digitalsystem.workers.dev/

📘 Follow BuildFrame on Facebook:
https://www.facebook.com/buildframebusinessoperatingsystem/

💬 WhatsApp:
https://wa.me/639760110243

📧 Email:
buildframe.digitalsystem@gmail.com

BuildFrame — Built & Tailored for Your Business.","construction/content-creators-core-construction-trades.png"
"content-creator-hvac-contractors-10","HVAC Contractors","content-creator","🎥 STAY VISIBLE EVEN WHEN YOU'RE TOO BUSY TO POST — HVAC CONTRACTORS

Busy working on air-conditioning installations, servicing and maintenance? Your online presence does not have to disappear.

BuildFrame can help organize your photos and ideas, prepare useful content and schedule it ahead so your business can stay visible even on your busiest days.

BuildFrame can help turn real day-to-day work into organized website, portfolio and social media content — without making your business feel like it has to become a full-time media company.

YOU KEEP DOING THE WORK. LET YOUR PREPARED CONTENT KEEP SHOWING UP.

#ConsistentContent #StayVisible #Hvaccontractors #ContentCreators #ConstructionVloggers #BuildFrame

🏗️ Ready to build a better way of doing business?

BuildFrame helps businesses strengthen their online presence, reach more customers, organize everyday work, and build simple systems around the way they already operate.

🌐 BuildFrame Business Software:
https://buildframe-business-software.pages.dev/

🛠️ See Our Work — Portfolio:
https://myportfolio.buildframe-digitalsystem.workers.dev/

📘 Follow BuildFrame on Facebook:
https://www.facebook.com/buildframebusinessoperatingsystem/

💬 WhatsApp:
https://wa.me/639760110243

📧 Email:
buildframe.digitalsystem@gmail.com

BuildFrame — Built & Tailored for Your Business.","construction/content-creators-core-construction-trades.png"
"content-creator-renovation-remodeling-10","Renovation & Remodeling","content-creator","🎥 STAY VISIBLE EVEN WHEN YOU'RE TOO BUSY TO POST — RENOVATION & REMODELING

Busy working on room transformations, renovation progress and finished spaces? Your online presence does not have to disappear.

BuildFrame can help organize your photos and ideas, prepare useful content and schedule it ahead so your business can stay visible even on your busiest days.

BuildFrame can help turn real day-to-day work into organized website, portfolio and social media content — without making your business feel like it has to become a full-time media company.

YOU KEEP DOING THE WORK. LET YOUR PREPARED CONTENT KEEP SHOWING UP.

#ConsistentContent #StayVisible #Renovationremodeling #ContentCreators #ConstructionVloggers #BuildFrame

🏗️ Ready to build a better way of doing business?

BuildFrame helps businesses strengthen their online presence, reach more customers, organize everyday work, and build simple systems around the way they already operate.

🌐 BuildFrame Business Software:
https://buildframe-business-software.pages.dev/

🛠️ See Our Work — Portfolio:
https://myportfolio.buildframe-digitalsystem.workers.dev/

📘 Follow BuildFrame on Facebook:
https://www.facebook.com/buildframebusinessoperatingsystem/

💬 WhatsApp:
https://wa.me/639760110243

📧 Email:
buildframe.digitalsystem@gmail.com

BuildFrame — Built & Tailored for Your Business.","construction/content-creators-core-construction-trades.png"
"content-creator-handyman-property-maintenance-10","Handyman & Property Maintenance","content-creator","🎥 STAY VISIBLE EVEN WHEN YOU'RE TOO BUSY TO POST — HANDYMAN & PROPERTY MAINTENANCE

Busy working on everyday repairs, maintenance visits and property improvements? Your online presence does not have to disappear.

BuildFrame can help organize your photos and ideas, prepare useful content and schedule it ahead so your business can stay visible even on your busiest days.

BuildFrame can help turn real day-to-day work into organized website, portfolio and social media content — without making your business feel like it has to become a full-time media company.

YOU KEEP DOING THE WORK. LET YOUR PREPARED CONTENT KEEP SHOWING UP.

#ConsistentContent #StayVisible #Handymanpropertymaintenance #ContentCreators #ConstructionVloggers #BuildFrame

🏗️ Ready to build a better way of doing business?

BuildFrame helps businesses strengthen their online presence, reach more customers, organize everyday work, and build simple systems around the way they already operate.

🌐 BuildFrame Business Software:
https://buildframe-business-software.pages.dev/

🛠️ See Our Work — Portfolio:
https://myportfolio.buildframe-digitalsystem.workers.dev/

📘 Follow BuildFrame on Facebook:
https://www.facebook.com/buildframebusinessoperatingsystem/

💬 WhatsApp:
https://wa.me/639760110243

📧 Email:
buildframe.digitalsystem@gmail.com

BuildFrame — Built & Tailored for Your Business.","construction/content-creators-core-construction-trades.png"
"content-creator-tiling-flooring-contractors-10","Tiling & Flooring Contractors","content-creator","🎥 STAY VISIBLE EVEN WHEN YOU'RE TOO BUSY TO POST — TILING & FLOORING CONTRACTORS

Busy working on floor preparation, tile setting, patterns and finished floors? Your online presence does not have to disappear.

BuildFrame can help organize your photos and ideas, prepare useful content and schedule it ahead so your business can stay visible even on your busiest days.

BuildFrame can help turn real day-to-day work into organized website, portfolio and social media content — without making your business feel like it has to become a full-time media company.

YOU KEEP DOING THE WORK. LET YOUR PREPARED CONTENT KEEP SHOWING UP.

#ConsistentContent #StayVisible #Tilingflooringcontractors #ContentCreators #ConstructionVloggers #BuildFrame

🏗️ Ready to build a better way of doing business?

BuildFrame helps businesses strengthen their online presence, reach more customers, organize everyday work, and build simple systems around the way they already operate.

🌐 BuildFrame Business Software:
https://buildframe-business-software.pages.dev/

🛠️ See Our Work — Portfolio:
https://myportfolio.buildframe-digitalsystem.workers.dev/

📘 Follow BuildFrame on Facebook:
https://www.facebook.com/buildframebusinessoperatingsystem/

💬 WhatsApp:
https://wa.me/639760110243

📧 Email:
buildframe.digitalsystem@gmail.com

BuildFrame — Built & Tailored for Your Business.","construction/content-creators-specialized-contractors-services.png"
"content-creator-landscaping-contractors-10","Landscaping Contractors","content-creator","🎥 STAY VISIBLE EVEN WHEN YOU'RE TOO BUSY TO POST — LANDSCAPING CONTRACTORS

Busy working on garden transformations, planting, hardscaping and outdoor spaces? Your online presence does not have to disappear.

BuildFrame can help organize your photos and ideas, prepare useful content and schedule it ahead so your business can stay visible even on your busiest days.

BuildFrame can help turn real day-to-day work into organized website, portfolio and social media content — without making your business feel like it has to become a full-time media company.

YOU KEEP DOING THE WORK. LET YOUR PREPARED CONTENT KEEP SHOWING UP.

#ConsistentContent #StayVisible #Landscapingcontractors #ContentCreators #ConstructionVloggers #BuildFrame

🏗️ Ready to build a better way of doing business?

BuildFrame helps businesses strengthen their online presence, reach more customers, organize everyday work, and build simple systems around the way they already operate.

🌐 BuildFrame Business Software:
https://buildframe-business-software.pages.dev/

🛠️ See Our Work — Portfolio:
https://myportfolio.buildframe-digitalsystem.workers.dev/

📘 Follow BuildFrame on Facebook:
https://www.facebook.com/buildframebusinessoperatingsystem/

💬 WhatsApp:
https://wa.me/639760110243

📧 Email:
buildframe.digitalsystem@gmail.com

BuildFrame — Built & Tailored for Your Business.","construction/content-creators-specialized-contractors-services.png"
"content-creator-metal-fabrication-10","Metal Fabrication","content-creator","🎥 STAY VISIBLE EVEN WHEN YOU'RE TOO BUSY TO POST — METAL FABRICATION

Busy working on cutting, welding, fabrication and finished metalwork? Your online presence does not have to disappear.

BuildFrame can help organize your photos and ideas, prepare useful content and schedule it ahead so your business can stay visible even on your busiest days.

BuildFrame can help turn real day-to-day work into organized website, portfolio and social media content — without making your business feel like it has to become a full-time media company.

YOU KEEP DOING THE WORK. LET YOUR PREPARED CONTENT KEEP SHOWING UP.

#ConsistentContent #StayVisible #Metalfabrication #ContentCreators #ConstructionVloggers #BuildFrame

🏗️ Ready to build a better way of doing business?

BuildFrame helps businesses strengthen their online presence, reach more customers, organize everyday work, and build simple systems around the way they already operate.

🌐 BuildFrame Business Software:
https://buildframe-business-software.pages.dev/

🛠️ See Our Work — Portfolio:
https://myportfolio.buildframe-digitalsystem.workers.dev/

📘 Follow BuildFrame on Facebook:
https://www.facebook.com/buildframebusinessoperatingsystem/

💬 WhatsApp:
https://wa.me/639760110243

📧 Email:
buildframe.digitalsystem@gmail.com

BuildFrame — Built & Tailored for Your Business.","construction/content-creators-specialized-contractors-services.png"
"content-creator-glass-aluminum-contractors-10","Glass & Aluminum Contractors","content-creator","🎥 STAY VISIBLE EVEN WHEN YOU'RE TOO BUSY TO POST — GLASS & ALUMINUM CONTRACTORS

Busy working on window, door, partition and facade installations? Your online presence does not have to disappear.

BuildFrame can help organize your photos and ideas, prepare useful content and schedule it ahead so your business can stay visible even on your busiest days.

BuildFrame can help turn real day-to-day work into organized website, portfolio and social media content — without making your business feel like it has to become a full-time media company.

YOU KEEP DOING THE WORK. LET YOUR PREPARED CONTENT KEEP SHOWING UP.

#ConsistentContent #StayVisible #Glassaluminumcontractors #ContentCreators #ConstructionVloggers #BuildFrame

🏗️ Ready to build a better way of doing business?

BuildFrame helps businesses strengthen their online presence, reach more customers, organize everyday work, and build simple systems around the way they already operate.

🌐 BuildFrame Business Software:
https://buildframe-business-software.pages.dev/

🛠️ See Our Work — Portfolio:
https://myportfolio.buildframe-digitalsystem.workers.dev/

📘 Follow BuildFrame on Facebook:
https://www.facebook.com/buildframebusinessoperatingsystem/

💬 WhatsApp:
https://wa.me/639760110243

📧 Email:
buildframe.digitalsystem@gmail.com

BuildFrame — Built & Tailored for Your Business.","construction/content-creators-specialized-contractors-services.png"
"content-creator-woodworking-carpentry-10","Woodworking & Carpentry","content-creator","🎥 STAY VISIBLE EVEN WHEN YOU'RE TOO BUSY TO POST — WOODWORKING & CARPENTRY

Busy working on custom furniture, cabinetry, joinery and installation? Your online presence does not have to disappear.

BuildFrame can help organize your photos and ideas, prepare useful content and schedule it ahead so your business can stay visible even on your busiest days.

BuildFrame can help turn real day-to-day work into organized website, portfolio and social media content — without making your business feel like it has to become a full-time media company.

YOU KEEP DOING THE WORK. LET YOUR PREPARED CONTENT KEEP SHOWING UP.

#ConsistentContent #StayVisible #Woodworkingcarpentry #ContentCreators #ConstructionVloggers #BuildFrame

🏗️ Ready to build a better way of doing business?

BuildFrame helps businesses strengthen their online presence, reach more customers, organize everyday work, and build simple systems around the way they already operate.

🌐 BuildFrame Business Software:
https://buildframe-business-software.pages.dev/

🛠️ See Our Work — Portfolio:
https://myportfolio.buildframe-digitalsystem.workers.dev/

📘 Follow BuildFrame on Facebook:
https://www.facebook.com/buildframebusinessoperatingsystem/

💬 WhatsApp:
https://wa.me/639760110243

📧 Email:
buildframe.digitalsystem@gmail.com

BuildFrame — Built & Tailored for Your Business.","construction/content-creators-specialized-contractors-services.png"
"content-creator-solar-installation-contractors-10","Solar Installation Contractors","content-creator","🎥 STAY VISIBLE EVEN WHEN YOU'RE TOO BUSY TO POST — SOLAR INSTALLATION CONTRACTORS

Busy working on solar site checks, panel installation and completed systems? Your online presence does not have to disappear.

BuildFrame can help organize your photos and ideas, prepare useful content and schedule it ahead so your business can stay visible even on your busiest days.

BuildFrame can help turn real day-to-day work into organized website, portfolio and social media content — without making your business feel like it has to become a full-time media company.

YOU KEEP DOING THE WORK. LET YOUR PREPARED CONTENT KEEP SHOWING UP.

#ConsistentContent #StayVisible #Solarinstallationcontractors #ContentCreators #ConstructionVloggers #BuildFrame

🏗️ Ready to build a better way of doing business?

BuildFrame helps businesses strengthen their online presence, reach more customers, organize everyday work, and build simple systems around the way they already operate.

🌐 BuildFrame Business Software:
https://buildframe-business-software.pages.dev/

🛠️ See Our Work — Portfolio:
https://myportfolio.buildframe-digitalsystem.workers.dev/

📘 Follow BuildFrame on Facebook:
https://www.facebook.com/buildframebusinessoperatingsystem/

💬 WhatsApp:
https://wa.me/639760110243

📧 Email:
buildframe.digitalsystem@gmail.com

BuildFrame — Built & Tailored for Your Business.","construction/content-creators-specialized-contractors-services.png"
"content-creator-construction-suppliers-building-materials-10","Construction Suppliers & Building Materials","content-creator","🎥 STAY VISIBLE EVEN WHEN YOU'RE TOO BUSY TO POST — CONSTRUCTION SUPPLIERS & BUILDING MATERIALS

Busy working on new materials, deliveries, stock and products used on real projects? Your online presence does not have to disappear.

BuildFrame can help organize your photos and ideas, prepare useful content and schedule it ahead so your business can stay visible even on your busiest days.

BuildFrame can help turn real day-to-day work into organized website, portfolio and social media content — without making your business feel like it has to become a full-time media company.

YOU KEEP DOING THE WORK. LET YOUR PREPARED CONTENT KEEP SHOWING UP.

#ConsistentContent #StayVisible #Constructionsuppliersbuildingmaterials #ContentCreators #ConstructionVloggers #BuildFrame

🏗️ Ready to build a better way of doing business?

BuildFrame helps businesses strengthen their online presence, reach more customers, organize everyday work, and build simple systems around the way they already operate.

🌐 BuildFrame Business Software:
https://buildframe-business-software.pages.dev/

🛠️ See Our Work — Portfolio:
https://myportfolio.buildframe-digitalsystem.workers.dev/

📘 Follow BuildFrame on Facebook:
https://www.facebook.com/buildframebusinessoperatingsystem/

💬 WhatsApp:
https://wa.me/639760110243

📧 Email:
buildframe.digitalsystem@gmail.com

BuildFrame — Built & Tailored for Your Business.","construction/content-creators-specialized-contractors-services.png"
"content-creator-aggregates-anapog-filling-materials-10","Aggregates, Anapog & Filling Materials","content-creator","🎥 STAY VISIBLE EVEN WHEN YOU'RE TOO BUSY TO POST — AGGREGATES, ANAPOG & FILLING MATERIALS

Busy working on loading, deliveries, stockpiles and materials arriving on site? Your online presence does not have to disappear.

BuildFrame can help organize your photos and ideas, prepare useful content and schedule it ahead so your business can stay visible even on your busiest days.

BuildFrame can help turn real day-to-day work into organized website, portfolio and social media content — without making your business feel like it has to become a full-time media company.

YOU KEEP DOING THE WORK. LET YOUR PREPARED CONTENT KEEP SHOWING UP.

#ConsistentContent #StayVisible #Aggregatesanapogfillingmaterials #ContentCreators #ConstructionVloggers #BuildFrame

🏗️ Ready to build a better way of doing business?

BuildFrame helps businesses strengthen their online presence, reach more customers, organize everyday work, and build simple systems around the way they already operate.

🌐 BuildFrame Business Software:
https://buildframe-business-software.pages.dev/

🛠️ See Our Work — Portfolio:
https://myportfolio.buildframe-digitalsystem.workers.dev/

📘 Follow BuildFrame on Facebook:
https://www.facebook.com/buildframebusinessoperatingsystem/

💬 WhatsApp:
https://wa.me/639760110243

📧 Email:
buildframe.digitalsystem@gmail.com

BuildFrame — Built & Tailored for Your Business.","construction/content-creators-professional-services.png"
"content-creator-property-management-10","Property Management","content-creator","🎥 STAY VISIBLE EVEN WHEN YOU'RE TOO BUSY TO POST — PROPERTY MANAGEMENT

Busy working on property inspections, maintenance, improvements and day-to-day operations? Your online presence does not have to disappear.

BuildFrame can help organize your photos and ideas, prepare useful content and schedule it ahead so your business can stay visible even on your busiest days.

BuildFrame can help turn real day-to-day work into organized website, portfolio and social media content — without making your business feel like it has to become a full-time media company.

YOU KEEP DOING THE WORK. LET YOUR PREPARED CONTENT KEEP SHOWING UP.

#ConsistentContent #StayVisible #Propertymanagement #ContentCreators #ConstructionVloggers #BuildFrame

🏗️ Ready to build a better way of doing business?

BuildFrame helps businesses strengthen their online presence, reach more customers, organize everyday work, and build simple systems around the way they already operate.

🌐 BuildFrame Business Software:
https://buildframe-business-software.pages.dev/

🛠️ See Our Work — Portfolio:
https://myportfolio.buildframe-digitalsystem.workers.dev/

📘 Follow BuildFrame on Facebook:
https://www.facebook.com/buildframebusinessoperatingsystem/

💬 WhatsApp:
https://wa.me/639760110243

📧 Email:
buildframe.digitalsystem@gmail.com

BuildFrame — Built & Tailored for Your Business.","construction/content-creators-professional-services.png"
"content-creator-engineering-services-10","Engineering Services","content-creator","🎥 STAY VISIBLE EVEN WHEN YOU'RE TOO BUSY TO POST — ENGINEERING SERVICES

Busy working on site inspections, project milestones and engineering work in action? Your online presence does not have to disappear.

BuildFrame can help organize your photos and ideas, prepare useful content and schedule it ahead so your business can stay visible even on your busiest days.

BuildFrame can help turn real day-to-day work into organized website, portfolio and social media content — without making your business feel like it has to become a full-time media company.

YOU KEEP DOING THE WORK. LET YOUR PREPARED CONTENT KEEP SHOWING UP.

#ConsistentContent #StayVisible #Engineeringservices #ContentCreators #ConstructionVloggers #BuildFrame

🏗️ Ready to build a better way of doing business?

BuildFrame helps businesses strengthen their online presence, reach more customers, organize everyday work, and build simple systems around the way they already operate.

🌐 BuildFrame Business Software:
https://buildframe-business-software.pages.dev/

🛠️ See Our Work — Portfolio:
https://myportfolio.buildframe-digitalsystem.workers.dev/

📘 Follow BuildFrame on Facebook:
https://www.facebook.com/buildframebusinessoperatingsystem/

💬 WhatsApp:
https://wa.me/639760110243

📧 Email:
buildframe.digitalsystem@gmail.com

BuildFrame — Built & Tailored for Your Business.","construction/content-creators-professional-services.png"
"content-creator-architectural-design-services-10","Architectural & Design Services","content-creator","🎥 STAY VISIBLE EVEN WHEN YOU'RE TOO BUSY TO POST — ARCHITECTURAL & DESIGN SERVICES

Busy working on sketches, design development, site visits and finished spaces? Your online presence does not have to disappear.

BuildFrame can help organize your photos and ideas, prepare useful content and schedule it ahead so your business can stay visible even on your busiest days.

BuildFrame can help turn real day-to-day work into organized website, portfolio and social media content — without making your business feel like it has to become a full-time media company.

YOU KEEP DOING THE WORK. LET YOUR PREPARED CONTENT KEEP SHOWING UP.

#ConsistentContent #StayVisible #Architecturaldesignservices #ContentCreators #ConstructionVloggers #BuildFrame

🏗️ Ready to build a better way of doing business?

BuildFrame helps businesses strengthen their online presence, reach more customers, organize everyday work, and build simple systems around the way they already operate.

🌐 BuildFrame Business Software:
https://buildframe-business-software.pages.dev/

🛠️ See Our Work — Portfolio:
https://myportfolio.buildframe-digitalsystem.workers.dev/

📘 Follow BuildFrame on Facebook:
https://www.facebook.com/buildframebusinessoperatingsystem/

💬 WhatsApp:
https://wa.me/639760110243

📧 Email:
buildframe.digitalsystem@gmail.com

BuildFrame — Built & Tailored for Your Business.","construction/content-creators-professional-services.png"
"content-creator-specialty-subcontractors-trade-specialists-10","Specialty Subcontractors & Trade Specialists","content-creator","🎥 STAY VISIBLE EVEN WHEN YOU'RE TOO BUSY TO POST — SPECIALTY SUBCONTRACTORS & TRADE SPECIALISTS

Busy working on specialized installations, trade skills and work most people rarely see? Your online presence does not have to disappear.

BuildFrame can help organize your photos and ideas, prepare useful content and schedule it ahead so your business can stay visible even on your busiest days.

BuildFrame can help turn real day-to-day work into organized website, portfolio and social media content — without making your business feel like it has to become a full-time media company.

YOU KEEP DOING THE WORK. LET YOUR PREPARED CONTENT KEEP SHOWING UP.

#ConsistentContent #StayVisible #Specialtysubcontractorstradespecialists #ContentCreators #ConstructionVloggers #BuildFrame

🏗️ Ready to build a better way of doing business?

BuildFrame helps businesses strengthen their online presence, reach more customers, organize everyday work, and build simple systems around the way they already operate.

🌐 BuildFrame Business Software:
https://buildframe-business-software.pages.dev/

🛠️ See Our Work — Portfolio:
https://myportfolio.buildframe-digitalsystem.workers.dev/

📘 Follow BuildFrame on Facebook:
https://www.facebook.com/buildframebusinessoperatingsystem/

💬 WhatsApp:
https://wa.me/639760110243

📧 Email:
buildframe.digitalsystem@gmail.com

BuildFrame — Built & Tailored for Your Business.","construction/content-creators-professional-services.png"
"content-creator-emergency-repair-construction-services-10","Emergency Repair & Construction Services","content-creator","🎥 STAY VISIBLE EVEN WHEN YOU'RE TOO BUSY TO POST — EMERGENCY REPAIR & CONSTRUCTION SERVICES

Busy working on urgent repairs, before-and-after fixes and crews solving real problems? Your online presence does not have to disappear.

BuildFrame can help organize your photos and ideas, prepare useful content and schedule it ahead so your business can stay visible even on your busiest days.

BuildFrame can help turn real day-to-day work into organized website, portfolio and social media content — without making your business feel like it has to become a full-time media company.

YOU KEEP DOING THE WORK. LET YOUR PREPARED CONTENT KEEP SHOWING UP.

#ConsistentContent #StayVisible #Emergencyrepairconstructionservices #ContentCreators #ConstructionVloggers #BuildFrame

🏗️ Ready to build a better way of doing business?

BuildFrame helps businesses strengthen their online presence, reach more customers, organize everyday work, and build simple systems around the way they already operate.

🌐 BuildFrame Business Software:
https://buildframe-business-software.pages.dev/

🛠️ See Our Work — Portfolio:
https://myportfolio.buildframe-digitalsystem.workers.dev/

📘 Follow BuildFrame on Facebook:
https://www.facebook.com/buildframebusinessoperatingsystem/

💬 WhatsApp:
https://wa.me/639760110243

📧 Email:
buildframe.digitalsystem@gmail.com

BuildFrame — Built & Tailored for Your Business.","construction/content-creators-professional-services.png"
