id,market,category,caption,image
general-contractors-001,General Contractors,construction,"TOO MANY PROJECT UPDATES IN TOO MANY PLACES? 🏗️

When site updates are spread across notebooks, Messenger, phones and spreadsheets, finding the right information can take too much time.

BuildFrame can help put your project updates, schedules, photos and important records in one simple place. You keep the way your team works — we help make it easier to manage.

LESS SEARCHING. MORE TIME BUILDING.

#GeneralContractors #Construction #ProjectUpdates #ConstructionBusiness #BuildFrame

🌐 BuildFrame Business Software: https://buildframe-business-software.pages.dev/
🛠️ See Our Work — Portfolio: https://myportfolio.buildframe-digitalsystem.workers.dev/
📘 Facebook: https://www.facebook.com/buildframebusinessoperatingsystem/
💬 WhatsApp: https://wa.me/639760110243
📧 Email: buildframe.digitalsystem@gmail.com

BuildFrame — Built & Tailored for Your Business.",construction/general-contractors.png
roofing-contractors-001,Roofing Contractors,construction,"HOW MANY ROOFING JOBS ARE YOU TRYING TO KEEP IN YOUR HEAD? 🏠

When several roof repairs or installations are happening at once, updates can get scattered between calls, chats and notebooks.

BuildFrame can help keep each job's schedule, notes, photos and important details in one simple place.

SEE WHAT'S HAPPENING WITHOUT CALLING EVERYONE FIRST.

#RoofingContractors #RoofingBusiness #RoofingProjects #Construction #BuildFrame

🌐 BuildFrame Business Software: https://buildframe-business-software.pages.dev/
🛠️ See Our Work — Portfolio: https://myportfolio.buildframe-digitalsystem.workers.dev/
📘 Facebook: https://www.facebook.com/buildframebusinessoperatingsystem/
💬 WhatsApp: https://wa.me/639760110243
📧 Email: buildframe.digitalsystem@gmail.com

BuildFrame — Built & Tailored for Your Business.",construction/roofing-contractors.png
electrical-contractors-001,Electrical Contractors,construction,"TOO MANY ELECTRICAL JOBS TO REMEMBER FROM MEMORY? ⚡

Service calls, installations and ongoing projects can quickly pile up when details are kept in notebooks, messages and different phones.

BuildFrame can help keep each job's schedule, notes, photos and important details in one simple place.

KNOW WHAT'S HAPPENING WITHOUT SEARCHING EVERYWHERE.

#ElectricalContractors #ElectricalBusiness #ElectricalProjects #Construction #BuildFrame

🌐 BuildFrame Business Software: https://buildframe-business-software.pages.dev/
🛠️ See Our Work — Portfolio: https://myportfolio.buildframe-digitalsystem.workers.dev/
📘 Facebook: https://www.facebook.com/buildframebusinessoperatingsystem/
💬 WhatsApp: https://wa.me/639760110243
📧 Email: buildframe.digitalsystem@gmail.com

BuildFrame — Built & Tailored for Your Business.",construction/electrical-contractors.png
plumbing-contractors-001,Plumbing Contractors,construction,"TOO MANY PLUMBING JOBS IN TOO MANY PLACES? 🔧💧

Repairs, installations and ongoing projects can quickly become hard to follow when details are spread across notebooks, calls and messages.

BuildFrame can help keep each job's schedule, notes, photos and important details in one simple place.

LESS SEARCHING. MORE TIME GETTING THE JOB DONE.

#PlumbingContractors #PlumbingBusiness #PlumbingJobs #Construction #BuildFrame

🌐 BuildFrame Business Software: https://buildframe-business-software.pages.dev/
🛠️ See Our Work — Portfolio: https://myportfolio.buildframe-digitalsystem.workers.dev/
📘 Facebook: https://www.facebook.com/buildframebusinessoperatingsystem/
💬 WhatsApp: https://wa.me/639760110243
📧 Email: buildframe.digitalsystem@gmail.com

BuildFrame — Built & Tailored for Your Business.",construction/plumbing-contractors.png
hvac-contractors-001,HVAC Contractors,construction,"TOO MANY HVAC JOBS TO KEEP TRACK OF? ❄️🔥

Installations, repairs and maintenance visits can pile up fast when job details are spread across notebooks, calls and messages.

BuildFrame can help keep each job's schedule, notes, photos and important details in one simple place.

LESS SEARCHING. MORE TIME GETTING THE JOB DONE.

#HVACContractors #HVACBusiness #HVACJobs #Construction #BuildFrame

🌐 BuildFrame Business Software: https://buildframe-business-software.pages.dev/
🛠️ See Our Work — Portfolio: https://myportfolio.buildframe-digitalsystem.workers.dev/
📘 Facebook: https://www.facebook.com/buildframebusinessoperatingsystem/
💬 WhatsApp: https://wa.me/639760110243
📧 Email: buildframe.digitalsystem@gmail.com

BuildFrame — Built & Tailored for Your Business.",construction/hvac-contractors.png
renovation-remodeling-001,Renovation & Remodeling,construction,"RENOVATION STARTED — BUT WHERE ARE ALL THE PROJECT DETAILS? 🔨🏠

Renovation work can involve measurements, choices, photos, schedules and changes along the way. When everything is spread across chats and notebooks, details can be missed.

BuildFrame can help keep project notes, schedules, photos and important information in one simple place.

KEEP THE PROJECT CLEAR FROM START TO FINISH.

#RenovationContractors #Remodeling #RenovationProjects #Construction #BuildFrame

🌐 BuildFrame Business Software: https://buildframe-business-software.pages.dev/
🛠️ See Our Work — Portfolio: https://myportfolio.buildframe-digitalsystem.workers.dev/
📘 Facebook: https://www.facebook.com/buildframebusinessoperatingsystem/
💬 WhatsApp: https://wa.me/639760110243
📧 Email: buildframe.digitalsystem@gmail.com

BuildFrame — Built & Tailored for Your Business.",construction/renovation-remodeling.png
handyman-property-maintenance-001,Handyman & Property Maintenance,construction,"SMALL REPAIRS CAN TURN INTO A VERY BUSY DAY. 🔧🏠

A loose door here, a leaking tap there, a damaged wall somewhere else — property maintenance teams often handle many different jobs at once.

BuildFrame can help keep each job's location, notes, schedule and important details in one simple place.

KNOW WHAT NEEDS FIXING AND WHAT'S ALREADY DONE.

#HandymanServices #PropertyMaintenance #MaintenanceJobs #Contractors #BuildFrame

🌐 BuildFrame Business Software: https://buildframe-business-software.pages.dev/
🛠️ See Our Work — Portfolio: https://myportfolio.buildframe-digitalsystem.workers.dev/
📘 Facebook: https://www.facebook.com/buildframebusinessoperatingsystem/
💬 WhatsApp: https://wa.me/639760110243
📧 Email: buildframe.digitalsystem@gmail.com

BuildFrame — Built & Tailored for Your Business.",construction/handyman-property-maintenance.png
tiling-flooring-contractors-001,Tiling & Flooring Contractors,construction,"TILES HERE. FLOORING THERE. WHICH JOB NEEDS ATTENTION TODAY? 🧱🏠

Tiling and flooring contractors often handle measurements, preparation, installation and finishing across several jobs.

BuildFrame can help keep each project's schedule, notes, photos and important details in one simple place.

KEEP EVERY FLOORING JOB EASIER TO FOLLOW.

#TilingContractors #FlooringContractors #FlooringProjects #Construction #BuildFrame

🌐 BuildFrame Business Software: https://buildframe-business-software.pages.dev/
🛠️ See Our Work — Portfolio: https://myportfolio.buildframe-digitalsystem.workers.dev/
📘 Facebook: https://www.facebook.com/buildframebusinessoperatingsystem/
💬 WhatsApp: https://wa.me/639760110243
📧 Email: buildframe.digitalsystem@gmail.com

BuildFrame — Built & Tailored for Your Business.",construction/tiling-flooring-contractors.png
landscaping-contractors-001,Landscaping Contractors,construction,"THREE LANDSCAPING PROJECTS. WHICH ONE NEEDS ATTENTION TODAY? 🌿🏡

Landscaping work can involve site preparation, planting, hardscape work, irrigation and ongoing maintenance at different locations.

BuildFrame can help keep each project's schedule, notes, photos and important details in one simple place.

KEEP EVERY PROJECT EASIER TO FOLLOW.

#LandscapingContractors #LandscapingBusiness #LandscapeProjects #Construction #BuildFrame

🌐 BuildFrame Business Software: https://buildframe-business-software.pages.dev/
🛠️ See Our Work — Portfolio: https://myportfolio.buildframe-digitalsystem.workers.dev/
📘 Facebook: https://www.facebook.com/buildframebusinessoperatingsystem/
💬 WhatsApp: https://wa.me/639760110243
📧 Email: buildframe.digitalsystem@gmail.com

BuildFrame — Built & Tailored for Your Business.",construction/landscaping-contractors.png
metal-fabrication-001,Metal Fabrication,construction,"TOO MANY FABRICATION JOBS MOVING AT THE SAME TIME? 🔩⚙️

Gates, railings, frames, structural pieces and custom metal work can all be at different stages.

BuildFrame can help keep each job's schedule, notes, photos and important details in one simple place.

SEE WHAT'S BEING MEASURED, FABRICATED, DELIVERED OR INSTALLED.

#MetalFabrication #FabricationContractors #MetalWorks #Construction #BuildFrame

🌐 BuildFrame Business Software: https://buildframe-business-software.pages.dev/
🛠️ See Our Work — Portfolio: https://myportfolio.buildframe-digitalsystem.workers.dev/
📘 Facebook: https://www.facebook.com/buildframebusinessoperatingsystem/
💬 WhatsApp: https://wa.me/639760110243
📧 Email: buildframe.digitalsystem@gmail.com

BuildFrame — Built & Tailored for Your Business.",construction/metal-fabrication.png
glass-aluminum-contractors-001,Glass & Aluminum Contractors,construction,"WINDOWS HERE. DOORS THERE. WHICH INSTALLATION NEEDS ATTENTION TODAY? 🪟🔧

Glass and aluminum contractors often handle measurements, fabrication, delivery and installation across several projects.

BuildFrame can help keep each project's schedule, notes, photos and important details in one simple place.

KEEP EVERY JOB EASIER TO FOLLOW.

#GlassContractors #AluminumContractors #GlassAndAluminum #Construction #BuildFrame

🌐 BuildFrame Business Software: https://buildframe-business-software.pages.dev/
🛠️ See Our Work — Portfolio: https://myportfolio.buildframe-digitalsystem.workers.dev/
📘 Facebook: https://www.facebook.com/buildframebusinessoperatingsystem/
💬 WhatsApp: https://wa.me/639760110243
📧 Email: buildframe.digitalsystem@gmail.com

BuildFrame — Built & Tailored for Your Business.",construction/glass-aluminum-contractors.png
woodworking-carpentry-001,Woodworking & Carpentry,construction,"TOO MANY CARPENTRY JOBS MOVING AT ONCE? 🪚🪵

Cabinets, doors, furniture, fit-outs and custom woodwork can all be at different stages across several projects.

BuildFrame can help keep each job's schedule, notes, photos and important details in one simple place.

KEEP EVERY WOODWORKING JOB EASIER TO FOLLOW.

#Woodworking #CarpentryContractors #CustomCarpentry #Construction #BuildFrame

🌐 BuildFrame Business Software: https://buildframe-business-software.pages.dev/
🛠️ See Our Work — Portfolio: https://myportfolio.buildframe-digitalsystem.workers.dev/
📘 Facebook: https://www.facebook.com/buildframebusinessoperatingsystem/
💬 WhatsApp: https://wa.me/639760110243
📧 Email: buildframe.digitalsystem@gmail.com

BuildFrame — Built & Tailored for Your Business.",construction/woodworking-carpentry.png
solar-installation-contractors-001,Solar Installation Contractors,construction,"TOO MANY SOLAR PROJECTS AT DIFFERENT STAGES? ☀️🔋

One project may be waiting for a site check, another for materials, another for installation and another for final testing.

BuildFrame can help keep each project's schedule, notes, photos and important details in one simple place.

SEE WHAT'S NEXT FOR EVERY SOLAR JOB.

#SolarContractors #SolarInstallation #SolarProjects #Construction #BuildFrame

🌐 BuildFrame Business Software: https://buildframe-business-software.pages.dev/
🛠️ See Our Work — Portfolio: https://myportfolio.buildframe-digitalsystem.workers.dev/
📘 Facebook: https://www.facebook.com/buildframebusinessoperatingsystem/
💬 WhatsApp: https://wa.me/639760110243
📧 Email: buildframe.digitalsystem@gmail.com

BuildFrame — Built & Tailored for Your Business.",construction/solar-installation-contractors.png
construction-suppliers-building-materials-001,Construction Suppliers & Building Materials,construction,"TOO MANY ORDERS, DELIVERIES AND CUSTOMER REQUESTS AT THE SAME TIME? 🧱🚚

Construction suppliers may be handling cement, steel, lumber, hardware and other materials for several customers and project sites at once.

BuildFrame can help keep each order's details, schedule, customer information and important notes in one simple place.

KEEP EVERY ORDER EASIER TO FOLLOW.

#ConstructionSuppliers #BuildingMaterials #ConstructionBusiness #MaterialSupplier #BuildFrame

🌐 BuildFrame Business Software: https://buildframe-business-software.pages.dev/
🛠️ See Our Work — Portfolio: https://myportfolio.buildframe-digitalsystem.workers.dev/
📘 Facebook: https://www.facebook.com/buildframebusinessoperatingsystem/
💬 WhatsApp: https://wa.me/639760110243
📧 Email: buildframe.digitalsystem@gmail.com

BuildFrame — Built & Tailored for Your Business.",construction/construction-suppliers-building-materials.png
aggregates-anapog-filling-materials-001,"Aggregates, Anapog & Filling Materials",construction,"HOW MANY LOADS ARE GOING OUT TODAY? 🪨🚛

Aggregates, anapog and filling materials often move quickly from stockpile to truck to project site.

BuildFrame can help keep each order's quantity, destination, schedule and important notes in one simple place.

KEEP EVERY DELIVERY EASIER TO FOLLOW.

#Aggregates #Anapog #FillingMaterials #ConstructionSupply #BuildFrame

🌐 BuildFrame Business Software: https://buildframe-business-software.pages.dev/
🛠️ See Our Work — Portfolio: https://myportfolio.buildframe-digitalsystem.workers.dev/
📘 Facebook: https://www.facebook.com/buildframebusinessoperatingsystem/
💬 WhatsApp: https://wa.me/639760110243
📧 Email: buildframe.digitalsystem@gmail.com

BuildFrame — Built & Tailored for Your Business.",construction/aggregates-anapog-filling-materials.png
property-management-001,Property Management,construction,"TOO MANY PROPERTIES, TENANTS AND MAINTENANCE REQUESTS AT ONCE? 🏢🔧

Property management can mean handling several buildings, units, tenants, contractors and maintenance concerns at the same time.

BuildFrame can help keep property details, requests, schedules and important notes in one simple place.

KEEP EVERY PROPERTY EASIER TO FOLLOW.

#PropertyManagement #PropertyManagers #RealEstateOperations #BuildingManagement #BuildFrame

🌐 BuildFrame Business Software: https://buildframe-business-software.pages.dev/
🛠️ See Our Work — Portfolio: https://myportfolio.buildframe-digitalsystem.workers.dev/
📘 Facebook: https://www.facebook.com/buildframebusinessoperatingsystem/
💬 WhatsApp: https://wa.me/639760110243
📧 Email: buildframe.digitalsystem@gmail.com

BuildFrame — Built & Tailored for Your Business.",construction/property-management.png
engineering-services-001,Engineering Services,construction,"TOO MANY ENGINEERING PROJECTS MOVING AT DIFFERENT STAGES? 📐🏗️

One project may be under assessment, another in design, another waiting for site information and another already under construction.

BuildFrame can help keep each project's schedule, notes, documents and important updates in one simple place.

KEEP EVERY ENGINEERING PROJECT EASIER TO FOLLOW.

#EngineeringServices #EngineeringProjects #Construction #ProjectManagement #BuildFrame

🌐 BuildFrame Business Software: https://buildframe-business-software.pages.dev/
🛠️ See Our Work — Portfolio: https://myportfolio.buildframe-digitalsystem.workers.dev/
📘 Facebook: https://www.facebook.com/buildframebusinessoperatingsystem/
💬 WhatsApp: https://wa.me/639760110243
📧 Email: buildframe.digitalsystem@gmail.com

BuildFrame — Built & Tailored for Your Business.",construction/engineering-services.png
architectural-design-services-001,Architectural & Design Services,construction,"TOO MANY DESIGN PROJECTS AT DIFFERENT STAGES? 📐🏠

One project may be in concept design, another waiting for revisions, another preparing documents and another already moving toward construction.

BuildFrame can help keep each project's schedule, notes, files and important updates in one simple place.

KEEP EVERY DESIGN PROJECT EASIER TO FOLLOW.

#ArchitecturalServices #DesignServices #Architecture #Construction #BuildFrame

🌐 BuildFrame Business Software: https://buildframe-business-software.pages.dev/
🛠️ See Our Work — Portfolio: https://myportfolio.buildframe-digitalsystem.workers.dev/
📘 Facebook: https://www.facebook.com/buildframebusinessoperatingsystem/
💬 WhatsApp: https://wa.me/639760110243
📧 Email: buildframe.digitalsystem@gmail.com

BuildFrame — Built & Tailored for Your Business.",construction/architectural-design-services.png
specialty-subcontractors-trade-specialists-001,Specialty Subcontractors & Trade Specialists,construction,"YOUR TRADE IS ONE PART OF THE PROJECT — BUT YOUR TIMING AFFECTS EVERYONE. 🛠️🏗️

Specialty subcontractors often depend on site readiness, other trades and a specific construction sequence before their work can begin.

BuildFrame can help keep each project's schedule, notes and important site updates in one simple place.

KNOW WHEN YOUR PART OF THE PROJECT IS READY TO MOVE.

#SpecialtySubcontractors #TradeSpecialists #ConstructionTrades #Subcontractors #BuildFrame

🌐 BuildFrame Business Software: https://buildframe-business-software.pages.dev/
🛠️ See Our Work — Portfolio: https://myportfolio.buildframe-digitalsystem.workers.dev/
📘 Facebook: https://www.facebook.com/buildframebusinessoperatingsystem/
💬 WhatsApp: https://wa.me/639760110243
📧 Email: buildframe.digitalsystem@gmail.com

BuildFrame — Built & Tailored for Your Business.",construction/specialty-subcontractors-trade-specialists.png
emergency-repair-construction-services-001,Emergency Repair & Construction Services,construction,"EMERGENCY CALL CAME IN. WHO'S GOING TO THE SITE? 🚨🔧

Urgent leaks, damage, electrical concerns and building repairs need fast coordination, especially when several calls arrive close together.

BuildFrame can help keep the job location, customer details, assigned crew and urgent notes together so your team can respond more clearly.

WHEN THE JOB IS URGENT, THE INFORMATION SHOULD BE READY.

#EmergencyRepair #ConstructionServices #UrgentRepairs #PropertyRepair #BuildFrame

🌐 BuildFrame Business Software: https://buildframe-business-software.pages.dev/
🛠️ See Our Work — Portfolio: https://myportfolio.buildframe-digitalsystem.workers.dev/
📘 Facebook: https://www.facebook.com/buildframebusinessoperatingsystem/
💬 WhatsApp: https://wa.me/639760110243
📧 Email: buildframe.digitalsystem@gmail.com

BuildFrame — Built & Tailored for Your Business.",construction/emergency-repair-construction-services.png
general-contractors-002,General Contractors,construction,"WHO KNOWS WHAT THE CREW NEEDS TO DO TODAY? 👷

Calls, chats and handwritten notes can work — until several jobs are happening at the same time.

BuildFrame can help your team see work assignments, schedules and updates more clearly, so everyone knows what needs attention.

CLEARER WORK. FEWER MISSED DETAILS.

#GeneralContractors #ConstructionCrew #JobSite #ConstructionManagement #BuildFrame

🌐 BuildFrame Business Software: https://buildframe-business-software.pages.dev/
🛠️ See Our Work — Portfolio: https://myportfolio.buildframe-digitalsystem.workers.dev/
📘 Facebook: https://www.facebook.com/buildframebusinessoperatingsystem/
💬 WhatsApp: https://wa.me/639760110243
📧 Email: buildframe.digitalsystem@gmail.com

BuildFrame — Built & Tailored for Your Business.",construction/general-contractors.png
roofing-contractors-002,Roofing Contractors,construction,"WHICH CREW IS GOING WHERE TODAY? 👷🏠

Roofing teams may be working at different homes or project sites on the same day. Last-minute changes can make things confusing.

BuildFrame can help keep crew assignments and job schedules easier to see and update.

CLEARER SCHEDULES. LESS CONFUSION.

#RoofingContractors #RoofingCrew #JobSchedule #ConstructionBusiness #BuildFrame

🌐 BuildFrame Business Software: https://buildframe-business-software.pages.dev/
🛠️ See Our Work — Portfolio: https://myportfolio.buildframe-digitalsystem.workers.dev/
📘 Facebook: https://www.facebook.com/buildframebusinessoperatingsystem/
💬 WhatsApp: https://wa.me/639760110243
📧 Email: buildframe.digitalsystem@gmail.com

BuildFrame — Built & Tailored for Your Business.",construction/roofing-contractors.png
electrical-contractors-002,Electrical Contractors,construction,"WHICH ELECTRICIAN IS ASSIGNED TO WHICH JOB TODAY? 👷⚡

When several electricians or crews are working at different locations, calls and group chats can become confusing.

BuildFrame can help keep work assignments, schedules and job updates easier for your team to see.

CLEAR ASSIGNMENTS. CLEARER WORKDAYS.

#ElectricalContractors #Electricians #WorkSchedule #ElectricalServices #BuildFrame

🌐 BuildFrame Business Software: https://buildframe-business-software.pages.dev/
🛠️ See Our Work — Portfolio: https://myportfolio.buildframe-digitalsystem.workers.dev/
📘 Facebook: https://www.facebook.com/buildframebusinessoperatingsystem/
💬 WhatsApp: https://wa.me/639760110243
📧 Email: buildframe.digitalsystem@gmail.com

BuildFrame — Built & Tailored for Your Business.",construction/electrical-contractors.png
plumbing-contractors-002,Plumbing Contractors,construction,"WHO'S HANDLING THE LEAK? WHO'S DOING THE INSTALLATION? 👷🔧

When plumbers or crews are working at different locations, keeping assignments clear matters.

BuildFrame can help organize who is assigned to each job, where they need to go and what work needs attention.

CLEARER ASSIGNMENTS. EASIER WORKDAYS.

#PlumbingContractors #Plumbers #WorkSchedule #PlumbingServices #BuildFrame

🌐 BuildFrame Business Software: https://buildframe-business-software.pages.dev/
🛠️ See Our Work — Portfolio: https://myportfolio.buildframe-digitalsystem.workers.dev/
📘 Facebook: https://www.facebook.com/buildframebusinessoperatingsystem/
💬 WhatsApp: https://wa.me/639760110243
📧 Email: buildframe.digitalsystem@gmail.com

BuildFrame — Built & Tailored for Your Business.",construction/plumbing-contractors.png
hvac-contractors-002,HVAC Contractors,construction,"WHICH TECHNICIAN IS GOING TO WHICH JOB TODAY? 👷❄️

When HVAC technicians are working at different homes, offices and project sites, assignments can quickly become confusing.

BuildFrame can help keep job assignments, locations and schedules easier for the team to see.

CLEARER ASSIGNMENTS. EASIER WORKDAYS.

#HVACContractors #HVACTechnicians #WorkSchedule #HVACServices #BuildFrame

🌐 BuildFrame Business Software: https://buildframe-business-software.pages.dev/
🛠️ See Our Work — Portfolio: https://myportfolio.buildframe-digitalsystem.workers.dev/
📘 Facebook: https://www.facebook.com/buildframebusinessoperatingsystem/
💬 WhatsApp: https://wa.me/639760110243
📧 Email: buildframe.digitalsystem@gmail.com

BuildFrame — Built & Tailored for Your Business.",construction/hvac-contractors.png
renovation-remodeling-002,Renovation & Remodeling,construction,"WHO'S WORKING ON WHAT TODAY? 👷🔨

A remodeling project may involve carpenters, painters, electricians, plumbers and other workers at different stages.

BuildFrame can help keep work assignments and schedules easier to see so everyone knows what needs attention.

CLEARER WORK. FEWER MISSED DETAILS.

#RenovationContractors #RemodelingContractors #ConstructionCrew #ProjectSchedule #BuildFrame

🌐 BuildFrame Business Software: https://buildframe-business-software.pages.dev/
🛠️ See Our Work — Portfolio: https://myportfolio.buildframe-digitalsystem.workers.dev/
📘 Facebook: https://www.facebook.com/buildframebusinessoperatingsystem/
💬 WhatsApp: https://wa.me/639760110243
📧 Email: buildframe.digitalsystem@gmail.com

BuildFrame — Built & Tailored for Your Business.",construction/renovation-remodeling.png
handyman-property-maintenance-002,Handyman & Property Maintenance,construction,"WHO'S GOING TO WHICH PROPERTY TODAY? 👷🔧

When several workers are handling repairs and maintenance in different locations, assignments can become confusing.

BuildFrame can help keep job assignments, locations and schedules easier for your team to see.

CLEARER ASSIGNMENTS. FEWER MISSED JOBS.

#HandymanServices #PropertyMaintenance #MaintenanceTeam #WorkSchedule #BuildFrame

🌐 BuildFrame Business Software: https://buildframe-business-software.pages.dev/
🛠️ See Our Work — Portfolio: https://myportfolio.buildframe-digitalsystem.workers.dev/
📘 Facebook: https://www.facebook.com/buildframebusinessoperatingsystem/
💬 WhatsApp: https://wa.me/639760110243
📧 Email: buildframe.digitalsystem@gmail.com

BuildFrame — Built & Tailored for Your Business.",construction/handyman-property-maintenance.png
tiling-flooring-contractors-002,Tiling & Flooring Contractors,construction,"WHICH CREW IS ASSIGNED TO WHICH FLOOR? 👷🧱

When teams are working on different rooms, floors or project sites, assignments can become confusing.

BuildFrame can help keep work assignments, locations and schedules easier for everyone to see.

CLEARER ASSIGNMENTS. SMOOTHER WORKDAYS.

#TilingContractors #FlooringContractors #ConstructionCrew #WorkSchedule #BuildFrame

🌐 BuildFrame Business Software: https://buildframe-business-software.pages.dev/
🛠️ See Our Work — Portfolio: https://myportfolio.buildframe-digitalsystem.workers.dev/
📘 Facebook: https://www.facebook.com/buildframebusinessoperatingsystem/
💬 WhatsApp: https://wa.me/639760110243
📧 Email: buildframe.digitalsystem@gmail.com

BuildFrame — Built & Tailored for Your Business.",construction/tiling-flooring-contractors.png
landscaping-contractors-002,Landscaping Contractors,construction,"WHICH CREW IS GOING TO WHICH PROPERTY TODAY? 👷🌿

When landscaping teams are working across different homes, commercial properties and project sites, assignments can become confusing.

BuildFrame can help keep work assignments, locations and schedules easier for the team to see.

CLEARER ASSIGNMENTS. SMOOTHER WORKDAYS.

#LandscapingContractors #LandscapeCrew #WorkSchedule #LandscapingServices #BuildFrame

🌐 BuildFrame Business Software: https://buildframe-business-software.pages.dev/
🛠️ See Our Work — Portfolio: https://myportfolio.buildframe-digitalsystem.workers.dev/
📘 Facebook: https://www.facebook.com/buildframebusinessoperatingsystem/
💬 WhatsApp: https://wa.me/639760110243
📧 Email: buildframe.digitalsystem@gmail.com

BuildFrame — Built & Tailored for Your Business.",construction/landscaping-contractors.png
metal-fabrication-002,Metal Fabrication,construction,"WHO'S CUTTING, WELDING OR INSTALLING TODAY? 👷🔥

Fabrication work can move between the workshop and project site, with different workers handling different tasks.

BuildFrame can help keep assignments, locations and schedules easier for your team to see.

CLEARER ASSIGNMENTS. SMOOTHER WORKDAYS.

#MetalFabrication #Welding #FabricationTeam #WorkSchedule #BuildFrame

🌐 BuildFrame Business Software: https://buildframe-business-software.pages.dev/
🛠️ See Our Work — Portfolio: https://myportfolio.buildframe-digitalsystem.workers.dev/
📘 Facebook: https://www.facebook.com/buildframebusinessoperatingsystem/
💬 WhatsApp: https://wa.me/639760110243
📧 Email: buildframe.digitalsystem@gmail.com

BuildFrame — Built & Tailored for Your Business.",construction/metal-fabrication.png
glass-aluminum-contractors-002,Glass & Aluminum Contractors,construction,"WHICH CREW IS MEASURING, FABRICATING OR INSTALLING TODAY? 👷🪟

Different workers may be handling site measurements, shop preparation and installations at different locations.

BuildFrame can help keep assignments, locations and schedules easier for your team to see.

CLEARER ASSIGNMENTS. SMOOTHER WORKDAYS.

#GlassContractors #AluminumContractors #InstallationCrew #WorkSchedule #BuildFrame

🌐 BuildFrame Business Software: https://buildframe-business-software.pages.dev/
🛠️ See Our Work — Portfolio: https://myportfolio.buildframe-digitalsystem.workers.dev/
📘 Facebook: https://www.facebook.com/buildframebusinessoperatingsystem/
💬 WhatsApp: https://wa.me/639760110243
📧 Email: buildframe.digitalsystem@gmail.com

BuildFrame — Built & Tailored for Your Business.",construction/glass-aluminum-contractors.png
woodworking-carpentry-002,Woodworking & Carpentry,construction,"WHO'S MEASURING, BUILDING OR INSTALLING TODAY? 👷🪚

Carpentry work can move between the workshop and project site, with different workers handling different tasks.

BuildFrame can help keep assignments, locations and schedules easier for your team to see.

CLEARER ASSIGNMENTS. SMOOTHER WORKDAYS.

#CarpentryContractors #Woodworking #CarpentryCrew #WorkSchedule #BuildFrame

🌐 BuildFrame Business Software: https://buildframe-business-software.pages.dev/
🛠️ See Our Work — Portfolio: https://myportfolio.buildframe-digitalsystem.workers.dev/
📘 Facebook: https://www.facebook.com/buildframebusinessoperatingsystem/
💬 WhatsApp: https://wa.me/639760110243
📧 Email: buildframe.digitalsystem@gmail.com

BuildFrame — Built & Tailored for Your Business.",construction/woodworking-carpentry.png
solar-installation-contractors-002,Solar Installation Contractors,construction,"WHICH CREW IS GOING TO WHICH SOLAR SITE TODAY? 👷☀️

Solar teams may be handling site checks, roof work, electrical installation and testing at different locations.

BuildFrame can help keep assignments, locations and schedules easier for your team to see.

CLEARER ASSIGNMENTS. SMOOTHER WORKDAYS.

#SolarContractors #SolarInstallers #SolarCrew #WorkSchedule #BuildFrame

🌐 BuildFrame Business Software: https://buildframe-business-software.pages.dev/
🛠️ See Our Work — Portfolio: https://myportfolio.buildframe-digitalsystem.workers.dev/
📘 Facebook: https://www.facebook.com/buildframebusinessoperatingsystem/
💬 WhatsApp: https://wa.me/639760110243
📧 Email: buildframe.digitalsystem@gmail.com

BuildFrame — Built & Tailored for Your Business.",construction/solar-installation-contractors.png
construction-suppliers-building-materials-002,Construction Suppliers & Building Materials,construction,"WHO'S PREPARING THE ORDER? WHO'S DELIVERING IT? 🚚📦

When several orders are moving at once, teams need clear information about what is needed, where it is going and when.

BuildFrame can help keep assignments, delivery details and schedules easier for your team to see.

CLEARER ASSIGNMENTS. SMOOTHER DELIVERIES.

#ConstructionSuppliers #BuildingMaterials #DeliverySchedule #ConstructionSupply #BuildFrame

🌐 BuildFrame Business Software: https://buildframe-business-software.pages.dev/
🛠️ See Our Work — Portfolio: https://myportfolio.buildframe-digitalsystem.workers.dev/
📘 Facebook: https://www.facebook.com/buildframebusinessoperatingsystem/
💬 WhatsApp: https://wa.me/639760110243
📧 Email: buildframe.digitalsystem@gmail.com

BuildFrame — Built & Tailored for Your Business.",construction/construction-suppliers-building-materials.png
aggregates-anapog-filling-materials-002,"Aggregates, Anapog & Filling Materials",construction,"WHICH TRUCK IS GOING TO WHICH SITE? 🚛📍

When several deliveries are scheduled, drivers and staff need clear information about load type, quantity and destination.

BuildFrame can help keep truck assignments, delivery locations and schedules easier for the team to see.

CLEARER ASSIGNMENTS. SMOOTHER DELIVERIES.

#Aggregates #Hauling #FillingMaterials #DeliverySchedule #BuildFrame

🌐 BuildFrame Business Software: https://buildframe-business-software.pages.dev/
🛠️ See Our Work — Portfolio: https://myportfolio.buildframe-digitalsystem.workers.dev/
📘 Facebook: https://www.facebook.com/buildframebusinessoperatingsystem/
💬 WhatsApp: https://wa.me/639760110243
📧 Email: buildframe.digitalsystem@gmail.com

BuildFrame — Built & Tailored for Your Business.",construction/aggregates-anapog-filling-materials.png
property-management-002,Property Management,construction,"WHO'S HANDLING WHICH PROPERTY TODAY? 👷🏢

Maintenance teams and contractors may be working across different units, buildings or sites on the same day.

BuildFrame can help keep assignments, locations and schedules easier for the team to see.

CLEARER ASSIGNMENTS. SMOOTHER PROPERTY OPERATIONS.

#PropertyManagement #MaintenanceTeam #PropertyMaintenance #WorkSchedule #BuildFrame

🌐 BuildFrame Business Software: https://buildframe-business-software.pages.dev/
🛠️ See Our Work — Portfolio: https://myportfolio.buildframe-digitalsystem.workers.dev/
📘 Facebook: https://www.facebook.com/buildframebusinessoperatingsystem/
💬 WhatsApp: https://wa.me/639760110243
📧 Email: buildframe.digitalsystem@gmail.com

BuildFrame — Built & Tailored for Your Business.",construction/property-management.png
engineering-services-002,Engineering Services,construction,"WHO'S HANDLING THE SITE VISIT, DESIGN OR PROJECT CHECK TODAY? 👷📐

Engineering teams can be working across offices, project sites and client meetings on the same day.

BuildFrame can help keep assignments, locations and schedules easier for the team to see.

CLEARER ASSIGNMENTS. SMOOTHER PROJECT DAYS.

#EngineeringServices #EngineeringTeam #SiteInspection #WorkSchedule #BuildFrame

🌐 BuildFrame Business Software: https://buildframe-business-software.pages.dev/
🛠️ See Our Work — Portfolio: https://myportfolio.buildframe-digitalsystem.workers.dev/
📘 Facebook: https://www.facebook.com/buildframebusinessoperatingsystem/
💬 WhatsApp: https://wa.me/639760110243
📧 Email: buildframe.digitalsystem@gmail.com

BuildFrame — Built & Tailored for Your Business.",construction/engineering-services.png
architectural-design-services-002,Architectural & Design Services,construction,"WHO'S HANDLING THE SITE VISIT, DRAWINGS OR CLIENT REVISION TODAY? 👷📐

Architectural and design teams can move between client meetings, site visits and office work throughout the day.

BuildFrame can help keep assignments, schedules and project responsibilities easier for the team to see.

CLEARER ASSIGNMENTS. SMOOTHER PROJECT DAYS.

#ArchitecturalServices #DesignTeam #SiteVisit #ProjectSchedule #BuildFrame

🌐 BuildFrame Business Software: https://buildframe-business-software.pages.dev/
🛠️ See Our Work — Portfolio: https://myportfolio.buildframe-digitalsystem.workers.dev/
📘 Facebook: https://www.facebook.com/buildframebusinessoperatingsystem/
💬 WhatsApp: https://wa.me/639760110243
📧 Email: buildframe.digitalsystem@gmail.com

BuildFrame — Built & Tailored for Your Business.",construction/architectural-design-services.png
specialty-subcontractors-trade-specialists-002,Specialty Subcontractors & Trade Specialists,construction,"WHICH CREW IS GOING TO WHICH PROJECT TODAY? 👷🛠️

Trade specialists may have workers handling several project sites, installations or service calls on the same day.

BuildFrame can help keep crew assignments, locations and schedules easier for your team to see.

CLEARER ASSIGNMENTS. SMOOTHER WORKDAYS.

#SpecialtySubcontractors #TradeContractors #ConstructionCrew #WorkSchedule #BuildFrame

🌐 BuildFrame Business Software: https://buildframe-business-software.pages.dev/
🛠️ See Our Work — Portfolio: https://myportfolio.buildframe-digitalsystem.workers.dev/
📘 Facebook: https://www.facebook.com/buildframebusinessoperatingsystem/
💬 WhatsApp: https://wa.me/639760110243
📧 Email: buildframe.digitalsystem@gmail.com

BuildFrame — Built & Tailored for Your Business.",construction/specialty-subcontractors-trade-specialists.png
emergency-repair-construction-services-002,Emergency Repair & Construction Services,construction,"YOUR CREW IS ALREADY ON ONE EMERGENCY. ANOTHER CALL JUST CAME IN. 📞🚨

Emergency repair teams may need to decide quickly which crew is available and which job needs attention first.

BuildFrame can help keep active jobs, crew assignments and schedules easier to see in one place.

SEE WHAT'S ACTIVE. KNOW WHAT NEEDS ATTENTION NEXT.

#EmergencyRepair #RepairCrew #ConstructionTeam #EmergencyServices #BuildFrame

🌐 BuildFrame Business Software: https://buildframe-business-software.pages.dev/
🛠️ See Our Work — Portfolio: https://myportfolio.buildframe-digitalsystem.workers.dev/
📘 Facebook: https://www.facebook.com/buildframebusinessoperatingsystem/
💬 WhatsApp: https://wa.me/639760110243
📧 Email: buildframe.digitalsystem@gmail.com

BuildFrame — Built & Tailored for Your Business.",construction/emergency-repair-construction-services.png
general-contractors-003,General Contractors,construction,"IS THE PROJECT ON SCHEDULE — OR ARE YOU STILL CALLING AROUND TO FIND OUT? 📅

Keeping track of several jobs can become difficult when schedules are written in different places.

BuildFrame can create a simple system where you can see project dates, important tasks and upcoming work in one place.

KNOW WHAT'S NEXT BEFORE IT BECOMES A PROBLEM.

#GeneralContractors #ConstructionSchedule #ProjectPlanning #ContractorBusiness #BuildFrame

🌐 BuildFrame Business Software: https://buildframe-business-software.pages.dev/
🛠️ See Our Work — Portfolio: https://myportfolio.buildframe-digitalsystem.workers.dev/
📘 Facebook: https://www.facebook.com/buildframebusinessoperatingsystem/
💬 WhatsApp: https://wa.me/639760110243
📧 Email: buildframe.digitalsystem@gmail.com

BuildFrame — Built & Tailored for Your Business.",construction/general-contractors.png
roofing-contractors-003,Roofing Contractors,construction,"RAIN IS COMING. WHICH ROOFING JOB NEEDS ATTENTION FIRST? 🌧️

Weather can quickly change a roofing schedule. When plans change, everyone needs to know what moves and what stays.

BuildFrame can help keep job schedules and updates together so changes are easier to communicate.

WHEN PLANS CHANGE, KEEP THE TEAM INFORMED.

#RoofingContractors #RoofingSchedule #RoofRepair #RoofingCompany #BuildFrame

🌐 BuildFrame Business Software: https://buildframe-business-software.pages.dev/
🛠️ See Our Work — Portfolio: https://myportfolio.buildframe-digitalsystem.workers.dev/
📘 Facebook: https://www.facebook.com/buildframebusinessoperatingsystem/
💬 WhatsApp: https://wa.me/639760110243
📧 Email: buildframe.digitalsystem@gmail.com

BuildFrame — Built & Tailored for Your Business.",construction/roofing-contractors.png
electrical-contractors-003,Electrical Contractors,construction,"ONE URGENT CALL CAN CHANGE THE WHOLE DAY. 📅⚡

Electrical contractors often handle planned work alongside unexpected repairs and service calls.

BuildFrame can help keep schedules in one place so new jobs, changes and upcoming work are easier to organize.

WHEN THE SCHEDULE CHANGES, KEEP EVERYONE UPDATED.

#ElectricalContractors #ElectricalSchedule #ServiceCalls #ContractorBusiness #BuildFrame

🌐 BuildFrame Business Software: https://buildframe-business-software.pages.dev/
🛠️ See Our Work — Portfolio: https://myportfolio.buildframe-digitalsystem.workers.dev/
📘 Facebook: https://www.facebook.com/buildframebusinessoperatingsystem/
💬 WhatsApp: https://wa.me/639760110243
📧 Email: buildframe.digitalsystem@gmail.com

BuildFrame — Built & Tailored for Your Business.",construction/electrical-contractors.png
plumbing-contractors-003,Plumbing Contractors,construction,"EMERGENCY CALL JUST CAME IN. WHAT HAPPENS TO TODAY'S SCHEDULE? 🚨💧

Plumbing work doesn't always follow the plan. A burst pipe or urgent repair can change the whole day.

BuildFrame can help keep schedules and job updates in one place so changes are easier to organize and communicate.

WHEN THE DAY CHANGES, KEEP THE TEAM INFORMED.

#PlumbingContractors #EmergencyPlumbing #PlumbingSchedule #PlumbingBusiness #BuildFrame

🌐 BuildFrame Business Software: https://buildframe-business-software.pages.dev/
🛠️ See Our Work — Portfolio: https://myportfolio.buildframe-digitalsystem.workers.dev/
📘 Facebook: https://www.facebook.com/buildframebusinessoperatingsystem/
💬 WhatsApp: https://wa.me/639760110243
📧 Email: buildframe.digitalsystem@gmail.com

BuildFrame — Built & Tailored for Your Business.",construction/plumbing-contractors.png
hvac-contractors-003,HVAC Contractors,construction,"NEW SERVICE CALL JUST CAME IN. WHERE CAN YOU FIT IT? 📅

HVAC work often mixes scheduled installations, regular maintenance and urgent repairs.

BuildFrame can help keep your daily jobs in one place so new requests and schedule changes are easier to organize.

KNOW WHAT'S NEXT WITHOUT CHECKING SEVERAL NOTEBOOKS.

#HVACContractors #HVACSchedule #ServiceCalls #HVACBusiness #BuildFrame

🌐 BuildFrame Business Software: https://buildframe-business-software.pages.dev/
🛠️ See Our Work — Portfolio: https://myportfolio.buildframe-digitalsystem.workers.dev/
📘 Facebook: https://www.facebook.com/buildframebusinessoperatingsystem/
💬 WhatsApp: https://wa.me/639760110243
📧 Email: buildframe.digitalsystem@gmail.com

BuildFrame — Built & Tailored for Your Business.",construction/hvac-contractors.png
renovation-remodeling-003,Renovation & Remodeling,construction,"THE CLIENT CHANGED THE PLAN. DID EVERYONE GET THE UPDATE? 📝

Changes happen during renovations — finishes change, layouts move and new work gets added.

BuildFrame can help keep project changes and notes together so the team has a clearer record of what was agreed.

WHEN THE PLAN CHANGES, KEEP THE INFORMATION CLEAR.

#RenovationProjects #Remodeling #ProjectUpdates #ConstructionBusiness #BuildFrame

🌐 BuildFrame Business Software: https://buildframe-business-software.pages.dev/
🛠️ See Our Work — Portfolio: https://myportfolio.buildframe-digitalsystem.workers.dev/
📘 Facebook: https://www.facebook.com/buildframebusinessoperatingsystem/
💬 WhatsApp: https://wa.me/639760110243
📧 Email: buildframe.digitalsystem@gmail.com

BuildFrame — Built & Tailored for Your Business.",construction/renovation-remodeling.png
handyman-property-maintenance-003,Handyman & Property Maintenance,construction,"URGENT REPAIR JUST CAME IN. WHERE DOES IT FIT? 🚨

Property maintenance doesn't always follow a perfect schedule. An urgent repair can change the whole day.

BuildFrame can help keep scheduled work and new requests together so changes are easier to organize.

WHEN PRIORITIES CHANGE, KEEP THE TEAM INFORMED.

#PropertyMaintenance #Handyman #RepairServices #MaintenanceSchedule #BuildFrame

🌐 BuildFrame Business Software: https://buildframe-business-software.pages.dev/
🛠️ See Our Work — Portfolio: https://myportfolio.buildframe-digitalsystem.workers.dev/
📘 Facebook: https://www.facebook.com/buildframebusinessoperatingsystem/
💬 WhatsApp: https://wa.me/639760110243
📧 Email: buildframe.digitalsystem@gmail.com

BuildFrame — Built & Tailored for Your Business.",construction/handyman-property-maintenance.png
tiling-flooring-contractors-003,Tiling & Flooring Contractors,construction,"THE FLOOR ISN'T READY YET. WHAT HAPPENS TO THE SCHEDULE? 📅

Tiling and flooring work often depends on surface preparation, materials and other trades finishing first.

BuildFrame can help keep schedule changes and project updates together so the team knows what is ready and what is waiting.

WHEN THE SITE CHANGES, KEEP THE PLAN CLEAR.

#FlooringContractors #TilingProjects #ProjectSchedule #ConstructionBusiness #BuildFrame

🌐 BuildFrame Business Software: https://buildframe-business-software.pages.dev/
🛠️ See Our Work — Portfolio: https://myportfolio.buildframe-digitalsystem.workers.dev/
📘 Facebook: https://www.facebook.com/buildframebusinessoperatingsystem/
💬 WhatsApp: https://wa.me/639760110243
📧 Email: buildframe.digitalsystem@gmail.com

BuildFrame — Built & Tailored for Your Business.",construction/tiling-flooring-contractors.png
landscaping-contractors-003,Landscaping Contractors,construction,"RAIN CHANGED THE PLAN. DID THE SCHEDULE CHANGE TOO? 🌧️📅

Outdoor work depends on weather, site conditions and the readiness of other project activities.

BuildFrame can help keep schedule changes and job updates together so everyone knows what moved and what comes next.

WHEN CONDITIONS CHANGE, KEEP THE PLAN CLEAR.

#LandscapingContractors #LandscapeSchedule #OutdoorProjects #ConstructionBusiness #BuildFrame

🌐 BuildFrame Business Software: https://buildframe-business-software.pages.dev/
🛠️ See Our Work — Portfolio: https://myportfolio.buildframe-digitalsystem.workers.dev/
📘 Facebook: https://www.facebook.com/buildframebusinessoperatingsystem/
💬 WhatsApp: https://wa.me/639760110243
📧 Email: buildframe.digitalsystem@gmail.com

BuildFrame — Built & Tailored for Your Business.",construction/landscaping-contractors.png
metal-fabrication-003,Metal Fabrication,construction,"THE SITE MEASUREMENT CHANGED. DID THE WORKSHOP GET THE UPDATE? 📏

A small measurement change can affect cutting, fabrication and installation.

BuildFrame can help keep updated measurements and project notes connected to the correct job so important changes are easier to share.

BUILD FROM THE LATEST INFORMATION.

#MetalFabrication #SiteMeasurement #FabricationWork #ProjectUpdates #BuildFrame

🌐 BuildFrame Business Software: https://buildframe-business-software.pages.dev/
🛠️ See Our Work — Portfolio: https://myportfolio.buildframe-digitalsystem.workers.dev/
📘 Facebook: https://www.facebook.com/buildframebusinessoperatingsystem/
💬 WhatsApp: https://wa.me/639760110243
📧 Email: buildframe.digitalsystem@gmail.com

BuildFrame — Built & Tailored for Your Business.",construction/metal-fabrication.png
glass-aluminum-contractors-003,Glass & Aluminum Contractors,construction,"THE OPENING SIZE CHANGED. DID THE FABRICATION TEAM GET THE UPDATE? 📏

Accurate measurements matter when preparing windows, doors, partitions and other custom pieces.

BuildFrame can help keep updated measurements and project notes connected to the correct job.

BUILD FROM THE LATEST INFORMATION.

#GlassAndAluminum #SiteMeasurement #AluminumFabrication #ProjectUpdates #BuildFrame

🌐 BuildFrame Business Software: https://buildframe-business-software.pages.dev/
🛠️ See Our Work — Portfolio: https://myportfolio.buildframe-digitalsystem.workers.dev/
📘 Facebook: https://www.facebook.com/buildframebusinessoperatingsystem/
💬 WhatsApp: https://wa.me/639760110243
📧 Email: buildframe.digitalsystem@gmail.com

BuildFrame — Built & Tailored for Your Business.",construction/glass-aluminum-contractors.png
woodworking-carpentry-003,Woodworking & Carpentry,construction,"THE MEASUREMENT CHANGED. DID THE WORKSHOP GET THE UPDATE? 📏

A small change in dimensions can affect cutting, assembly and installation of custom woodwork.

BuildFrame can help keep updated measurements and project notes connected to the correct job.

BUILD FROM THE LATEST INFORMATION.

#Woodworking #CustomCarpentry #SiteMeasurement #ProjectUpdates #BuildFrame

🌐 BuildFrame Business Software: https://buildframe-business-software.pages.dev/
🛠️ See Our Work — Portfolio: https://myportfolio.buildframe-digitalsystem.workers.dev/
📘 Facebook: https://www.facebook.com/buildframebusinessoperatingsystem/
💬 WhatsApp: https://wa.me/639760110243
📧 Email: buildframe.digitalsystem@gmail.com

BuildFrame — Built & Tailored for Your Business.",construction/woodworking-carpentry.png
solar-installation-contractors-003,Solar Installation Contractors,construction,"THE INSTALLATION DATE CHANGED. DOES EVERYONE KNOW? 📅🔋

Weather, site readiness, materials and other project work can affect a solar installation schedule.

BuildFrame can help keep schedule changes and project updates together so the team has clearer information.

WHEN THE PLAN CHANGES, KEEP EVERYONE UPDATED.

#SolarInstallation #SolarSchedule #RenewableEnergy #ProjectUpdates #BuildFrame

🌐 BuildFrame Business Software: https://buildframe-business-software.pages.dev/
🛠️ See Our Work — Portfolio: https://myportfolio.buildframe-digitalsystem.workers.dev/
📘 Facebook: https://www.facebook.com/buildframebusinessoperatingsystem/
💬 WhatsApp: https://wa.me/639760110243
📧 Email: buildframe.digitalsystem@gmail.com

BuildFrame — Built & Tailored for Your Business.",construction/solar-installation-contractors.png
construction-suppliers-building-materials-003,Construction Suppliers & Building Materials,construction,"THE PROJECT NEEDS MATERIALS TOMORROW. IS THE DELIVERY READY? 📅🧱

Construction schedules can depend on materials arriving at the right place and the right time.

BuildFrame can help keep delivery schedules and order updates together so your team can see what is coming next.

KEEP MATERIALS AND SCHEDULES BETTER CONNECTED.

#ConstructionSuppliers #MaterialDelivery #ConstructionSchedule #BuildingMaterials #BuildFrame

🌐 BuildFrame Business Software: https://buildframe-business-software.pages.dev/
🛠️ See Our Work — Portfolio: https://myportfolio.buildframe-digitalsystem.workers.dev/
📘 Facebook: https://www.facebook.com/buildframebusinessoperatingsystem/
💬 WhatsApp: https://wa.me/639760110243
📧 Email: buildframe.digitalsystem@gmail.com

BuildFrame — Built & Tailored for Your Business.",construction/construction-suppliers-building-materials.png
aggregates-anapog-filling-materials-003,"Aggregates, Anapog & Filling Materials",construction,"THE SITE NEEDS FILLING MATERIAL TOMORROW. IS THE DELIVERY READY? 📅🪨

Construction schedules can depend on materials arriving before earthworks, leveling or other site activities can continue.

BuildFrame can help keep delivery schedules and order updates together so your team knows what is coming next.

KEEP MATERIALS AND PROJECT TIMING BETTER CONNECTED.

#FillingMaterials #Aggregates #ConstructionSchedule #SiteDevelopment #BuildFrame

🌐 BuildFrame Business Software: https://buildframe-business-software.pages.dev/
🛠️ See Our Work — Portfolio: https://myportfolio.buildframe-digitalsystem.workers.dev/
📘 Facebook: https://www.facebook.com/buildframebusinessoperatingsystem/
💬 WhatsApp: https://wa.me/639760110243
📧 Email: buildframe.digitalsystem@gmail.com

BuildFrame — Built & Tailored for Your Business.",construction/aggregates-anapog-filling-materials.png
property-management-003,Property Management,construction,"A REPAIR REQUEST CAME IN. WHEN WILL IT BE HANDLED? 🔧📅

Tenants and property owners expect maintenance concerns to be acknowledged and scheduled clearly.

BuildFrame can help keep repair requests, schedules and updates together so your team knows what needs attention next.

KEEP MAINTENANCE REQUESTS FROM GETTING LOST.

#PropertyManagement #MaintenanceRequests #BuildingMaintenance #PropertyOperations #BuildFrame

🌐 BuildFrame Business Software: https://buildframe-business-software.pages.dev/
🛠️ See Our Work — Portfolio: https://myportfolio.buildframe-digitalsystem.workers.dev/
📘 Facebook: https://www.facebook.com/buildframebusinessoperatingsystem/
💬 WhatsApp: https://wa.me/639760110243
📧 Email: buildframe.digitalsystem@gmail.com

BuildFrame — Built & Tailored for Your Business.",construction/property-management.png
engineering-services-003,Engineering Services,construction,"THE SITE CONDITION CHANGED. DID THE PROJECT INFORMATION CHANGE TOO? 🏗️📋

Real site conditions can affect plans, schedules and the next engineering decision.

BuildFrame can help keep project updates and revised information connected to the correct job so the team can follow the latest details.

WORK FROM THE LATEST PROJECT INFORMATION.

#EngineeringServices #SiteConditions #ProjectUpdates #ConstructionEngineering #BuildFrame

🌐 BuildFrame Business Software: https://buildframe-business-software.pages.dev/
🛠️ See Our Work — Portfolio: https://myportfolio.buildframe-digitalsystem.workers.dev/
📘 Facebook: https://www.facebook.com/buildframebusinessoperatingsystem/
💬 WhatsApp: https://wa.me/639760110243
📧 Email: buildframe.digitalsystem@gmail.com

BuildFrame — Built & Tailored for Your Business.",construction/engineering-services.png
architectural-design-services-003,Architectural & Design Services,construction,"THE CLIENT REQUESTED A CHANGE. IS EVERYONE WORKING FROM THE LATEST VERSION? ✏️📐

Design revisions are normal, but old drawings and unclear changes can create confusion.

BuildFrame can help keep revision notes and updated project information connected to the correct job.

KEEP THE LATEST DESIGN INFORMATION CLEAR.

#Architecture #DesignRevision #ArchitecturalDesign #ProjectUpdates #BuildFrame

🌐 BuildFrame Business Software: https://buildframe-business-software.pages.dev/
🛠️ See Our Work — Portfolio: https://myportfolio.buildframe-digitalsystem.workers.dev/
📘 Facebook: https://www.facebook.com/buildframebusinessoperatingsystem/
💬 WhatsApp: https://wa.me/639760110243
📧 Email: buildframe.digitalsystem@gmail.com

BuildFrame — Built & Tailored for Your Business.",construction/architectural-design-services.png
specialty-subcontractors-trade-specialists-003,Specialty Subcontractors & Trade Specialists,construction,"THE MAIN CONTRACTOR MOVED THE SCHEDULE. DID YOUR TEAM GET THE UPDATE? 📅🏗️

A change in the main project schedule can affect when a specialty trade can enter the site and complete its work.

BuildFrame can help keep schedule changes and project updates together so your team can adjust more clearly.

WHEN THE PROJECT MOVES, KEEP YOUR TRADE INFORMED.

#SpecialtySubcontractors #ConstructionSchedule #TradeSpecialists #ProjectUpdates #BuildFrame

🌐 BuildFrame Business Software: https://buildframe-business-software.pages.dev/
🛠️ See Our Work — Portfolio: https://myportfolio.buildframe-digitalsystem.workers.dev/
📘 Facebook: https://www.facebook.com/buildframebusinessoperatingsystem/
💬 WhatsApp: https://wa.me/639760110243
📧 Email: buildframe.digitalsystem@gmail.com

BuildFrame — Built & Tailored for Your Business.",construction/specialty-subcontractors-trade-specialists.png
emergency-repair-construction-services-003,Emergency Repair & Construction Services,construction,"THE CUSTOMER SAYS, “PLEASE COME AS SOON AS POSSIBLE.” ⏱️🔧

Urgent jobs can become confusing when addresses, contact details and problem descriptions are scattered across calls and messages.

BuildFrame can help keep the essential job information together before the crew heads to the site.

FASTER RESPONSE STARTS WITH CLEARER INFORMATION.

#EmergencyRepair #UrgentConstruction #RepairServices #ServiceCalls #BuildFrame

🌐 BuildFrame Business Software: https://buildframe-business-software.pages.dev/
🛠️ See Our Work — Portfolio: https://myportfolio.buildframe-digitalsystem.workers.dev/
📘 Facebook: https://www.facebook.com/buildframebusinessoperatingsystem/
💬 WhatsApp: https://wa.me/639760110243
📧 Email: buildframe.digitalsystem@gmail.com

BuildFrame — Built & Tailored for Your Business.",construction/emergency-repair-construction-services.png
general-contractors-004,General Contractors,construction,"WHERE DID WE SAVE THAT SITE PHOTO? 📸

Project photos can end up on different phones, group chats and folders. Months later, finding the right photo can become a job by itself.

BuildFrame can help organize photos and project records by job, making them easier to find when you need updates, proof of work or portfolio material.

YOUR WORK DESERVES BETTER THAN GETTING LOST IN A PHONE GALLERY.

#GeneralContractors #ConstructionPhotos #ProjectRecords #ConstructionProjects #BuildFrame

🌐 BuildFrame Business Software: https://buildframe-business-software.pages.dev/
🛠️ See Our Work — Portfolio: https://myportfolio.buildframe-digitalsystem.workers.dev/
📘 Facebook: https://www.facebook.com/buildframebusinessoperatingsystem/
💬 WhatsApp: https://wa.me/639760110243
📧 Email: buildframe.digitalsystem@gmail.com

BuildFrame — Built & Tailored for Your Business.",construction/general-contractors.png
roofing-contractors-004,Roofing Contractors,construction,"BEFORE. DURING. AFTER. ARE YOU SAVING THE PROOF? 📸

Roofing photos can show the condition before work, progress during the job and the finished result.

BuildFrame can help organize photos under the correct project so they are easier to find for client updates, records and future marketing.

DON'T LET VALUABLE PROJECT PHOTOS GET LOST IN GROUP CHATS.

#RoofingContractors #RoofingPhotos #RoofProjects #ProjectRecords #BuildFrame

🌐 BuildFrame Business Software: https://buildframe-business-software.pages.dev/
🛠️ See Our Work — Portfolio: https://myportfolio.buildframe-digitalsystem.workers.dev/
📘 Facebook: https://www.facebook.com/buildframebusinessoperatingsystem/
💬 WhatsApp: https://wa.me/639760110243
📧 Email: buildframe.digitalsystem@gmail.com

BuildFrame — Built & Tailored for Your Business.",construction/roofing-contractors.png
electrical-contractors-004,Electrical Contractors,construction,"DID YOU TAKE PHOTOS BEFORE CLOSING THAT WALL OR PANEL? 📸

Photos of wiring, panels, installations and completed work can become important project records later.

BuildFrame can help organize job photos under the correct customer or project instead of leaving them scattered across phones and chats.

SAVE THE RECORD WHILE THE WORK IS VISIBLE.

#ElectricalContractors #ElectricalInstallation #ProjectPhotos #ElectricalWork #BuildFrame

🌐 BuildFrame Business Software: https://buildframe-business-software.pages.dev/
🛠️ See Our Work — Portfolio: https://myportfolio.buildframe-digitalsystem.workers.dev/
📘 Facebook: https://www.facebook.com/buildframebusinessoperatingsystem/
💬 WhatsApp: https://wa.me/639760110243
📧 Email: buildframe.digitalsystem@gmail.com

BuildFrame — Built & Tailored for Your Business.",construction/electrical-contractors.png
plumbing-contractors-004,Plumbing Contractors,construction,"DID YOU SAVE THE BEFORE-AND-AFTER PHOTOS? 📸🔧

Photos of leaks, damaged pipes, installations and finished work can become useful project records.

BuildFrame can help organize job photos under the correct customer or project so they're easier to find later.

YOUR WORK SHOULDN'T DISAPPEAR INTO SOMEONE'S PHONE GALLERY.

#PlumbingContractors #PlumbingProjects #BeforeAndAfter #ProjectRecords #BuildFrame

🌐 BuildFrame Business Software: https://buildframe-business-software.pages.dev/
🛠️ See Our Work — Portfolio: https://myportfolio.buildframe-digitalsystem.workers.dev/
📘 Facebook: https://www.facebook.com/buildframebusinessoperatingsystem/
💬 WhatsApp: https://wa.me/639760110243
📧 Email: buildframe.digitalsystem@gmail.com

BuildFrame — Built & Tailored for Your Business.",construction/plumbing-contractors.png
hvac-contractors-004,HVAC Contractors,construction,"DID YOU SAVE THE UNIT DETAILS AND JOB PHOTOS? 📸❄️

Photos, model information, service notes and installation records can become useful when a customer calls again.

BuildFrame can help keep these details under the correct customer or job so they're easier to find later.

KEEP THE JOB HISTORY WHERE YOU CAN FIND IT.

#HVACContractors #HVACInstallation #HVACRecords #ProjectPhotos #BuildFrame

🌐 BuildFrame Business Software: https://buildframe-business-software.pages.dev/
🛠️ See Our Work — Portfolio: https://myportfolio.buildframe-digitalsystem.workers.dev/
📘 Facebook: https://www.facebook.com/buildframebusinessoperatingsystem/
💬 WhatsApp: https://wa.me/639760110243
📧 Email: buildframe.digitalsystem@gmail.com

BuildFrame — Built & Tailored for Your Business.",construction/hvac-contractors.png
renovation-remodeling-004,Renovation & Remodeling,construction,"BEFORE-AND-AFTER PHOTOS ARE MORE THAN MEMORIES. 📸🏠

Renovation projects create some of the strongest visual proof of your work.

BuildFrame can help organize photos by project so they're easy to use for client updates, project records and your future portfolio.

SAVE THE TRANSFORMATION. SHOW THE RESULT.

#RenovationContractors #BeforeAndAfter #RemodelingProjects #ProjectPhotos #BuildFrame

🌐 BuildFrame Business Software: https://buildframe-business-software.pages.dev/
🛠️ See Our Work — Portfolio: https://myportfolio.buildframe-digitalsystem.workers.dev/
📘 Facebook: https://www.facebook.com/buildframebusinessoperatingsystem/
💬 WhatsApp: https://wa.me/639760110243
📧 Email: buildframe.digitalsystem@gmail.com

BuildFrame — Built & Tailored for Your Business.",construction/renovation-remodeling.png
handyman-property-maintenance-004,Handyman & Property Maintenance,construction,"DID YOU TAKE A PHOTO BEFORE AND AFTER THE REPAIR? 📸

Photos can show what was damaged, what work was completed and how the property looked afterward.

BuildFrame can help organize repair photos under the correct property, customer or job.

KEEP A SIMPLE VISUAL RECORD OF THE WORK YOU DID.

#HandymanServices #PropertyMaintenance #BeforeAndAfter #MaintenanceRecords #BuildFrame

🌐 BuildFrame Business Software: https://buildframe-business-software.pages.dev/
🛠️ See Our Work — Portfolio: https://myportfolio.buildframe-digitalsystem.workers.dev/
📘 Facebook: https://www.facebook.com/buildframebusinessoperatingsystem/
💬 WhatsApp: https://wa.me/639760110243
📧 Email: buildframe.digitalsystem@gmail.com

BuildFrame — Built & Tailored for Your Business.",construction/handyman-property-maintenance.png
tiling-flooring-contractors-004,Tiling & Flooring Contractors,construction,"DID YOU SAVE THE BEFORE, DURING AND AFTER PHOTOS? 📸

Flooring transformations are visual, and photos can also become useful project records.

BuildFrame can help organize project photos under the correct customer or job instead of leaving them scattered across phones.

SAVE THE WORK. SHOW THE TRANSFORMATION.

#TilingContractors #FlooringContractors #BeforeAndAfter #ProjectPhotos #BuildFrame

🌐 BuildFrame Business Software: https://buildframe-business-software.pages.dev/
🛠️ See Our Work — Portfolio: https://myportfolio.buildframe-digitalsystem.workers.dev/
📘 Facebook: https://www.facebook.com/buildframebusinessoperatingsystem/
💬 WhatsApp: https://wa.me/639760110243
📧 Email: buildframe.digitalsystem@gmail.com

BuildFrame — Built & Tailored for Your Business.",construction/tiling-flooring-contractors.png
landscaping-contractors-004,Landscaping Contractors,construction,"DID YOU SAVE THE SITE PHOTOS BEFORE THE TRANSFORMATION STARTED? 📸🌱

Before, progress and after photos can become valuable project records and powerful proof of your landscaping work.

BuildFrame can help organize photos under the correct customer or project instead of leaving them scattered across phones.

SAVE THE TRANSFORMATION FROM DAY ONE.

#LandscapingContractors #LandscapeDesign #BeforeAndAfter #ProjectPhotos #BuildFrame

🌐 BuildFrame Business Software: https://buildframe-business-software.pages.dev/
🛠️ See Our Work — Portfolio: https://myportfolio.buildframe-digitalsystem.workers.dev/
📘 Facebook: https://www.facebook.com/buildframebusinessoperatingsystem/
💬 WhatsApp: https://wa.me/639760110243
📧 Email: buildframe.digitalsystem@gmail.com

BuildFrame — Built & Tailored for Your Business.",construction/landscaping-contractors.png
metal-fabrication-004,Metal Fabrication,construction,"DID YOU SAVE PHOTOS BEFORE THAT METALWORK LEFT THE SHOP? 📸

Photos of fabrication, welding, finishing and installation can become useful job records and proof of workmanship.

BuildFrame can help organize photos under the correct project instead of leaving them scattered across phones.

DOCUMENT THE WORK BEFORE IT LEAVES YOUR HANDS.

#MetalFabrication #WeldingProjects #ProjectPhotos #MetalWorks #BuildFrame

🌐 BuildFrame Business Software: https://buildframe-business-software.pages.dev/
🛠️ See Our Work — Portfolio: https://myportfolio.buildframe-digitalsystem.workers.dev/
📘 Facebook: https://www.facebook.com/buildframebusinessoperatingsystem/
💬 WhatsApp: https://wa.me/639760110243
📧 Email: buildframe.digitalsystem@gmail.com

BuildFrame — Built & Tailored for Your Business.",construction/metal-fabrication.png
glass-aluminum-contractors-004,Glass & Aluminum Contractors,construction,"DID YOU SAVE PHOTOS BEFORE AND AFTER INSTALLATION? 📸🪟

Photos can record site conditions, installation progress and the finished appearance of your work.

BuildFrame can help organize project photos under the correct customer or job instead of leaving them scattered across phones.

DOCUMENT THE WORK. SHOW THE RESULT.

#GlassContractors #AluminumContractors #BeforeAndAfter #ProjectPhotos #BuildFrame

🌐 BuildFrame Business Software: https://buildframe-business-software.pages.dev/
🛠️ See Our Work — Portfolio: https://myportfolio.buildframe-digitalsystem.workers.dev/
📘 Facebook: https://www.facebook.com/buildframebusinessoperatingsystem/
💬 WhatsApp: https://wa.me/639760110243
📧 Email: buildframe.digitalsystem@gmail.com

BuildFrame — Built & Tailored for Your Business.",construction/glass-aluminum-contractors.png
woodworking-carpentry-004,Woodworking & Carpentry,construction,"DID YOU SAVE PHOTOS BEFORE THAT CUSTOM PIECE LEFT THE SHOP? 📸🪵

Photos of fabrication, assembly, finishing and installation can become useful job records and proof of workmanship.

BuildFrame can help organize photos under the correct customer or project instead of leaving them scattered across phones.

DOCUMENT THE CRAFTSMANSHIP. SHOW THE RESULT.

#Woodworking #CarpentryContractors #ProjectPhotos #CustomFurniture #BuildFrame

🌐 BuildFrame Business Software: https://buildframe-business-software.pages.dev/
🛠️ See Our Work — Portfolio: https://myportfolio.buildframe-digitalsystem.workers.dev/
📘 Facebook: https://www.facebook.com/buildframebusinessoperatingsystem/
💬 WhatsApp: https://wa.me/639760110243
📧 Email: buildframe.digitalsystem@gmail.com

BuildFrame — Built & Tailored for Your Business.",construction/woodworking-carpentry.png
solar-installation-contractors-004,Solar Installation Contractors,construction,"DID YOU SAVE THE ROOF, PANEL AND INSTALLATION PHOTOS? 📸☀️

Site photos can document conditions before installation, progress during the work and the completed solar system.

BuildFrame can help organize photos under the correct customer or project instead of leaving them scattered across phones.

DOCUMENT THE PROJECT FROM SITE CHECK TO FINISH.

#SolarContractors #SolarPanels #ProjectPhotos #SolarInstallation #BuildFrame

🌐 BuildFrame Business Software: https://buildframe-business-software.pages.dev/
🛠️ See Our Work — Portfolio: https://myportfolio.buildframe-digitalsystem.workers.dev/
📘 Facebook: https://www.facebook.com/buildframebusinessoperatingsystem/
💬 WhatsApp: https://wa.me/639760110243
📧 Email: buildframe.digitalsystem@gmail.com

BuildFrame — Built & Tailored for Your Business.",construction/solar-installation-contractors.png
construction-suppliers-building-materials-004,Construction Suppliers & Building Materials,construction,"DID YOU SAVE PROOF OF WHAT WAS PREPARED AND DELIVERED? 📸🚚

Photos of materials, loaded orders and site deliveries can become useful records when questions come up later.

BuildFrame can help organize photos and delivery notes under the correct customer or order.

KEEP A CLEARER RECORD OF EVERY DELIVERY.

#ConstructionSuppliers #DeliveryRecords #BuildingMaterials #ProjectPhotos #BuildFrame

🌐 BuildFrame Business Software: https://buildframe-business-software.pages.dev/
🛠️ See Our Work — Portfolio: https://myportfolio.buildframe-digitalsystem.workers.dev/
📘 Facebook: https://www.facebook.com/buildframebusinessoperatingsystem/
💬 WhatsApp: https://wa.me/639760110243
📧 Email: buildframe.digitalsystem@gmail.com

BuildFrame — Built & Tailored for Your Business.",construction/construction-suppliers-building-materials.png
aggregates-anapog-filling-materials-004,"Aggregates, Anapog & Filling Materials",construction,"DID YOU RECORD WHAT LEFT THE STOCKPILE? 📸🚛

Photos and delivery notes can help confirm what material was loaded, where it went and when it was delivered.

BuildFrame can help organize delivery photos and records under the correct customer or order.

KEEP A CLEARER RECORD OF EACH LOAD.

#Aggregates #Anapog #DeliveryRecords #ConstructionMaterials #BuildFrame

🌐 BuildFrame Business Software: https://buildframe-business-software.pages.dev/
🛠️ See Our Work — Portfolio: https://myportfolio.buildframe-digitalsystem.workers.dev/
📘 Facebook: https://www.facebook.com/buildframebusinessoperatingsystem/
💬 WhatsApp: https://wa.me/639760110243
📧 Email: buildframe.digitalsystem@gmail.com

BuildFrame — Built & Tailored for Your Business.",construction/aggregates-anapog-filling-materials.png
property-management-004,Property Management,construction,"DID YOU SAVE THE BEFORE-AND-AFTER PHOTOS OF THAT REPAIR? 📸🏢

Photos can help document property conditions, completed repairs and ongoing maintenance work.

BuildFrame can help organize photos under the correct property, unit or maintenance request.

KEEP A CLEARER RECORD OF PROPERTY WORK.

#PropertyManagement #PropertyPhotos #MaintenanceRecords #BuildingManagement #BuildFrame

🌐 BuildFrame Business Software: https://buildframe-business-software.pages.dev/
🛠️ See Our Work — Portfolio: https://myportfolio.buildframe-digitalsystem.workers.dev/
📘 Facebook: https://www.facebook.com/buildframebusinessoperatingsystem/
💬 WhatsApp: https://wa.me/639760110243
📧 Email: buildframe.digitalsystem@gmail.com

BuildFrame — Built & Tailored for Your Business.",construction/property-management.png
engineering-services-004,Engineering Services,construction,"DID YOU SAVE THE SITE PHOTOS WITH THE CORRECT PROJECT? 📸📐

Site inspections and progress checks can create many photos that become important project records later.

BuildFrame can help organize photos under the correct project instead of leaving them scattered across phones and group chats.

KEEP SITE RECORDS EASIER TO FIND.

#EngineeringServices #SiteInspection #ProjectPhotos #EngineeringProjects #BuildFrame

🌐 BuildFrame Business Software: https://buildframe-business-software.pages.dev/
🛠️ See Our Work — Portfolio: https://myportfolio.buildframe-digitalsystem.workers.dev/
📘 Facebook: https://www.facebook.com/buildframebusinessoperatingsystem/
💬 WhatsApp: https://wa.me/639760110243
📧 Email: buildframe.digitalsystem@gmail.com

BuildFrame — Built & Tailored for Your Business.",construction/engineering-services.png
architectural-design-services-004,Architectural & Design Services,construction,"DID YOU SAVE THE SITE PHOTOS WITH THE RIGHT PROJECT? 📸🏠

Site visits can create reference photos, measurements and observations that become important during design and construction.

BuildFrame can help organize project photos under the correct client and project instead of leaving them scattered across phones.

KEEP SITE REFERENCES EASIER TO FIND.

#ArchitecturalServices #SitePhotos #DesignProjects #Architecture #BuildFrame

🌐 BuildFrame Business Software: https://buildframe-business-software.pages.dev/
🛠️ See Our Work — Portfolio: https://myportfolio.buildframe-digitalsystem.workers.dev/
📘 Facebook: https://www.facebook.com/buildframebusinessoperatingsystem/
💬 WhatsApp: https://wa.me/639760110243
📧 Email: buildframe.digitalsystem@gmail.com

BuildFrame — Built & Tailored for Your Business.",construction/architectural-design-services.png
specialty-subcontractors-trade-specialists-004,Specialty Subcontractors & Trade Specialists,construction,"DID YOU DOCUMENT YOUR WORK BEFORE THE NEXT TRADE COVERED IT? 📸🛠️

Some specialty work becomes hidden once walls, ceilings, finishes or other construction activities continue.

BuildFrame can help organize progress photos and work records under the correct project.

DOCUMENT YOUR WORK WHILE IT CAN STILL BE SEEN.

#SpecialtySubcontractors #ConstructionRecords #ProjectPhotos #TradeContractors #BuildFrame

🌐 BuildFrame Business Software: https://buildframe-business-software.pages.dev/
🛠️ See Our Work — Portfolio: https://myportfolio.buildframe-digitalsystem.workers.dev/
📘 Facebook: https://www.facebook.com/buildframebusinessoperatingsystem/
💬 WhatsApp: https://wa.me/639760110243
📧 Email: buildframe.digitalsystem@gmail.com

BuildFrame — Built & Tailored for Your Business.",construction/specialty-subcontractors-trade-specialists.png
emergency-repair-construction-services-004,Emergency Repair & Construction Services,construction,"DID YOU TAKE PHOTOS BEFORE STARTING THE REPAIR? 📸🚨

Before-and-after photos can help document damage, site conditions and the work completed during an emergency repair.

BuildFrame can help organize photos under the correct customer and job instead of leaving them scattered across phones.

KEEP A CLEARER RECORD OF EVERY REPAIR.

#EmergencyRepair #RepairRecords #BeforeAndAfter #ConstructionPhotos #BuildFrame

🌐 BuildFrame Business Software: https://buildframe-business-software.pages.dev/
🛠️ See Our Work — Portfolio: https://myportfolio.buildframe-digitalsystem.workers.dev/
📘 Facebook: https://www.facebook.com/buildframebusinessoperatingsystem/
💬 WhatsApp: https://wa.me/639760110243
📧 Email: buildframe.digitalsystem@gmail.com

BuildFrame — Built & Tailored for Your Business.",construction/emergency-repair-construction-services.png
general-contractors-005,General Contractors,construction,"MATERIALS ORDERED. MATERIALS DELIVERED. BUT WHO'S KEEPING TRACK? 🧱

When several projects are moving at once, material notes and delivery updates can easily get scattered.

BuildFrame can help you keep simple records of what was requested, what arrived and what still needs attention.

KEEP THE JOB MOVING WITH CLEARER INFORMATION.

#GeneralContractors #ConstructionMaterials #BuildingMaterials #ProjectTracking #BuildFrame

🌐 BuildFrame Business Software: https://buildframe-business-software.pages.dev/
🛠️ See Our Work — Portfolio: https://myportfolio.buildframe-digitalsystem.workers.dev/
📘 Facebook: https://www.facebook.com/buildframebusinessoperatingsystem/
💬 WhatsApp: https://wa.me/639760110243
📧 Email: buildframe.digitalsystem@gmail.com

BuildFrame — Built & Tailored for Your Business.",construction/general-contractors.png
roofing-contractors-005,Roofing Contractors,construction,"DID THE ROOFING MATERIALS ARRIVE — OR ARE WE STILL WAITING? 🧱

Sheets, tiles, flashing, gutters and other materials need to be ready when the crew needs them.

BuildFrame can help keep simple notes on materials requested, delivered and still needed for each job.

FEWER SURPRISES. CLEARER JOB INFORMATION.

#RoofingContractors #RoofingMaterials #ConstructionMaterials #RoofInstallation #BuildFrame

🌐 BuildFrame Business Software: https://buildframe-business-software.pages.dev/
🛠️ See Our Work — Portfolio: https://myportfolio.buildframe-digitalsystem.workers.dev/
📘 Facebook: https://www.facebook.com/buildframebusinessoperatingsystem/
💬 WhatsApp: https://wa.me/639760110243
📧 Email: buildframe.digitalsystem@gmail.com

BuildFrame — Built & Tailored for Your Business.",construction/roofing-contractors.png
electrical-contractors-005,Electrical Contractors,construction,"MATERIALS READY — OR IS THE CREW WAITING? 🔌

Cables, breakers, switches, panels and other materials need to be available when the job needs them.

BuildFrame can help keep simple records of what was requested, what arrived and what is still needed for each project.

KEEP THE WORK MOVING WITH BETTER INFORMATION.

#ElectricalContractors #ElectricalMaterials #ElectricalProjects #ConstructionBusiness #BuildFrame

🌐 BuildFrame Business Software: https://buildframe-business-software.pages.dev/
🛠️ See Our Work — Portfolio: https://myportfolio.buildframe-digitalsystem.workers.dev/
📘 Facebook: https://www.facebook.com/buildframebusinessoperatingsystem/
💬 WhatsApp: https://wa.me/639760110243
📧 Email: buildframe.digitalsystem@gmail.com

BuildFrame — Built & Tailored for Your Business.",construction/electrical-contractors.png
plumbing-contractors-005,Plumbing Contractors,construction,"THE CREW IS READY. ARE THE PIPES AND FITTINGS READY TOO? 🧰

Missing materials can slow down a plumbing job and create unnecessary trips.

BuildFrame can help keep simple records of materials requested, received and still needed for each project.

KNOW WHAT'S NEEDED BEFORE THE CREW NEEDS IT.

#PlumbingContractors #PlumbingMaterials #PlumbingProjects #ConstructionBusiness #BuildFrame

🌐 BuildFrame Business Software: https://buildframe-business-software.pages.dev/
🛠️ See Our Work — Portfolio: https://myportfolio.buildframe-digitalsystem.workers.dev/
📘 Facebook: https://www.facebook.com/buildframebusinessoperatingsystem/
💬 WhatsApp: https://wa.me/639760110243
📧 Email: buildframe.digitalsystem@gmail.com

BuildFrame — Built & Tailored for Your Business.",construction/plumbing-contractors.png
hvac-contractors-005,HVAC Contractors,construction,"THE TECHNICIAN IS ON SITE. DOES HE HAVE THE PARTS HE NEEDS? 🧰

Missing parts or materials can mean another trip, more waiting and a delayed job.

BuildFrame can help keep simple records of parts requested, available, used or still needed.

BETTER INFORMATION HELPS KEEP THE WORK MOVING.

#HVACContractors #HVACParts #HVACRepair #JobTracking #BuildFrame

🌐 BuildFrame Business Software: https://buildframe-business-software.pages.dev/
🛠️ See Our Work — Portfolio: https://myportfolio.buildframe-digitalsystem.workers.dev/
📘 Facebook: https://www.facebook.com/buildframebusinessoperatingsystem/
💬 WhatsApp: https://wa.me/639760110243
📧 Email: buildframe.digitalsystem@gmail.com

BuildFrame — Built & Tailored for Your Business.",construction/hvac-contractors.png
renovation-remodeling-005,Renovation & Remodeling,construction,"MATERIALS CHANGED. QUANTITY CHANGED. DID THE RECORD CHANGE TOO? 🧱

Renovations often involve changing material choices and quantities as the project develops.

BuildFrame can help keep simple records of what is needed, what was requested and important changes for each project.

KEEP PROJECT INFORMATION AS UPDATED AS THE WORK ITSELF.

#RenovationContractors #ConstructionMaterials #HomeRenovation #ProjectRecords #BuildFrame

🌐 BuildFrame Business Software: https://buildframe-business-software.pages.dev/
🛠️ See Our Work — Portfolio: https://myportfolio.buildframe-digitalsystem.workers.dev/
📘 Facebook: https://www.facebook.com/buildframebusinessoperatingsystem/
💬 WhatsApp: https://wa.me/639760110243
📧 Email: buildframe.digitalsystem@gmail.com

BuildFrame — Built & Tailored for Your Business.",construction/renovation-remodeling.png
handyman-property-maintenance-005,Handyman & Property Maintenance,construction,"DO YOU HAVE THE MATERIALS FOR TODAY'S REPAIRS? 🧰

A maintenance job can be delayed by something as simple as a missing fitting, screw, paint or replacement part.

BuildFrame can help keep simple records of materials needed for each job so the team can prepare before going to site.

A LITTLE ORGANIZATION CAN SAVE AN EXTRA TRIP.

#Handyman #PropertyMaintenance #RepairMaterials #MaintenanceBusiness #BuildFrame

🌐 BuildFrame Business Software: https://buildframe-business-software.pages.dev/
🛠️ See Our Work — Portfolio: https://myportfolio.buildframe-digitalsystem.workers.dev/
📘 Facebook: https://www.facebook.com/buildframebusinessoperatingsystem/
💬 WhatsApp: https://wa.me/639760110243
📧 Email: buildframe.digitalsystem@gmail.com

BuildFrame — Built & Tailored for Your Business.",construction/handyman-property-maintenance.png
tiling-flooring-contractors-005,Tiling & Flooring Contractors,construction,"DO YOU HAVE ENOUGH TILES, ADHESIVE AND OTHER MATERIALS TO FINISH? 📦🧱

Wrong quantities or missing materials can delay an otherwise ready flooring job.

BuildFrame can help keep simple records of materials needed, requested, received and still required for each project.

BETTER MATERIAL INFORMATION HELPS KEEP WORK MOVING.

#TilingContractors #FlooringMaterials #ConstructionMaterials #FlooringProjects #BuildFrame

🌐 BuildFrame Business Software: https://buildframe-business-software.pages.dev/
🛠️ See Our Work — Portfolio: https://myportfolio.buildframe-digitalsystem.workers.dev/
📘 Facebook: https://www.facebook.com/buildframebusinessoperatingsystem/
💬 WhatsApp: https://wa.me/639760110243
📧 Email: buildframe.digitalsystem@gmail.com

BuildFrame — Built & Tailored for Your Business.",construction/tiling-flooring-contractors.png
landscaping-contractors-005,Landscaping Contractors,construction,"PLANTS READY? PAVERS READY? SOIL READY? 🚚🌿

Landscaping projects can slow down when materials, plants or supplies don't arrive when the crew needs them.

BuildFrame can help keep simple records of what is needed, requested, received and still missing for each project.

BETTER INFORMATION HELPS KEEP THE CREW MOVING.

#LandscapingContractors #LandscapeMaterials #LandscapingProjects #ConstructionMaterials #BuildFrame

🌐 BuildFrame Business Software: https://buildframe-business-software.pages.dev/
🛠️ See Our Work — Portfolio: https://myportfolio.buildframe-digitalsystem.workers.dev/
📘 Facebook: https://www.facebook.com/buildframebusinessoperatingsystem/
💬 WhatsApp: https://wa.me/639760110243
📧 Email: buildframe.digitalsystem@gmail.com

BuildFrame — Built & Tailored for Your Business.",construction/landscaping-contractors.png
metal-fabrication-005,Metal Fabrication,construction,"STEEL READY? HARDWARE READY? FINISHING MATERIALS READY? 🔩

Missing materials can stop fabrication even when the crew and equipment are ready.

BuildFrame can help keep simple records of materials needed, requested, received and still missing for each job.

BETTER MATERIAL INFORMATION HELPS KEEP PRODUCTION MOVING.

#MetalFabrication #FabricationMaterials #SteelFabrication #ConstructionMaterials #BuildFrame

🌐 BuildFrame Business Software: https://buildframe-business-software.pages.dev/
🛠️ See Our Work — Portfolio: https://myportfolio.buildframe-digitalsystem.workers.dev/
📘 Facebook: https://www.facebook.com/buildframebusinessoperatingsystem/
💬 WhatsApp: https://wa.me/639760110243
📧 Email: buildframe.digitalsystem@gmail.com

BuildFrame — Built & Tailored for Your Business.",construction/metal-fabrication.png
glass-aluminum-contractors-005,Glass & Aluminum Contractors,construction,"GLASS READY? FRAMES READY? HARDWARE READY? 📦

A missing panel, frame or fitting can delay an installation even when the crew is already scheduled.

BuildFrame can help keep simple records of materials and components needed, received and still missing for each project.

BETTER MATERIAL INFORMATION HELPS KEEP INSTALLATIONS MOVING.

#GlassAndAluminum #AluminumMaterials #GlassInstallation #ConstructionMaterials #BuildFrame

🌐 BuildFrame Business Software: https://buildframe-business-software.pages.dev/
🛠️ See Our Work — Portfolio: https://myportfolio.buildframe-digitalsystem.workers.dev/
📘 Facebook: https://www.facebook.com/buildframebusinessoperatingsystem/
💬 WhatsApp: https://wa.me/639760110243
📧 Email: buildframe.digitalsystem@gmail.com

BuildFrame — Built & Tailored for Your Business.",construction/glass-aluminum-contractors.png
woodworking-carpentry-005,Woodworking & Carpentry,construction,"LUMBER READY? HARDWARE READY? FINISHING MATERIALS READY? 📦

Missing wood, hinges, handles or finishing materials can delay a job even when the crew is ready.

BuildFrame can help keep simple records of materials needed, requested, received and still missing for each project.

BETTER MATERIAL INFORMATION HELPS KEEP WORK MOVING.

#CarpentryContractors #WoodMaterials #WoodworkingProjects #ConstructionMaterials #BuildFrame

🌐 BuildFrame Business Software: https://buildframe-business-software.pages.dev/
🛠️ See Our Work — Portfolio: https://myportfolio.buildframe-digitalsystem.workers.dev/
📘 Facebook: https://www.facebook.com/buildframebusinessoperatingsystem/
💬 WhatsApp: https://wa.me/639760110243
📧 Email: buildframe.digitalsystem@gmail.com

BuildFrame — Built & Tailored for Your Business.",construction/woodworking-carpentry.png
solar-installation-contractors-005,Solar Installation Contractors,construction,"PANELS READY? INVERTER READY? MOUNTING HARDWARE READY? 📦🔋

A missing component can delay an installation even when the crew and customer are ready.

BuildFrame can help keep simple records of materials and equipment needed, received and still missing for each project.

BETTER MATERIAL INFORMATION HELPS KEEP INSTALLATIONS MOVING.

#SolarContractors #SolarEquipment #SolarPanels #ConstructionMaterials #BuildFrame

🌐 BuildFrame Business Software: https://buildframe-business-software.pages.dev/
🛠️ See Our Work — Portfolio: https://myportfolio.buildframe-digitalsystem.workers.dev/
📘 Facebook: https://www.facebook.com/buildframebusinessoperatingsystem/
💬 WhatsApp: https://wa.me/639760110243
📧 Email: buildframe.digitalsystem@gmail.com

BuildFrame — Built & Tailored for Your Business.",construction/solar-installation-contractors.png
construction-suppliers-building-materials-005,Construction Suppliers & Building Materials,construction,"WHAT'S AVAILABLE? WHAT'S LOW? WHAT NEEDS TO BE ORDERED? 📦🧱

Suppliers handle many products, and missing information about available materials can slow customer orders.

BuildFrame can help keep simple material and supply records so your team has a clearer picture of what needs attention.

MAKE MATERIAL INFORMATION EASIER TO FOLLOW.

#ConstructionSuppliers #BuildingMaterials #MaterialStock #ConstructionSupply #BuildFrame

🌐 BuildFrame Business Software: https://buildframe-business-software.pages.dev/
🛠️ See Our Work — Portfolio: https://myportfolio.buildframe-digitalsystem.workers.dev/
📘 Facebook: https://www.facebook.com/buildframebusinessoperatingsystem/
💬 WhatsApp: https://wa.me/639760110243
📧 Email: buildframe.digitalsystem@gmail.com

BuildFrame — Built & Tailored for Your Business.",construction/construction-suppliers-building-materials.png
aggregates-anapog-filling-materials-005,"Aggregates, Anapog & Filling Materials",construction,"HOW MUCH MATERIAL IS AVAILABLE RIGHT NOW? 🪨📦

When orders come in quickly, it helps to know what materials are available and what may need replenishment.

BuildFrame can help keep simple records of materials available, requested and delivered.

MAKE MATERIAL INFORMATION EASIER TO FOLLOW.

#Aggregates #FillingMaterials #MaterialStock #ConstructionSupply #BuildFrame

🌐 BuildFrame Business Software: https://buildframe-business-software.pages.dev/
🛠️ See Our Work — Portfolio: https://myportfolio.buildframe-digitalsystem.workers.dev/
📘 Facebook: https://www.facebook.com/buildframebusinessoperatingsystem/
💬 WhatsApp: https://wa.me/639760110243
📧 Email: buildframe.digitalsystem@gmail.com

BuildFrame — Built & Tailored for Your Business.",construction/aggregates-anapog-filling-materials.png
property-management-005,Property Management,construction,"WHAT MATERIALS OR SERVICES ARE STILL NEEDED FOR THIS PROPERTY? 📦🔧

Repairs and maintenance can depend on materials, suppliers and outside contractors being ready when needed.

BuildFrame can help keep simple records of what has been requested, received and still needs attention.

KNOW WHAT'S READY AND WHAT'S STILL MISSING.

#PropertyManagement #PropertyMaintenance #MaintenanceMaterials #BuildingOperations #BuildFrame

🌐 BuildFrame Business Software: https://buildframe-business-software.pages.dev/
🛠️ See Our Work — Portfolio: https://myportfolio.buildframe-digitalsystem.workers.dev/
📘 Facebook: https://www.facebook.com/buildframebusinessoperatingsystem/
💬 WhatsApp: https://wa.me/639760110243
📧 Email: buildframe.digitalsystem@gmail.com

BuildFrame — Built & Tailored for Your Business.",construction/property-management.png
engineering-services-005,Engineering Services,construction,"DRAWINGS READY? REPORTS READY? SITE INFORMATION COMPLETE? 📑🏗️

Engineering work often depends on receiving the right information before the next task can move forward.

BuildFrame can help keep simple records of what has been received, what is ready and what is still needed for each project.

KNOW WHAT'S READY AND WHAT'S STILL MISSING.

#EngineeringServices #EngineeringDocuments #ProjectRecords #Construction #BuildFrame

🌐 BuildFrame Business Software: https://buildframe-business-software.pages.dev/
🛠️ See Our Work — Portfolio: https://myportfolio.buildframe-digitalsystem.workers.dev/
📘 Facebook: https://www.facebook.com/buildframebusinessoperatingsystem/
💬 WhatsApp: https://wa.me/639760110243
📧 Email: buildframe.digitalsystem@gmail.com

BuildFrame — Built & Tailored for Your Business.",construction/engineering-services.png
architectural-design-services-005,Architectural & Design Services,construction,"WHAT'S READY? WHAT'S WAITING FOR APPROVAL? WHAT STILL NEEDS REVISION? 📋

Architectural projects can move through concepts, drawings, client feedback, revisions and approvals.

BuildFrame can help keep simple records of what stage each project has reached and what needs attention next.

SEE WHAT'S MOVING AND WHAT'S WAITING.

#ArchitecturalDesign #ProjectStages #DesignServices #ConstructionDesign #BuildFrame

🌐 BuildFrame Business Software: https://buildframe-business-software.pages.dev/
🛠️ See Our Work — Portfolio: https://myportfolio.buildframe-digitalsystem.workers.dev/
📘 Facebook: https://www.facebook.com/buildframebusinessoperatingsystem/
💬 WhatsApp: https://wa.me/639760110243
📧 Email: buildframe.digitalsystem@gmail.com

BuildFrame — Built & Tailored for Your Business.",construction/architectural-design-services.png
specialty-subcontractors-trade-specialists-005,Specialty Subcontractors & Trade Specialists,construction,"MATERIALS READY? EQUIPMENT READY? SITE READY? 📦🏗️

A specialty crew can lose valuable time when materials, equipment or the work area isn't ready.

BuildFrame can help keep simple records of what is needed, what is available and what is still waiting for each project.

KNOW WHAT'S READY BEFORE THE CREW ARRIVES.

#SpecialtySubcontractors #ConstructionMaterials #TradeSpecialists #SiteReadiness #BuildFrame

🌐 BuildFrame Business Software: https://buildframe-business-software.pages.dev/
🛠️ See Our Work — Portfolio: https://myportfolio.buildframe-digitalsystem.workers.dev/
📘 Facebook: https://www.facebook.com/buildframebusinessoperatingsystem/
💬 WhatsApp: https://wa.me/639760110243
📧 Email: buildframe.digitalsystem@gmail.com

BuildFrame — Built & Tailored for Your Business.",construction/specialty-subcontractors-trade-specialists.png
emergency-repair-construction-services-005,Emergency Repair & Construction Services,construction,"WHAT MATERIALS DO WE NEED BEFORE GOING BACK TO THE SITE? 📦🔧

Some emergency repairs need an immediate temporary solution followed by materials or additional work to complete the job properly.

BuildFrame can help keep notes about materials, next steps and return visits connected to the correct repair.

DON'T LET THE NEXT STEP GET FORGOTTEN AFTER THE EMERGENCY.

#EmergencyRepair #ConstructionMaterials #RepairWork #MaintenanceServices #BuildFrame

🌐 BuildFrame Business Software: https://buildframe-business-software.pages.dev/
🛠️ See Our Work — Portfolio: https://myportfolio.buildframe-digitalsystem.workers.dev/
📘 Facebook: https://www.facebook.com/buildframebusinessoperatingsystem/
💬 WhatsApp: https://wa.me/639760110243
📧 Email: buildframe.digitalsystem@gmail.com

BuildFrame — Built & Tailored for Your Business.",construction/emergency-repair-construction-services.png
general-contractors-006,General Contractors,construction,"YOUR CLIENT ASKS, “HOW'S THE PROJECT GOING?” — CAN YOU ANSWER QUICKLY? 🏗️

Clients appreciate clear updates. But gathering photos, notes and progress information from different people can take time.

BuildFrame can help keep project updates together so you can communicate progress more clearly with your clients.

BETTER UPDATES. BETTER CLIENT EXPERIENCE.

#GeneralContractors #ClientUpdates #ConstructionProjects #CustomerService #BuildFrame

🌐 BuildFrame Business Software: https://buildframe-business-software.pages.dev/
🛠️ See Our Work — Portfolio: https://myportfolio.buildframe-digitalsystem.workers.dev/
📘 Facebook: https://www.facebook.com/buildframebusinessoperatingsystem/
💬 WhatsApp: https://wa.me/639760110243
📧 Email: buildframe.digitalsystem@gmail.com

BuildFrame — Built & Tailored for Your Business.",construction/general-contractors.png
roofing-contractors-006,Roofing Contractors,construction,"YOUR CUSTOMER SEES THE ROOF. YOU SEE EVERYTHING THAT WENT INTO IT. 🏠

Customers often want to know how their roofing job is progressing, especially on larger repairs or replacements.

BuildFrame can help keep photos, notes and progress updates organized so you can give customers clearer information.

KEEP CUSTOMERS INFORMED WITHOUT SEARCHING EVERYWHERE FOR THE UPDATE.

#RoofingContractors #CustomerUpdates #RoofReplacement #RoofingServices #BuildFrame

🌐 BuildFrame Business Software: https://buildframe-business-software.pages.dev/
🛠️ See Our Work — Portfolio: https://myportfolio.buildframe-digitalsystem.workers.dev/
📘 Facebook: https://www.facebook.com/buildframebusinessoperatingsystem/
💬 WhatsApp: https://wa.me/639760110243
📧 Email: buildframe.digitalsystem@gmail.com

BuildFrame — Built & Tailored for Your Business.",construction/roofing-contractors.png
electrical-contractors-006,Electrical Contractors,construction,"YOUR CLIENT ASKS FOR A PROJECT UPDATE. HOW FAST CAN YOU GIVE ONE? ⚡

Getting the latest information may mean calling the crew, searching messages and looking for photos.

BuildFrame can help keep project notes, photos and updates together so customer communication becomes easier.

CLEARER PROJECT INFORMATION. BETTER CUSTOMER UPDATES.

#ElectricalContractors #ClientUpdates #ElectricalProjects #CustomerService #BuildFrame

🌐 BuildFrame Business Software: https://buildframe-business-software.pages.dev/
🛠️ See Our Work — Portfolio: https://myportfolio.buildframe-digitalsystem.workers.dev/
📘 Facebook: https://www.facebook.com/buildframebusinessoperatingsystem/
💬 WhatsApp: https://wa.me/639760110243
📧 Email: buildframe.digitalsystem@gmail.com

BuildFrame — Built & Tailored for Your Business.",construction/electrical-contractors.png
plumbing-contractors-006,Plumbing Contractors,construction,"YOUR CUSTOMER ASKS, “IS THE PLUMBING WORK DONE YET?” 💧

Finding the latest update shouldn't require searching several chats or calling everyone on site.

BuildFrame can help keep job notes, photos and progress updates together so customer communication becomes easier.

CLEAR INFORMATION MAKES BETTER CUSTOMER UPDATES.

#PlumbingContractors #CustomerUpdates #PlumbingServices #ProjectUpdates #BuildFrame

🌐 BuildFrame Business Software: https://buildframe-business-software.pages.dev/
🛠️ See Our Work — Portfolio: https://myportfolio.buildframe-digitalsystem.workers.dev/
📘 Facebook: https://www.facebook.com/buildframebusinessoperatingsystem/
💬 WhatsApp: https://wa.me/639760110243
📧 Email: buildframe.digitalsystem@gmail.com

BuildFrame — Built & Tailored for Your Business.",construction/plumbing-contractors.png
hvac-contractors-006,HVAC Contractors,construction,"CUSTOMER ASKS, “WHEN WILL MY AIR-CON BE READY?” ❄️

Getting the latest answer shouldn't mean calling several people and searching through old messages.

BuildFrame can help keep job status, notes and updates together so your team can answer customers more clearly.

CLEAR JOB INFORMATION. BETTER CUSTOMER UPDATES.

#HVACContractors #CustomerUpdates #AirConditioning #HVACServices #BuildFrame

🌐 BuildFrame Business Software: https://buildframe-business-software.pages.dev/
🛠️ See Our Work — Portfolio: https://myportfolio.buildframe-digitalsystem.workers.dev/
📘 Facebook: https://www.facebook.com/buildframebusinessoperatingsystem/
💬 WhatsApp: https://wa.me/639760110243
📧 Email: buildframe.digitalsystem@gmail.com

BuildFrame — Built & Tailored for Your Business.",construction/hvac-contractors.png
renovation-remodeling-006,Renovation & Remodeling,construction,"YOUR CLIENT WANTS TO KNOW WHAT CHANGED THIS WEEK. CAN YOU SHOW THEM? 🏠

Renovation clients naturally want to see progress, especially when they are not on site every day.

BuildFrame can help keep progress photos, notes and updates together so communicating with clients becomes easier.

SHOW THE PROGRESS WITHOUT SEARCHING THROUGH HUNDREDS OF MESSAGES.

#RenovationContractors #ClientUpdates #HomeRemodeling #ProjectProgress #BuildFrame

🌐 BuildFrame Business Software: https://buildframe-business-software.pages.dev/
🛠️ See Our Work — Portfolio: https://myportfolio.buildframe-digitalsystem.workers.dev/
📘 Facebook: https://www.facebook.com/buildframebusinessoperatingsystem/
💬 WhatsApp: https://wa.me/639760110243
📧 Email: buildframe.digitalsystem@gmail.com

BuildFrame — Built & Tailored for Your Business.",construction/renovation-remodeling.png
handyman-property-maintenance-006,Handyman & Property Maintenance,construction,"THE PROPERTY OWNER ASKS, “IS IT FIXED?” CAN YOU ANSWER QUICKLY? 🏠

Finding the latest update shouldn't require calling several workers or searching old messages.

BuildFrame can help keep job notes, photos and status updates together so customer communication becomes easier.

CLEAR JOB INFORMATION MAKES BETTER CUSTOMER UPDATES.

#PropertyMaintenance #HandymanServices #CustomerUpdates #RepairWork #BuildFrame

🌐 BuildFrame Business Software: https://buildframe-business-software.pages.dev/
🛠️ See Our Work — Portfolio: https://myportfolio.buildframe-digitalsystem.workers.dev/
📘 Facebook: https://www.facebook.com/buildframebusinessoperatingsystem/
💬 WhatsApp: https://wa.me/639760110243
📧 Email: buildframe.digitalsystem@gmail.com

BuildFrame — Built & Tailored for Your Business.",construction/handyman-property-maintenance.png
tiling-flooring-contractors-006,Tiling & Flooring Contractors,construction,"THE CUSTOMER ASKS, “HOW MUCH OF THE FLOOR IS FINISHED?” 🏠

Progress updates are easier when your team doesn't have to search through several chats and camera galleries.

BuildFrame can help keep job notes, photos and progress updates together so customer communication becomes simpler.

SHOW PROGRESS WITH CLEAR INFORMATION.

#FlooringContractors #TilingContractors #ClientUpdates #ProjectProgress #BuildFrame

🌐 BuildFrame Business Software: https://buildframe-business-software.pages.dev/
🛠️ See Our Work — Portfolio: https://myportfolio.buildframe-digitalsystem.workers.dev/
📘 Facebook: https://www.facebook.com/buildframebusinessoperatingsystem/
💬 WhatsApp: https://wa.me/639760110243
📧 Email: buildframe.digitalsystem@gmail.com

BuildFrame — Built & Tailored for Your Business.",construction/tiling-flooring-contractors.png
landscaping-contractors-006,Landscaping Contractors,construction,"THE PROPERTY OWNER ASKS, “HOW IS THE LANDSCAPING GOING?” 🏡

Progress is easier to explain when photos, notes and job updates aren't buried in several group chats.

BuildFrame can help keep project updates together so communicating with customers becomes simpler.

SHOW THE PROGRESS WITH CLEAR INFORMATION.

#LandscapingContractors #ClientUpdates #LandscapeProjects #ProjectProgress #BuildFrame

🌐 BuildFrame Business Software: https://buildframe-business-software.pages.dev/
🛠️ See Our Work — Portfolio: https://myportfolio.buildframe-digitalsystem.workers.dev/
📘 Facebook: https://www.facebook.com/buildframebusinessoperatingsystem/
💬 WhatsApp: https://wa.me/639760110243
📧 Email: buildframe.digitalsystem@gmail.com

BuildFrame — Built & Tailored for Your Business.",construction/landscaping-contractors.png
metal-fabrication-006,Metal Fabrication,construction,"THE CUSTOMER ASKS, “IS MY GATE READY YET?” 🚪

Finding the latest status shouldn't mean walking around the workshop and asking several people.

BuildFrame can help keep job notes, photos and progress updates together so customer communication becomes easier.

KNOW THE STATUS. GIVE A CLEARER UPDATE.

#MetalFabrication #CustomerUpdates #CustomMetalwork #FabricationBusiness #BuildFrame

🌐 BuildFrame Business Software: https://buildframe-business-software.pages.dev/
🛠️ See Our Work — Portfolio: https://myportfolio.buildframe-digitalsystem.workers.dev/
📘 Facebook: https://www.facebook.com/buildframebusinessoperatingsystem/
💬 WhatsApp: https://wa.me/639760110243
📧 Email: buildframe.digitalsystem@gmail.com

BuildFrame — Built & Tailored for Your Business.",construction/metal-fabrication.png
glass-aluminum-contractors-006,Glass & Aluminum Contractors,construction,"THE CUSTOMER ASKS, “WHEN WILL THE WINDOWS BE INSTALLED?” 🏠

Getting the latest answer shouldn't mean calling the shop, installer and supplier separately.

BuildFrame can help keep job status, notes and progress updates together so customer communication becomes easier.

KNOW THE STATUS. GIVE A CLEARER UPDATE.

#GlassContractors #AluminumContractors #CustomerUpdates #InstallationProjects #BuildFrame

🌐 BuildFrame Business Software: https://buildframe-business-software.pages.dev/
🛠️ See Our Work — Portfolio: https://myportfolio.buildframe-digitalsystem.workers.dev/
📘 Facebook: https://www.facebook.com/buildframebusinessoperatingsystem/
💬 WhatsApp: https://wa.me/639760110243
📧 Email: buildframe.digitalsystem@gmail.com

BuildFrame — Built & Tailored for Your Business.",construction/glass-aluminum-contractors.png
woodworking-carpentry-006,Woodworking & Carpentry,construction,"THE CUSTOMER ASKS, “IS MY CABINET READY YET?” 🗄️

Getting the latest answer shouldn't mean checking several chats or asking everyone in the workshop.

BuildFrame can help keep job status, photos and progress updates together so customer communication becomes easier.

KNOW THE STATUS. GIVE A CLEARER UPDATE.

#Woodworking #CabinetMaker #CustomerUpdates #CarpentryBusiness #BuildFrame

🌐 BuildFrame Business Software: https://buildframe-business-software.pages.dev/
🛠️ See Our Work — Portfolio: https://myportfolio.buildframe-digitalsystem.workers.dev/
📘 Facebook: https://www.facebook.com/buildframebusinessoperatingsystem/
💬 WhatsApp: https://wa.me/639760110243
📧 Email: buildframe.digitalsystem@gmail.com

BuildFrame — Built & Tailored for Your Business.",construction/woodworking-carpentry.png
solar-installation-contractors-006,Solar Installation Contractors,construction,"THE CUSTOMER ASKS, “WHEN WILL MY SOLAR SYSTEM BE READY?” 🏠☀️

Finding the latest answer shouldn't mean searching several group chats or calling everyone involved.

BuildFrame can help keep job notes, photos and progress updates together so customer communication becomes easier.

KNOW THE STATUS. GIVE A CLEARER UPDATE.

#SolarInstallation #CustomerUpdates #SolarProjects #SolarBusiness #BuildFrame

🌐 BuildFrame Business Software: https://buildframe-business-software.pages.dev/
🛠️ See Our Work — Portfolio: https://myportfolio.buildframe-digitalsystem.workers.dev/
📘 Facebook: https://www.facebook.com/buildframebusinessoperatingsystem/
💬 WhatsApp: https://wa.me/639760110243
📧 Email: buildframe.digitalsystem@gmail.com

BuildFrame — Built & Tailored for Your Business.",construction/solar-installation-contractors.png
construction-suppliers-building-materials-006,Construction Suppliers & Building Materials,construction,"THE CONTRACTOR ASKS, “WHERE'S MY DELIVERY?” 🚚

Finding an answer shouldn't require checking several notebooks, messages and phone calls.

BuildFrame can help keep customer orders, delivery notes and status updates together so your team can respond more clearly.

KNOW THE STATUS. GIVE A CLEARER UPDATE.

#ConstructionSuppliers #ContractorSupplies #CustomerUpdates #MaterialDelivery #BuildFrame

🌐 BuildFrame Business Software: https://buildframe-business-software.pages.dev/
🛠️ See Our Work — Portfolio: https://myportfolio.buildframe-digitalsystem.workers.dev/
📘 Facebook: https://www.facebook.com/buildframebusinessoperatingsystem/
💬 WhatsApp: https://wa.me/639760110243
📧 Email: buildframe.digitalsystem@gmail.com

BuildFrame — Built & Tailored for Your Business.",construction/construction-suppliers-building-materials.png
aggregates-anapog-filling-materials-006,"Aggregates, Anapog & Filling Materials",construction,"THE CONTRACTOR ASKS, “WHERE'S THE TRUCK?” 🚛

Finding the latest answer shouldn't require calling several drivers or searching through old messages.

BuildFrame can help keep delivery status, driver notes and customer information together so your team can respond more clearly.

KNOW THE STATUS. GIVE A CLEARER UPDATE.

#Aggregates #Hauling #CustomerUpdates #ConstructionDelivery #BuildFrame

🌐 BuildFrame Business Software: https://buildframe-business-software.pages.dev/
🛠️ See Our Work — Portfolio: https://myportfolio.buildframe-digitalsystem.workers.dev/
📘 Facebook: https://www.facebook.com/buildframebusinessoperatingsystem/
💬 WhatsApp: https://wa.me/639760110243
📧 Email: buildframe.digitalsystem@gmail.com

BuildFrame — Built & Tailored for Your Business.",construction/aggregates-anapog-filling-materials.png
property-management-006,Property Management,construction,"THE OWNER ASKS, “WHAT'S HAPPENING WITH THE PROPERTY?” 🏢💬

Clear updates are easier when maintenance notes, photos and important records are kept together.

BuildFrame can help organize property updates so managers can communicate more clearly with owners and stakeholders.

KNOW THE STATUS. GIVE A CLEARER UPDATE.

#PropertyManagement #OwnerUpdates #PropertyOperations #BuildingManagement #BuildFrame

🌐 BuildFrame Business Software: https://buildframe-business-software.pages.dev/
🛠️ See Our Work — Portfolio: https://myportfolio.buildframe-digitalsystem.workers.dev/
📘 Facebook: https://www.facebook.com/buildframebusinessoperatingsystem/
💬 WhatsApp: https://wa.me/639760110243
📧 Email: buildframe.digitalsystem@gmail.com

BuildFrame — Built & Tailored for Your Business.",construction/property-management.png
engineering-services-006,Engineering Services,construction,"THE CLIENT ASKS, “WHAT'S THE STATUS OF OUR PROJECT?” 💬📐

Giving a clear answer is easier when notes, progress information and project records are kept together.

BuildFrame can help organize project updates so your team can communicate progress more clearly to clients.

KNOW THE STATUS. GIVE A CLEARER UPDATE.

#EngineeringServices #ClientUpdates #EngineeringProjects #ProjectProgress #BuildFrame

🌐 BuildFrame Business Software: https://buildframe-business-software.pages.dev/
🛠️ See Our Work — Portfolio: https://myportfolio.buildframe-digitalsystem.workers.dev/
📘 Facebook: https://www.facebook.com/buildframebusinessoperatingsystem/
💬 WhatsApp: https://wa.me/639760110243
📧 Email: buildframe.digitalsystem@gmail.com

BuildFrame — Built & Tailored for Your Business.",construction/engineering-services.png
architectural-design-services-006,Architectural & Design Services,construction,"THE CLIENT ASKS, “WHERE ARE WE WITH THE DESIGN?” 💬📐

Giving a clear answer is easier when project notes, revisions and progress information are kept together.

BuildFrame can help organize project updates so your team can communicate progress more clearly to clients.

KNOW THE STATUS. GIVE A CLEARER UPDATE.

#ArchitecturalServices #ClientUpdates #DesignProjects #ProjectProgress #BuildFrame

🌐 BuildFrame Business Software: https://buildframe-business-software.pages.dev/
🛠️ See Our Work — Portfolio: https://myportfolio.buildframe-digitalsystem.workers.dev/
📘 Facebook: https://www.facebook.com/buildframebusinessoperatingsystem/
💬 WhatsApp: https://wa.me/639760110243
📧 Email: buildframe.digitalsystem@gmail.com

BuildFrame — Built & Tailored for Your Business.",construction/architectural-design-services.png
specialty-subcontractors-trade-specialists-006,Specialty Subcontractors & Trade Specialists,construction,"THE CONTRACTOR ASKS, “IS YOUR PART OF THE WORK FINISHED?” 💬🛠️

Clear progress information matters when several trades depend on each other.

BuildFrame can help keep job notes, photos and status updates together so communicating with contractors and clients becomes easier.

KNOW THE STATUS. GIVE A CLEARER UPDATE.

#SpecialtySubcontractors #TradeContractors #ProjectProgress #ConstructionBusiness #BuildFrame

🌐 BuildFrame Business Software: https://buildframe-business-software.pages.dev/
🛠️ See Our Work — Portfolio: https://myportfolio.buildframe-digitalsystem.workers.dev/
📘 Facebook: https://www.facebook.com/buildframebusinessoperatingsystem/
💬 WhatsApp: https://wa.me/639760110243
📧 Email: buildframe.digitalsystem@gmail.com

BuildFrame — Built & Tailored for Your Business.",construction/specialty-subcontractors-trade-specialists.png
emergency-repair-construction-services-006,Emergency Repair & Construction Services,construction,"THE CUSTOMER ASKS, “WHAT HAPPENS NEXT?” 💬🏗️

After an urgent repair, customers may need to know what was fixed, what remains and whether another visit is required.

BuildFrame can help keep job notes, photos and next steps together so your team can give clearer updates.

CLEAR REPAIR RECORDS MAKE CLEARER CUSTOMER UPDATES.

#EmergencyRepair #CustomerUpdates #RepairServices #ConstructionBusiness #BuildFrame

🌐 BuildFrame Business Software: https://buildframe-business-software.pages.dev/
🛠️ See Our Work — Portfolio: https://myportfolio.buildframe-digitalsystem.workers.dev/
📘 Facebook: https://www.facebook.com/buildframebusinessoperatingsystem/
💬 WhatsApp: https://wa.me/639760110243
📧 Email: buildframe.digitalsystem@gmail.com

BuildFrame — Built & Tailored for Your Business.",construction/emergency-repair-construction-services.png
general-contractors-007,General Contractors,construction,"PAPERWORK SHOULDN'T BE HARDER TO FIND THAN THE TOOLS. 📄

Plans, approvals, quotations, site notes and other documents can pile up quickly.

BuildFrame can help organize important project files so your team has a clearer place to look instead of searching through piles of paper and old messages.

KEEP IMPORTANT RECORDS WITHIN REACH.

#GeneralContractors #ConstructionDocuments #ProjectRecords #ConstructionBusiness #BuildFrame

🌐 BuildFrame Business Software: https://buildframe-business-software.pages.dev/
🛠️ See Our Work — Portfolio: https://myportfolio.buildframe-digitalsystem.workers.dev/
📘 Facebook: https://www.facebook.com/buildframebusinessoperatingsystem/
💬 WhatsApp: https://wa.me/639760110243
📧 Email: buildframe.digitalsystem@gmail.com

BuildFrame — Built & Tailored for Your Business.",construction/general-contractors.png
roofing-contractors-007,Roofing Contractors,construction,"WHERE'S THE INSPECTION NOTE FOR THAT ROOF? 📋

Measurements, site notes, photos and job details are important before and during roofing work.

BuildFrame can help keep these records connected to the correct job instead of scattered across paper, phones and messages.

KEEP IMPORTANT JOB DETAILS EASY TO FIND.

#RoofingContractors #RoofInspection #RoofingRecords #RoofRepair #BuildFrame

🌐 BuildFrame Business Software: https://buildframe-business-software.pages.dev/
🛠️ See Our Work — Portfolio: https://myportfolio.buildframe-digitalsystem.workers.dev/
📘 Facebook: https://www.facebook.com/buildframebusinessoperatingsystem/
💬 WhatsApp: https://wa.me/639760110243
📧 Email: buildframe.digitalsystem@gmail.com

BuildFrame — Built & Tailored for Your Business.",construction/roofing-contractors.png
electrical-contractors-007,Electrical Contractors,construction,"WHERE'S THE TEST RECORD, PLAN OR SITE NOTE? 📋

Electrical work can create important documents, measurements, photos, inspection notes and other records.

BuildFrame can help keep project documents connected to the correct job so your team knows where to look.

IMPORTANT RECORDS SHOULDN'T DISAPPEAR INTO OLD FOLDERS.

#ElectricalContractors #ElectricalRecords #ProjectDocuments #ElectricalWork #BuildFrame

🌐 BuildFrame Business Software: https://buildframe-business-software.pages.dev/
🛠️ See Our Work — Portfolio: https://myportfolio.buildframe-digitalsystem.workers.dev/
📘 Facebook: https://www.facebook.com/buildframebusinessoperatingsystem/
💬 WhatsApp: https://wa.me/639760110243
📧 Email: buildframe.digitalsystem@gmail.com

BuildFrame — Built & Tailored for Your Business.",construction/electrical-contractors.png
plumbing-contractors-007,Plumbing Contractors,construction,"WHERE'S THE SITE NOTE FOR THAT PIPE LOCATION? 📋

Measurements, repair notes, photos and other job information can become important later.

BuildFrame can help keep those records connected to the correct plumbing job instead of scattered across paper and messages.

KEEP IMPORTANT JOB DETAILS EASY TO FIND.

#PlumbingContractors #PlumbingRecords #ProjectDocuments #PlumbingWork #BuildFrame

🌐 BuildFrame Business Software: https://buildframe-business-software.pages.dev/
🛠️ See Our Work — Portfolio: https://myportfolio.buildframe-digitalsystem.workers.dev/
📘 Facebook: https://www.facebook.com/buildframebusinessoperatingsystem/
💬 WhatsApp: https://wa.me/639760110243
📧 Email: buildframe.digitalsystem@gmail.com

BuildFrame — Built & Tailored for Your Business.",construction/plumbing-contractors.png
hvac-contractors-007,HVAC Contractors,construction,"WHEN WAS THIS UNIT LAST SERVICED? 📋

Maintenance dates and previous service notes are easy to forget when they're written in different notebooks or messages.

BuildFrame can help keep a simple service history for each customer or unit, making previous work easier to check.

KNOW WHAT WAS DONE AND WHEN.

#HVACContractors #HVACMaintenance #ServiceHistory #HVACBusiness #BuildFrame

🌐 BuildFrame Business Software: https://buildframe-business-software.pages.dev/
🛠️ See Our Work — Portfolio: https://myportfolio.buildframe-digitalsystem.workers.dev/
📘 Facebook: https://www.facebook.com/buildframebusinessoperatingsystem/
💬 WhatsApp: https://wa.me/639760110243
📧 Email: buildframe.digitalsystem@gmail.com

BuildFrame — Built & Tailored for Your Business.",construction/hvac-contractors.png
renovation-remodeling-007,Renovation & Remodeling,construction,"WHERE'S THE APPROVED DESIGN, MEASUREMENT OR CLIENT NOTE? 📋

Renovation projects can create many important records, from plans and measurements to approvals and change notes.

BuildFrame can help organize these documents under the correct project so your team knows where to find them.

IMPORTANT DETAILS SHOULDN'T GET LOST IN OLD CHATS.

#RenovationContractors #ProjectDocuments #Remodeling #ConstructionRecords #BuildFrame

🌐 BuildFrame Business Software: https://buildframe-business-software.pages.dev/
🛠️ See Our Work — Portfolio: https://myportfolio.buildframe-digitalsystem.workers.dev/
📘 Facebook: https://www.facebook.com/buildframebusinessoperatingsystem/
💬 WhatsApp: https://wa.me/639760110243
📧 Email: buildframe.digitalsystem@gmail.com

BuildFrame — Built & Tailored for Your Business.",construction/renovation-remodeling.png
handyman-property-maintenance-007,Handyman & Property Maintenance,construction,"WHEN WAS THIS REPAIR DONE LAST TIME? 📋

Repeated maintenance problems are easier to understand when previous work can be checked.

BuildFrame can help keep simple repair and maintenance records for each customer or property.

KNOW WHAT WAS DONE, WHERE AND WHEN.

#PropertyMaintenance #MaintenanceRecords #HandymanBusiness #RepairHistory #BuildFrame

🌐 BuildFrame Business Software: https://buildframe-business-software.pages.dev/
🛠️ See Our Work — Portfolio: https://myportfolio.buildframe-digitalsystem.workers.dev/
📘 Facebook: https://www.facebook.com/buildframebusinessoperatingsystem/
💬 WhatsApp: https://wa.me/639760110243
📧 Email: buildframe.digitalsystem@gmail.com

BuildFrame — Built & Tailored for Your Business.",construction/handyman-property-maintenance.png
tiling-flooring-contractors-007,Tiling & Flooring Contractors,construction,"WHERE'S THE MEASUREMENT FOR THAT ROOM? 📏

Measurements, material choices, patterns and site notes can become important throughout a flooring project.

BuildFrame can help keep those details connected to the correct project so your team knows where to find them.

IMPORTANT MEASUREMENTS SHOULDN'T GET LOST IN OLD MESSAGES.

#TilingContractors #FlooringContractors #ProjectRecords #ConstructionRecords #BuildFrame

🌐 BuildFrame Business Software: https://buildframe-business-software.pages.dev/
🛠️ See Our Work — Portfolio: https://myportfolio.buildframe-digitalsystem.workers.dev/
📘 Facebook: https://www.facebook.com/buildframebusinessoperatingsystem/
💬 WhatsApp: https://wa.me/639760110243
📧 Email: buildframe.digitalsystem@gmail.com

BuildFrame — Built & Tailored for Your Business.",construction/tiling-flooring-contractors.png
landscaping-contractors-007,Landscaping Contractors,construction,"WHERE'S THE PLANTING PLAN, MEASUREMENT OR SITE NOTE? 📋🌱

Landscaping projects can create measurements, layouts, material choices, planting details and maintenance instructions.

BuildFrame can help keep those important records connected to the correct project.

KEEP PROJECT DETAILS WHERE YOUR TEAM CAN FIND THEM.

#LandscapingContractors #LandscapeRecords #ProjectDocuments #LandscapeDesign #BuildFrame

🌐 BuildFrame Business Software: https://buildframe-business-software.pages.dev/
🛠️ See Our Work — Portfolio: https://myportfolio.buildframe-digitalsystem.workers.dev/
📘 Facebook: https://www.facebook.com/buildframebusinessoperatingsystem/
💬 WhatsApp: https://wa.me/639760110243
📧 Email: buildframe.digitalsystem@gmail.com

BuildFrame — Built & Tailored for Your Business.",construction/landscaping-contractors.png
metal-fabrication-007,Metal Fabrication,construction,"WHERE'S THE DRAWING, MEASUREMENT OR APPROVED DESIGN? 📋

Custom metal fabrication depends on accurate drawings, dimensions and customer approvals.

BuildFrame can help keep important project records connected to the correct job so your team knows where to find them.

IMPORTANT DETAILS SHOULDN'T GET LOST IN OLD CHATS.

#MetalFabrication #ShopDrawings #ProjectRecords #FabricationContractors #BuildFrame

🌐 BuildFrame Business Software: https://buildframe-business-software.pages.dev/
🛠️ See Our Work — Portfolio: https://myportfolio.buildframe-digitalsystem.workers.dev/
📘 Facebook: https://www.facebook.com/buildframebusinessoperatingsystem/
💬 WhatsApp: https://wa.me/639760110243
📧 Email: buildframe.digitalsystem@gmail.com

BuildFrame — Built & Tailored for Your Business.",construction/metal-fabrication.png
glass-aluminum-contractors-007,Glass & Aluminum Contractors,construction,"WHERE'S THE MEASUREMENT, DESIGN OR APPROVED GLASS TYPE? 📋

Custom glass and aluminum work can involve dimensions, drawings, finishes, glass choices and customer approvals.

BuildFrame can help keep those important records connected to the correct project so your team knows where to find them.

IMPORTANT DETAILS SHOULDN'T GET LOST IN OLD CHATS.

#GlassAndAluminum #ProjectRecords #ShopDrawings #AluminumFabrication #BuildFrame

🌐 BuildFrame Business Software: https://buildframe-business-software.pages.dev/
🛠️ See Our Work — Portfolio: https://myportfolio.buildframe-digitalsystem.workers.dev/
📘 Facebook: https://www.facebook.com/buildframebusinessoperatingsystem/
💬 WhatsApp: https://wa.me/639760110243
📧 Email: buildframe.digitalsystem@gmail.com

BuildFrame — Built & Tailored for Your Business.",construction/glass-aluminum-contractors.png
woodworking-carpentry-007,Woodworking & Carpentry,construction,"WHERE'S THE DRAWING, MEASUREMENT OR APPROVED FINISH? 📋

Custom carpentry can involve drawings, dimensions, materials, colors, finishes and customer approvals.

BuildFrame can help keep important project records connected to the correct job so your team knows where to find them.

IMPORTANT DETAILS SHOULDN'T GET LOST IN OLD CHATS.

#CarpentryContractors #Woodworking #ProjectRecords #CustomCarpentry #BuildFrame

🌐 BuildFrame Business Software: https://buildframe-business-software.pages.dev/
🛠️ See Our Work — Portfolio: https://myportfolio.buildframe-digitalsystem.workers.dev/
📘 Facebook: https://www.facebook.com/buildframebusinessoperatingsystem/
💬 WhatsApp: https://wa.me/639760110243
📧 Email: buildframe.digitalsystem@gmail.com

BuildFrame — Built & Tailored for Your Business.",construction/woodworking-carpentry.png
solar-installation-contractors-007,Solar Installation Contractors,construction,"WHERE'S THE SITE ASSESSMENT, SYSTEM DETAILS OR TEST RECORD? 📋🔋

Solar projects can create important measurements, equipment information, drawings, approvals, photos and testing records.

BuildFrame can help keep those records connected to the correct project so your team knows where to find them.

KEEP IMPORTANT PROJECT INFORMATION EASY TO FIND.

#SolarContractors #SolarRecords #ProjectDocuments #SolarInstallation #BuildFrame

🌐 BuildFrame Business Software: https://buildframe-business-software.pages.dev/
🛠️ See Our Work — Portfolio: https://myportfolio.buildframe-digitalsystem.workers.dev/
📘 Facebook: https://www.facebook.com/buildframebusinessoperatingsystem/
💬 WhatsApp: https://wa.me/639760110243
📧 Email: buildframe.digitalsystem@gmail.com

BuildFrame — Built & Tailored for Your Business.",construction/solar-installation-contractors.png
construction-suppliers-building-materials-007,Construction Suppliers & Building Materials,construction,"WHERE'S THE ORDER LIST, DELIVERY NOTE OR CUSTOMER REQUEST? 📋

Material orders can include quantities, specifications, addresses and special instructions that need to stay connected.

BuildFrame can help keep important order and delivery records connected to the correct customer.

IMPORTANT DETAILS SHOULDN'T GET LOST IN OLD CHATS.

#ConstructionSuppliers #OrderRecords #BuildingMaterials #ConstructionBusiness #BuildFrame

🌐 BuildFrame Business Software: https://buildframe-business-software.pages.dev/
🛠️ See Our Work — Portfolio: https://myportfolio.buildframe-digitalsystem.workers.dev/
📘 Facebook: https://www.facebook.com/buildframebusinessoperatingsystem/
💬 WhatsApp: https://wa.me/639760110243
📧 Email: buildframe.digitalsystem@gmail.com

BuildFrame — Built & Tailored for Your Business.",construction/construction-suppliers-building-materials.png
aggregates-anapog-filling-materials-007,"Aggregates, Anapog & Filling Materials",construction,"WHERE'S THE ORDER, QUANTITY OR DELIVERY LOCATION? 📋🪨

Material orders can include different quantities, specifications, destinations and delivery instructions.

BuildFrame can help keep those important details connected to the correct customer and delivery.

IMPORTANT DETAILS SHOULDN'T GET LOST IN OLD CHATS.

#FillingMaterials #Aggregates #OrderRecords #ConstructionBusiness #BuildFrame

🌐 BuildFrame Business Software: https://buildframe-business-software.pages.dev/
🛠️ See Our Work — Portfolio: https://myportfolio.buildframe-digitalsystem.workers.dev/
📘 Facebook: https://www.facebook.com/buildframebusinessoperatingsystem/
💬 WhatsApp: https://wa.me/639760110243
📧 Email: buildframe.digitalsystem@gmail.com

BuildFrame — Built & Tailored for Your Business.",construction/aggregates-anapog-filling-materials.png
property-management-007,Property Management,construction,"WHERE'S THE INSPECTION NOTE, REPAIR RECORD OR UNIT DETAIL? 📋

Property management creates many records: inspections, maintenance notes, contractor information, photos and unit details.

BuildFrame can help keep important records connected to the correct property or unit.

IMPORTANT PROPERTY INFORMATION SHOULDN'T GET LOST.

#PropertyManagement #PropertyRecords #InspectionRecords #BuildingManagement #BuildFrame

🌐 BuildFrame Business Software: https://buildframe-business-software.pages.dev/
🛠️ See Our Work — Portfolio: https://myportfolio.buildframe-digitalsystem.workers.dev/
📘 Facebook: https://www.facebook.com/buildframebusinessoperatingsystem/
💬 WhatsApp: https://wa.me/639760110243
📧 Email: buildframe.digitalsystem@gmail.com

BuildFrame — Built & Tailored for Your Business.",construction/property-management.png
engineering-services-007,Engineering Services,construction,"WHERE'S THE LATEST DRAWING, REPORT OR SITE NOTE? 📋

Engineering projects can create drawings, calculations, reports, approvals, revisions and site records.

BuildFrame can help keep important documents connected to the correct project so your team knows where to find them.

IMPORTANT PROJECT INFORMATION SHOULDN'T GET LOST.

#EngineeringServices #EngineeringRecords #ProjectDocuments #ConstructionEngineering #BuildFrame

🌐 BuildFrame Business Software: https://buildframe-business-software.pages.dev/
🛠️ See Our Work — Portfolio: https://myportfolio.buildframe-digitalsystem.workers.dev/
📘 Facebook: https://www.facebook.com/buildframebusinessoperatingsystem/
💬 WhatsApp: https://wa.me/639760110243
📧 Email: buildframe.digitalsystem@gmail.com

BuildFrame — Built & Tailored for Your Business.",construction/engineering-services.png
architectural-design-services-007,Architectural & Design Services,construction,"WHERE'S THE LATEST DRAWING, CLIENT NOTE OR APPROVED DESIGN? 📑

Architectural work can create many drawings, versions, references, approvals and project documents.

BuildFrame can help keep important records connected to the correct project so your team knows where to find them.

IMPORTANT DESIGN INFORMATION SHOULDN'T GET LOST.

#ArchitecturalDesign #ProjectDocuments #DesignRecords #Architecture #BuildFrame

🌐 BuildFrame Business Software: https://buildframe-business-software.pages.dev/
🛠️ See Our Work — Portfolio: https://myportfolio.buildframe-digitalsystem.workers.dev/
📘 Facebook: https://www.facebook.com/buildframebusinessoperatingsystem/
💬 WhatsApp: https://wa.me/639760110243
📧 Email: buildframe.digitalsystem@gmail.com

BuildFrame — Built & Tailored for Your Business.",construction/architectural-design-services.png
specialty-subcontractors-trade-specialists-007,Specialty Subcontractors & Trade Specialists,construction,"WHERE'S THE DRAWING, SPECIFICATION OR SITE INSTRUCTION? 📋🏗️

Specialty work can depend on technical details, approved specifications, measurements and instructions from the project team.

BuildFrame can help keep important records connected to the correct project so your crew knows where to find them.

IMPORTANT DETAILS SHOULDN'T GET LOST IN OLD CHATS.

#SpecialtySubcontractors #ConstructionDocuments #TradeSpecialists #ProjectRecords #BuildFrame

🌐 BuildFrame Business Software: https://buildframe-business-software.pages.dev/
🛠️ See Our Work — Portfolio: https://myportfolio.buildframe-digitalsystem.workers.dev/
📘 Facebook: https://www.facebook.com/buildframebusinessoperatingsystem/
💬 WhatsApp: https://wa.me/639760110243
📧 Email: buildframe.digitalsystem@gmail.com

BuildFrame — Built & Tailored for Your Business.",construction/specialty-subcontractors-trade-specialists.png
emergency-repair-construction-services-007,Emergency Repair & Construction Services,construction,"WHERE'S THE NOTE FROM LAST NIGHT'S EMERGENCY JOB? 📋🚨

Emergency work can happen quickly, and important details may remain buried in calls, messages or handwritten notes.

BuildFrame can help keep repair descriptions, site observations and completed work connected to the correct job.

URGENT WORK STILL NEEDS A GOOD RECORD.

#EmergencyRepair #JobRecords #ConstructionRecords #UrgentRepairs #BuildFrame

🌐 BuildFrame Business Software: https://buildframe-business-software.pages.dev/
🛠️ See Our Work — Portfolio: https://myportfolio.buildframe-digitalsystem.workers.dev/
📘 Facebook: https://www.facebook.com/buildframebusinessoperatingsystem/
💬 WhatsApp: https://wa.me/639760110243
📧 Email: buildframe.digitalsystem@gmail.com

BuildFrame — Built & Tailored for Your Business.",construction/emergency-repair-construction-services.png
general-contractors-008,General Contractors,construction,"ONE PROJECT IS EASY TO REMEMBER. WHAT ABOUT FIVE? 🏢🏠

As your construction business handles more jobs, keeping every schedule, update, photo and task in your head becomes harder.

BuildFrame can help give you one simple view of your active projects and the information that matters for each one.

MORE PROJECTS SHOULDN'T HAVE TO MEAN MORE CONFUSION.

#GeneralContractors #MultipleProjects #ConstructionCompany #ProjectOrganization #BuildFrame

🌐 BuildFrame Business Software: https://buildframe-business-software.pages.dev/
🛠️ See Our Work — Portfolio: https://myportfolio.buildframe-digitalsystem.workers.dev/
📘 Facebook: https://www.facebook.com/buildframebusinessoperatingsystem/
💬 WhatsApp: https://wa.me/639760110243
📧 Email: buildframe.digitalsystem@gmail.com

BuildFrame — Built & Tailored for Your Business.",construction/general-contractors.png
roofing-contractors-008,Roofing Contractors,construction,"SMALL REPAIR HERE. FULL ROOF THERE. ANOTHER INSPECTION TOMORROW. 🏘️

Different roofing jobs can be at different stages at the same time.

BuildFrame can help you see active jobs, schedules, updates and important information in one simple view.

MANAGE MORE JOBS WITHOUT ADDING MORE CONFUSION.

#RoofingContractors #RoofingJobs #RoofingCompany #ProjectOrganization #BuildFrame

🌐 BuildFrame Business Software: https://buildframe-business-software.pages.dev/
🛠️ See Our Work — Portfolio: https://myportfolio.buildframe-digitalsystem.workers.dev/
📘 Facebook: https://www.facebook.com/buildframebusinessoperatingsystem/
💬 WhatsApp: https://wa.me/639760110243
📧 Email: buildframe.digitalsystem@gmail.com

BuildFrame — Built & Tailored for Your Business.",construction/roofing-contractors.png
electrical-contractors-008,Electrical Contractors,construction,"THREE INSTALLATIONS. TWO SERVICE CALLS. ONE TEAM. ⚡🏢

Different electrical jobs may all be at different stages on the same day.

BuildFrame can help give you one simple view of active jobs, schedules and updates so you can see what needs attention.

MORE JOBS DON'T HAVE TO MEAN MORE CONFUSION.

#ElectricalContractors #ElectricalJobs #ElectricalCompany #ProjectOrganization #BuildFrame

🌐 BuildFrame Business Software: https://buildframe-business-software.pages.dev/
🛠️ See Our Work — Portfolio: https://myportfolio.buildframe-digitalsystem.workers.dev/
📘 Facebook: https://www.facebook.com/buildframebusinessoperatingsystem/
💬 WhatsApp: https://wa.me/639760110243
📧 Email: buildframe.digitalsystem@gmail.com

BuildFrame — Built & Tailored for Your Business.",construction/electrical-contractors.png
plumbing-contractors-008,Plumbing Contractors,construction,"THREE REPAIRS. TWO INSTALLATIONS. ONE BUSY DAY. 🔧💧

Different plumbing jobs can all be at different stages at the same time.

BuildFrame can help you see active jobs, schedules and important updates in one simple view.

MORE JOBS DON'T HAVE TO MEAN MORE CONFUSION.

#PlumbingContractors #PlumbingJobs #PlumbingCompany #JobManagement #BuildFrame

🌐 BuildFrame Business Software: https://buildframe-business-software.pages.dev/
🛠️ See Our Work — Portfolio: https://myportfolio.buildframe-digitalsystem.workers.dev/
📘 Facebook: https://www.facebook.com/buildframebusinessoperatingsystem/
💬 WhatsApp: https://wa.me/639760110243
📧 Email: buildframe.digitalsystem@gmail.com

BuildFrame — Built & Tailored for Your Business.",construction/plumbing-contractors.png
hvac-contractors-008,HVAC Contractors,construction,"INSTALLATION HERE. REPAIR THERE. MAINTENANCE ACROSS TOWN. 🚐❄️

Different HVAC jobs can all be at different stages during the same day.

BuildFrame can help give you one simple view of active jobs, schedules and important updates.

MORE JOBS DON'T HAVE TO MEAN MORE CONFUSION.

#HVACContractors #HVACJobs #HVACCompany #JobManagement #BuildFrame

🌐 BuildFrame Business Software: https://buildframe-business-software.pages.dev/
🛠️ See Our Work — Portfolio: https://myportfolio.buildframe-digitalsystem.workers.dev/
📘 Facebook: https://www.facebook.com/buildframebusinessoperatingsystem/
💬 WhatsApp: https://wa.me/639760110243
📧 Email: buildframe.digitalsystem@gmail.com

BuildFrame — Built & Tailored for Your Business.",construction/hvac-contractors.png
renovation-remodeling-008,Renovation & Remodeling,construction,"KITCHEN HERE. OFFICE THERE. FULL-HOUSE RENOVATION NEXT. 🏠🔨

When several remodeling projects are running at once, each one may have different schedules, workers and priorities.

BuildFrame can help give you a simple view of active projects and the information that matters for each one.

MORE PROJECTS. BETTER ORGANIZATION.

#RenovationContractors #MultipleProjects #RemodelingBusiness #ProjectOrganization #BuildFrame

🌐 BuildFrame Business Software: https://buildframe-business-software.pages.dev/
🛠️ See Our Work — Portfolio: https://myportfolio.buildframe-digitalsystem.workers.dev/
📘 Facebook: https://www.facebook.com/buildframebusinessoperatingsystem/
💬 WhatsApp: https://wa.me/639760110243
📧 Email: buildframe.digitalsystem@gmail.com

BuildFrame — Built & Tailored for Your Business.",construction/renovation-remodeling.png
handyman-property-maintenance-008,Handyman & Property Maintenance,construction,"FIVE PROPERTIES. TEN SMALL JOBS. WHAT NEEDS ATTENTION FIRST? 🏘️🔧

Property maintenance businesses may handle many small jobs across several locations at the same time.

BuildFrame can help give you one simple view of active jobs, schedules and important updates.

MORE JOBS DON'T HAVE TO MEAN MORE CONFUSION.

#PropertyMaintenance #HandymanServices #MaintenanceJobs #JobOrganization #BuildFrame

🌐 BuildFrame Business Software: https://buildframe-business-software.pages.dev/
🛠️ See Our Work — Portfolio: https://myportfolio.buildframe-digitalsystem.workers.dev/
📘 Facebook: https://www.facebook.com/buildframebusinessoperatingsystem/
💬 WhatsApp: https://wa.me/639760110243
📧 Email: buildframe.digitalsystem@gmail.com

BuildFrame — Built & Tailored for Your Business.",construction/handyman-property-maintenance.png
tiling-flooring-contractors-008,Tiling & Flooring Contractors,construction,"ONE HOUSE. ONE OFFICE. ONE SHOP. THREE DIFFERENT FLOORING JOBS. 🏠🏢

When several projects are active, each can have different materials, schedules and stages of work.

BuildFrame can help give you one simple view of active projects and what needs attention next.

MORE PROJECTS DON'T HAVE TO MEAN MORE CONFUSION.

#FlooringContractors #TilingContractors #MultipleProjects #ProjectOrganization #BuildFrame

🌐 BuildFrame Business Software: https://buildframe-business-software.pages.dev/
🛠️ See Our Work — Portfolio: https://myportfolio.buildframe-digitalsystem.workers.dev/
📘 Facebook: https://www.facebook.com/buildframebusinessoperatingsystem/
💬 WhatsApp: https://wa.me/639760110243
📧 Email: buildframe.digitalsystem@gmail.com

BuildFrame — Built & Tailored for Your Business.",construction/tiling-flooring-contractors.png
landscaping-contractors-008,Landscaping Contractors,construction,"ONE GARDEN. ONE COMMERCIAL PROPERTY. ONE MAINTENANCE CONTRACT. 🌳🏢

Different landscaping jobs can all be at different stages and require different crews, materials and schedules.

BuildFrame can help give you one simple view of active projects and what needs attention.

MORE PROJECTS DON'T HAVE TO MEAN MORE CONFUSION.

#LandscapingContractors #LandscapeProjects #PropertyMaintenance #ProjectOrganization #BuildFrame

🌐 BuildFrame Business Software: https://buildframe-business-software.pages.dev/
🛠️ See Our Work — Portfolio: https://myportfolio.buildframe-digitalsystem.workers.dev/
📘 Facebook: https://www.facebook.com/buildframebusinessoperatingsystem/
💬 WhatsApp: https://wa.me/639760110243
📧 Email: buildframe.digitalsystem@gmail.com

BuildFrame — Built & Tailored for Your Business.",construction/landscaping-contractors.png
metal-fabrication-008,Metal Fabrication,construction,"SHOP WORK HERE. INSTALLATION THERE. DELIVERY SOMEWHERE ELSE. 🚚⚙️

Fabrication contractors may have several jobs moving through different stages on the same day.

BuildFrame can help give you one simple view of active jobs, schedules and important updates.

MORE JOBS DON'T HAVE TO MEAN MORE CONFUSION.

#MetalFabrication #FabricationJobs #MetalContractors #ProjectOrganization #BuildFrame

🌐 BuildFrame Business Software: https://buildframe-business-software.pages.dev/
🛠️ See Our Work — Portfolio: https://myportfolio.buildframe-digitalsystem.workers.dev/
📘 Facebook: https://www.facebook.com/buildframebusinessoperatingsystem/
💬 WhatsApp: https://wa.me/639760110243
📧 Email: buildframe.digitalsystem@gmail.com

BuildFrame — Built & Tailored for Your Business.",construction/metal-fabrication.png
glass-aluminum-contractors-008,Glass & Aluminum Contractors,construction,"SHOP FABRICATION HERE. DELIVERY THERE. INSTALLATION ACROSS TOWN. 🚚🪟

Several glass and aluminum jobs can be moving through different stages on the same day.

BuildFrame can help give you one simple view of active projects, schedules and important updates.

MORE PROJECTS DON'T HAVE TO MEAN MORE CONFUSION.

#GlassContractors #AluminumContractors #MultipleProjects #ProjectOrganization #BuildFrame

🌐 BuildFrame Business Software: https://buildframe-business-software.pages.dev/
🛠️ See Our Work — Portfolio: https://myportfolio.buildframe-digitalsystem.workers.dev/
📘 Facebook: https://www.facebook.com/buildframebusinessoperatingsystem/
💬 WhatsApp: https://wa.me/639760110243
📧 Email: buildframe.digitalsystem@gmail.com

BuildFrame — Built & Tailored for Your Business.",construction/glass-aluminum-contractors.png
woodworking-carpentry-008,Woodworking & Carpentry,construction,"SHOP WORK HERE. INSTALLATION THERE. ANOTHER PROJECT WAITING. 🚚🪚

Several carpentry jobs can move through measuring, fabrication, finishing and installation at the same time.

BuildFrame can help give you one simple view of active projects, schedules and important updates.

MORE PROJECTS DON'T HAVE TO MEAN MORE CONFUSION.

#Woodworking #CarpentryContractors #MultipleProjects #ProjectOrganization #BuildFrame

🌐 BuildFrame Business Software: https://buildframe-business-software.pages.dev/
🛠️ See Our Work — Portfolio: https://myportfolio.buildframe-digitalsystem.workers.dev/
📘 Facebook: https://www.facebook.com/buildframebusinessoperatingsystem/
💬 WhatsApp: https://wa.me/639760110243
📧 Email: buildframe.digitalsystem@gmail.com

BuildFrame — Built & Tailored for Your Business.",construction/woodworking-carpentry.png
solar-installation-contractors-008,Solar Installation Contractors,construction,"SITE CHECK HERE. INSTALLATION THERE. TESTING SOMEWHERE ELSE. 🚐☀️

Several solar projects can be moving through different stages on the same day.

BuildFrame can help give you one simple view of active projects, schedules and important updates.

MORE PROJECTS DON'T HAVE TO MEAN MORE CONFUSION.

#SolarContractors #SolarProjects #SolarInstallers #ProjectOrganization #BuildFrame

🌐 BuildFrame Business Software: https://buildframe-business-software.pages.dev/
🛠️ See Our Work — Portfolio: https://myportfolio.buildframe-digitalsystem.workers.dev/
📘 Facebook: https://www.facebook.com/buildframebusinessoperatingsystem/
💬 WhatsApp: https://wa.me/639760110243
📧 Email: buildframe.digitalsystem@gmail.com

BuildFrame — Built & Tailored for Your Business.",construction/solar-installation-contractors.png
construction-suppliers-building-materials-008,Construction Suppliers & Building Materials,construction,"ONE HOUSE PROJECT. ONE COMMERCIAL SITE. THREE CONTRACTOR DELIVERIES. 🏗️🚚

Several customers can need different materials at different sites on the same day.

BuildFrame can help give you one simple view of active orders, deliveries and important updates.

MORE ORDERS DON'T HAVE TO MEAN MORE CONFUSION.

#ConstructionSuppliers #BuildingMaterials #MultipleDeliveries #ConstructionSupply #BuildFrame

🌐 BuildFrame Business Software: https://buildframe-business-software.pages.dev/
🛠️ See Our Work — Portfolio: https://myportfolio.buildframe-digitalsystem.workers.dev/
📘 Facebook: https://www.facebook.com/buildframebusinessoperatingsystem/
💬 WhatsApp: https://wa.me/639760110243
📧 Email: buildframe.digitalsystem@gmail.com

BuildFrame — Built & Tailored for Your Business.",construction/construction-suppliers-building-materials.png
aggregates-anapog-filling-materials-008,"Aggregates, Anapog & Filling Materials",construction,"THREE SITES. FIVE TRUCKS. DIFFERENT MATERIALS. 🚛🏗️

Several deliveries can be moving to different project sites at the same time.

BuildFrame can help give you one simple view of active orders, truck assignments and delivery updates.

MORE DELIVERIES DON'T HAVE TO MEAN MORE CONFUSION.

#Aggregates #HaulingBusiness #FillingMaterials #ProjectOrganization #BuildFrame

🌐 BuildFrame Business Software: https://buildframe-business-software.pages.dev/
🛠️ See Our Work — Portfolio: https://myportfolio.buildframe-digitalsystem.workers.dev/
📘 Facebook: https://www.facebook.com/buildframebusinessoperatingsystem/
💬 WhatsApp: https://wa.me/639760110243
📧 Email: buildframe.digitalsystem@gmail.com

BuildFrame — Built & Tailored for Your Business.",construction/aggregates-anapog-filling-materials.png
property-management-008,Property Management,construction,"ONE BUILDING. TEN UNITS. MULTIPLE REQUESTS. 🏢🔧

Managing several properties or units means many different issues can need attention at the same time.

BuildFrame can help give you one simple view of active requests, schedules and important updates.

MORE PROPERTIES DON'T HAVE TO MEAN MORE CONFUSION.

#PropertyManagement #MultipleProperties #PropertyOperations #MaintenanceManagement #BuildFrame

🌐 BuildFrame Business Software: https://buildframe-business-software.pages.dev/
🛠️ See Our Work — Portfolio: https://myportfolio.buildframe-digitalsystem.workers.dev/
📘 Facebook: https://www.facebook.com/buildframebusinessoperatingsystem/
💬 WhatsApp: https://wa.me/639760110243
📧 Email: buildframe.digitalsystem@gmail.com

BuildFrame — Built & Tailored for Your Business.",construction/property-management.png
engineering-services-008,Engineering Services,construction,"ONE RESIDENTIAL PROJECT. ONE COMMERCIAL SITE. ONE CONSULTATION. 🏠🏢

Several engineering jobs can require different schedules, documents and team members at the same time.

BuildFrame can help give you one simple view of active projects and what needs attention next.

MORE PROJECTS DON'T HAVE TO MEAN MORE CONFUSION.

#EngineeringServices #EngineeringProjects #MultipleProjects #ProjectOrganization #BuildFrame

🌐 BuildFrame Business Software: https://buildframe-business-software.pages.dev/
🛠️ See Our Work — Portfolio: https://myportfolio.buildframe-digitalsystem.workers.dev/
📘 Facebook: https://www.facebook.com/buildframebusinessoperatingsystem/
💬 WhatsApp: https://wa.me/639760110243
📧 Email: buildframe.digitalsystem@gmail.com

BuildFrame — Built & Tailored for Your Business.",construction/engineering-services.png
architectural-design-services-008,Architectural & Design Services,construction,"ONE HOUSE. ONE COMMERCIAL SPACE. ONE RENOVATION DESIGN. 🏠🏢

Several design projects can require different schedules, documents and client decisions at the same time.

BuildFrame can help give you one simple view of active projects and what needs attention next.

MORE PROJECTS DON'T HAVE TO MEAN MORE CONFUSION.

#ArchitecturalServices #DesignProjects #MultipleProjects #ProjectOrganization #BuildFrame

🌐 BuildFrame Business Software: https://buildframe-business-software.pages.dev/
🛠️ See Our Work — Portfolio: https://myportfolio.buildframe-digitalsystem.workers.dev/
📘 Facebook: https://www.facebook.com/buildframebusinessoperatingsystem/
💬 WhatsApp: https://wa.me/639760110243
📧 Email: buildframe.digitalsystem@gmail.com

BuildFrame — Built & Tailored for Your Business.",construction/architectural-design-services.png
specialty-subcontractors-trade-specialists-008,Specialty Subcontractors & Trade Specialists,construction,"ONE PROJECT HERE. ANOTHER INSTALLATION THERE. A THIRD WAITING FOR ACCESS. 🏗️🛠️

Several specialty jobs can all be at different stages and require different workers, materials and schedules.

BuildFrame can help give you one simple view of active projects and what needs attention next.

MORE JOBS DON'T HAVE TO MEAN MORE CONFUSION.

#SpecialtySubcontractors #MultipleProjects #TradeContractors #ProjectOrganization #BuildFrame

🌐 BuildFrame Business Software: https://buildframe-business-software.pages.dev/
🛠️ See Our Work — Portfolio: https://myportfolio.buildframe-digitalsystem.workers.dev/
📘 Facebook: https://www.facebook.com/buildframebusinessoperatingsystem/
💬 WhatsApp: https://wa.me/639760110243
📧 Email: buildframe.digitalsystem@gmail.com

BuildFrame — Built & Tailored for Your Business.",construction/specialty-subcontractors-trade-specialists.png
emergency-repair-construction-services-008,Emergency Repair & Construction Services,construction,"THREE URGENT JOBS. THREE DIFFERENT LOCATIONS. 🔧📍

Handling several emergency repairs at once means different customers, crews, materials and priorities.

BuildFrame can help give you one simple view of active jobs and what needs attention next.

MORE URGENT JOBS DON'T HAVE TO MEAN MORE CONFUSION.

#EmergencyRepair #MultipleJobs #RepairContractors #ConstructionServices #BuildFrame

🌐 BuildFrame Business Software: https://buildframe-business-software.pages.dev/
🛠️ See Our Work — Portfolio: https://myportfolio.buildframe-digitalsystem.workers.dev/
📘 Facebook: https://www.facebook.com/buildframebusinessoperatingsystem/
💬 WhatsApp: https://wa.me/639760110243
📧 Email: buildframe.digitalsystem@gmail.com

BuildFrame — Built & Tailored for Your Business.",construction/emergency-repair-construction-services.png
general-contractors-009,General Contractors,construction,"STILL WRITING THE SAME INFORMATION AGAIN AND AGAIN? ✍️

Names, project details, updates and routine records are often copied from one form or message to another.

BuildFrame can help reduce repeated manual work by letting simple routine steps happen through forms and organized records.

LESS REPEATING. LESS PAPERWORK. MORE TIME FOR THE WORK THAT MATTERS.

#GeneralContractors #ConstructionPaperwork #BusinessOrganization #ConstructionSystems #BuildFrame

🌐 BuildFrame Business Software: https://buildframe-business-software.pages.dev/
🛠️ See Our Work — Portfolio: https://myportfolio.buildframe-digitalsystem.workers.dev/
📘 Facebook: https://www.facebook.com/buildframebusinessoperatingsystem/
💬 WhatsApp: https://wa.me/639760110243
📧 Email: buildframe.digitalsystem@gmail.com

BuildFrame — Built & Tailored for Your Business.",construction/general-contractors.png
roofing-contractors-009,Roofing Contractors,construction,"STILL COPYING THE SAME CUSTOMER AND JOB DETAILS AGAIN AND AGAIN? ✍️

Roofing businesses often repeat names, addresses, measurements and job information across notes, forms and messages.

BuildFrame can help collect information once and keep it organized so there is less repeated writing and typing.

LESS REPETITIVE WORK. MORE TIME FOR THE ACTUAL JOB.

#RoofingContractors #RoofingBusiness #Paperwork #BusinessOrganization #BuildFrame

🌐 BuildFrame Business Software: https://buildframe-business-software.pages.dev/
🛠️ See Our Work — Portfolio: https://myportfolio.buildframe-digitalsystem.workers.dev/
📘 Facebook: https://www.facebook.com/buildframebusinessoperatingsystem/
💬 WhatsApp: https://wa.me/639760110243
📧 Email: buildframe.digitalsystem@gmail.com

BuildFrame — Built & Tailored for Your Business.",construction/roofing-contractors.png
electrical-contractors-009,Electrical Contractors,construction,"HOW MANY TIMES ARE YOU WRITING THE SAME JOB DETAILS? ✍️

Customer names, addresses, job descriptions and other information are often copied into several notes, messages or forms.

BuildFrame can help collect and organize routine information so your team spends less time repeating the same work.

LESS REPEATED PAPERWORK. MORE TIME ON THE JOB.

#ElectricalContractors #ElectricalBusiness #Paperwork #BusinessOrganization #BuildFrame

🌐 BuildFrame Business Software: https://buildframe-business-software.pages.dev/
🛠️ See Our Work — Portfolio: https://myportfolio.buildframe-digitalsystem.workers.dev/
📘 Facebook: https://www.facebook.com/buildframebusinessoperatingsystem/
💬 WhatsApp: https://wa.me/639760110243
📧 Email: buildframe.digitalsystem@gmail.com

BuildFrame — Built & Tailored for Your Business.",construction/electrical-contractors.png
plumbing-contractors-009,Plumbing Contractors,construction,"STILL WRITING THE SAME CUSTOMER DETAILS AGAIN AND AGAIN? ✍️

Names, addresses, job descriptions and contact details are often copied into notebooks, messages and forms.

BuildFrame can help collect and organize routine information so there is less repeated writing and typing.

LESS PAPERWORK. MORE TIME FOR THE ACTUAL PLUMBING WORK.

#PlumbingContractors #PlumbingBusiness #Paperwork #BusinessOrganization #BuildFrame

🌐 BuildFrame Business Software: https://buildframe-business-software.pages.dev/
🛠️ See Our Work — Portfolio: https://myportfolio.buildframe-digitalsystem.workers.dev/
📘 Facebook: https://www.facebook.com/buildframebusinessoperatingsystem/
💬 WhatsApp: https://wa.me/639760110243
📧 Email: buildframe.digitalsystem@gmail.com

BuildFrame — Built & Tailored for Your Business.",construction/plumbing-contractors.png
hvac-contractors-009,HVAC Contractors,construction,"STILL WRITING THE SAME CUSTOMER AND UNIT DETAILS AGAIN? ✍️

Names, addresses, unit information and service details often get copied into different notes, forms and messages.

BuildFrame can help organize routine information so your team spends less time repeating the same paperwork.

LESS REPEATING. MORE TIME SERVICING CUSTOMERS.

#HVACContractors #HVACBusiness #Paperwork #BusinessOrganization #BuildFrame

🌐 BuildFrame Business Software: https://buildframe-business-software.pages.dev/
🛠️ See Our Work — Portfolio: https://myportfolio.buildframe-digitalsystem.workers.dev/
📘 Facebook: https://www.facebook.com/buildframebusinessoperatingsystem/
💬 WhatsApp: https://wa.me/639760110243
📧 Email: buildframe.digitalsystem@gmail.com

BuildFrame — Built & Tailored for Your Business.",construction/hvac-contractors.png
renovation-remodeling-009,Renovation & Remodeling,construction,"HOW MANY TIMES ARE YOU WRITING THE SAME PROJECT INFORMATION? ✍️

Customer details, addresses, project descriptions and routine information often get copied into different forms and messages.

BuildFrame can help collect and organize information so your team spends less time repeating the same paperwork.

LESS REPEATING. MORE TIME IMPROVING SPACES.

#RenovationContractors #RemodelingBusiness #Paperwork #BusinessOrganization #BuildFrame

🌐 BuildFrame Business Software: https://buildframe-business-software.pages.dev/
🛠️ See Our Work — Portfolio: https://myportfolio.buildframe-digitalsystem.workers.dev/
📘 Facebook: https://www.facebook.com/buildframebusinessoperatingsystem/
💬 WhatsApp: https://wa.me/639760110243
📧 Email: buildframe.digitalsystem@gmail.com

BuildFrame — Built & Tailored for Your Business.",construction/renovation-remodeling.png
handyman-property-maintenance-009,Handyman & Property Maintenance,construction,"STILL WRITING THE SAME PROPERTY DETAILS AGAIN AND AGAIN? ✍️

Customer names, addresses, repair requests and other information often get copied into notebooks, messages and forms.

BuildFrame can help organize routine information so your team spends less time repeating the same paperwork.

LESS REPEATING. MORE TIME FIXING THINGS.

#HandymanBusiness #PropertyMaintenance #Paperwork #BusinessOrganization #BuildFrame

🌐 BuildFrame Business Software: https://buildframe-business-software.pages.dev/
🛠️ See Our Work — Portfolio: https://myportfolio.buildframe-digitalsystem.workers.dev/
📘 Facebook: https://www.facebook.com/buildframebusinessoperatingsystem/
💬 WhatsApp: https://wa.me/639760110243
📧 Email: buildframe.digitalsystem@gmail.com

BuildFrame — Built & Tailored for Your Business.",construction/handyman-property-maintenance.png
tiling-flooring-contractors-009,Tiling & Flooring Contractors,construction,"STILL COPYING THE SAME CUSTOMER AND PROJECT DETAILS? ✍️

Names, addresses, measurements and job descriptions often get written in several notebooks, messages or forms.

BuildFrame can help organize routine information so your team spends less time repeating the same paperwork.

LESS REPEATING. MORE TIME ON THE ACTUAL WORK.

#TilingContractors #FlooringBusiness #Paperwork #BusinessOrganization #BuildFrame

🌐 BuildFrame Business Software: https://buildframe-business-software.pages.dev/
🛠️ See Our Work — Portfolio: https://myportfolio.buildframe-digitalsystem.workers.dev/
📘 Facebook: https://www.facebook.com/buildframebusinessoperatingsystem/
💬 WhatsApp: https://wa.me/639760110243
📧 Email: buildframe.digitalsystem@gmail.com

BuildFrame — Built & Tailored for Your Business.",construction/tiling-flooring-contractors.png
landscaping-contractors-009,Landscaping Contractors,construction,"STILL COPYING THE SAME CUSTOMER AND PROPERTY DETAILS? ✍️🌿

Names, addresses, project descriptions and site information often get written into several notebooks, messages and forms.

BuildFrame can help organize routine information so your team spends less time repeating the same paperwork.

LESS REPEATING. MORE TIME IMPROVING OUTDOOR SPACES.

#LandscapingContractors #LandscapingBusiness #Paperwork #BusinessOrganization #BuildFrame

🌐 BuildFrame Business Software: https://buildframe-business-software.pages.dev/
🛠️ See Our Work — Portfolio: https://myportfolio.buildframe-digitalsystem.workers.dev/
📘 Facebook: https://www.facebook.com/buildframebusinessoperatingsystem/
💬 WhatsApp: https://wa.me/639760110243
📧 Email: buildframe.digitalsystem@gmail.com

BuildFrame — Built & Tailored for Your Business.",construction/landscaping-contractors.png
metal-fabrication-009,Metal Fabrication,construction,"STILL COPYING THE SAME JOB DETAILS INTO DIFFERENT NOTEBOOKS? ✍️

Customer names, measurements, specifications and job descriptions often get written more than once.

BuildFrame can help organize routine information so your team spends less time repeating paperwork.

LESS REPEATING. MORE TIME FABRICATING.

#MetalFabrication #FabricationBusiness #Paperwork #BusinessOrganization #BuildFrame

🌐 BuildFrame Business Software: https://buildframe-business-software.pages.dev/
🛠️ See Our Work — Portfolio: https://myportfolio.buildframe-digitalsystem.workers.dev/
📘 Facebook: https://www.facebook.com/buildframebusinessoperatingsystem/
💬 WhatsApp: https://wa.me/639760110243
📧 Email: buildframe.digitalsystem@gmail.com

BuildFrame — Built & Tailored for Your Business.",construction/metal-fabrication.png
glass-aluminum-contractors-009,Glass & Aluminum Contractors,construction,"STILL COPYING THE SAME CUSTOMER AND MEASUREMENT DETAILS? ✍️

Names, addresses, dimensions and job descriptions often get written into several notebooks, messages and forms.

BuildFrame can help organize routine information so your team spends less time repeating the same paperwork.

LESS REPEATING. MORE TIME FABRICATING AND INSTALLING.

#GlassAndAluminum #AluminumBusiness #Paperwork #BusinessOrganization #BuildFrame

🌐 BuildFrame Business Software: https://buildframe-business-software.pages.dev/
🛠️ See Our Work — Portfolio: https://myportfolio.buildframe-digitalsystem.workers.dev/
📘 Facebook: https://www.facebook.com/buildframebusinessoperatingsystem/
💬 WhatsApp: https://wa.me/639760110243
📧 Email: buildframe.digitalsystem@gmail.com

BuildFrame — Built & Tailored for Your Business.",construction/glass-aluminum-contractors.png
woodworking-carpentry-009,Woodworking & Carpentry,construction,"STILL COPYING THE SAME CUSTOMER AND MEASUREMENT DETAILS? ✍️

Names, addresses, dimensions and job descriptions often get written into several notebooks, messages and forms.

BuildFrame can help organize routine information so your team spends less time repeating the same paperwork.

LESS REPEATING. MORE TIME CREATING.

#Woodworking #CarpentryBusiness #Paperwork #BusinessOrganization #BuildFrame

🌐 BuildFrame Business Software: https://buildframe-business-software.pages.dev/
🛠️ See Our Work — Portfolio: https://myportfolio.buildframe-digitalsystem.workers.dev/
📘 Facebook: https://www.facebook.com/buildframebusinessoperatingsystem/
💬 WhatsApp: https://wa.me/639760110243
📧 Email: buildframe.digitalsystem@gmail.com

BuildFrame — Built & Tailored for Your Business.",construction/woodworking-carpentry.png
solar-installation-contractors-009,Solar Installation Contractors,construction,"STILL COPYING THE SAME CUSTOMER AND SITE DETAILS? ✍️

Names, addresses, site information and system requirements often get written into several notebooks, messages and forms.

BuildFrame can help organize routine information so your team spends less time repeating the same paperwork.

LESS REPEATING. MORE TIME MOVING PROJECTS FORWARD.

#SolarContractors #SolarBusiness #Paperwork #BusinessOrganization #BuildFrame

🌐 BuildFrame Business Software: https://buildframe-business-software.pages.dev/
🛠️ See Our Work — Portfolio: https://myportfolio.buildframe-digitalsystem.workers.dev/
📘 Facebook: https://www.facebook.com/buildframebusinessoperatingsystem/
💬 WhatsApp: https://wa.me/639760110243
📧 Email: buildframe.digitalsystem@gmail.com

BuildFrame — Built & Tailored for Your Business.",construction/solar-installation-contractors.png
construction-suppliers-building-materials-009,Construction Suppliers & Building Materials,construction,"STILL COPYING THE SAME CUSTOMER AND DELIVERY DETAILS? ✍️📦

Names, addresses, materials and quantities often get written into several notebooks, messages and forms.

BuildFrame can help organize routine information so your team spends less time repeating the same paperwork.

LESS REPEATING. MORE TIME SERVING CUSTOMERS.

#ConstructionSuppliers #BuildingMaterials #Paperwork #BusinessOrganization #BuildFrame

🌐 BuildFrame Business Software: https://buildframe-business-software.pages.dev/
🛠️ See Our Work — Portfolio: https://myportfolio.buildframe-digitalsystem.workers.dev/
📘 Facebook: https://www.facebook.com/buildframebusinessoperatingsystem/
💬 WhatsApp: https://wa.me/639760110243
📧 Email: buildframe.digitalsystem@gmail.com

BuildFrame — Built & Tailored for Your Business.",construction/construction-suppliers-building-materials.png
aggregates-anapog-filling-materials-009,"Aggregates, Anapog & Filling Materials",construction,"STILL COPYING THE SAME CUSTOMER AND DELIVERY DETAILS? ✍️

Names, locations, quantities and material types often get written into several notebooks, chats and forms.

BuildFrame can help organize routine information so your team spends less time repeating the same paperwork.

LESS REPEATING. MORE TIME MOVING MATERIALS.

#Aggregates #Anapog #Paperwork #BusinessOrganization #BuildFrame

🌐 BuildFrame Business Software: https://buildframe-business-software.pages.dev/
🛠️ See Our Work — Portfolio: https://myportfolio.buildframe-digitalsystem.workers.dev/
📘 Facebook: https://www.facebook.com/buildframebusinessoperatingsystem/
💬 WhatsApp: https://wa.me/639760110243
📧 Email: buildframe.digitalsystem@gmail.com

BuildFrame — Built & Tailored for Your Business.",construction/aggregates-anapog-filling-materials.png
property-management-009,Property Management,construction,"STILL COPYING THE SAME TENANT AND PROPERTY DETAILS? ✍️🏢

Names, contact details, unit information and maintenance notes often get repeated across notebooks, spreadsheets and messages.

BuildFrame can help organize routine information so your team spends less time repeating administrative work.

LESS REPEATING. MORE TIME MANAGING PROPERTIES.

#PropertyManagement #PropertyManagers #Paperwork #BusinessOrganization #BuildFrame

🌐 BuildFrame Business Software: https://buildframe-business-software.pages.dev/
🛠️ See Our Work — Portfolio: https://myportfolio.buildframe-digitalsystem.workers.dev/
📘 Facebook: https://www.facebook.com/buildframebusinessoperatingsystem/
💬 WhatsApp: https://wa.me/639760110243
📧 Email: buildframe.digitalsystem@gmail.com

BuildFrame — Built & Tailored for Your Business.",construction/property-management.png
engineering-services-009,Engineering Services,construction,"STILL COPYING THE SAME CLIENT AND PROJECT DETAILS? ✍️📐

Names, locations, project descriptions and site information often get repeated across notebooks, spreadsheets, messages and forms.

BuildFrame can help organize routine information so your team spends less time repeating the same administrative work.

LESS REPEATING. MORE TIME FOR THE ACTUAL PROJECT.

#EngineeringServices #EngineeringBusiness #Paperwork #BusinessOrganization #BuildFrame

🌐 BuildFrame Business Software: https://buildframe-business-software.pages.dev/
🛠️ See Our Work — Portfolio: https://myportfolio.buildframe-digitalsystem.workers.dev/
📘 Facebook: https://www.facebook.com/buildframebusinessoperatingsystem/
💬 WhatsApp: https://wa.me/639760110243
📧 Email: buildframe.digitalsystem@gmail.com

BuildFrame — Built & Tailored for Your Business.",construction/engineering-services.png
architectural-design-services-009,Architectural & Design Services,construction,"STILL COPYING THE SAME CLIENT AND PROJECT DETAILS? ✍️📐

Names, locations, project descriptions and requirements often get repeated across notebooks, spreadsheets, messages and forms.

BuildFrame can help organize routine information so your team spends less time repeating administrative work.

LESS REPEATING. MORE TIME DESIGNING.

#ArchitecturalServices #DesignBusiness #Paperwork #BusinessOrganization #BuildFrame

🌐 BuildFrame Business Software: https://buildframe-business-software.pages.dev/
🛠️ See Our Work — Portfolio: https://myportfolio.buildframe-digitalsystem.workers.dev/
📘 Facebook: https://www.facebook.com/buildframebusinessoperatingsystem/
💬 WhatsApp: https://wa.me/639760110243
📧 Email: buildframe.digitalsystem@gmail.com

BuildFrame — Built & Tailored for Your Business.",construction/architectural-design-services.png
specialty-subcontractors-trade-specialists-009,Specialty Subcontractors & Trade Specialists,construction,"STILL COPYING THE SAME PROJECT DETAILS INTO DIFFERENT NOTEBOOKS? ✍️

Customer names, site locations, work descriptions and instructions often get repeated across messages, spreadsheets and forms.

BuildFrame can help organize routine information so your team spends less time repeating administrative work.

LESS REPEATING. MORE TIME DOING THE SPECIALIZED WORK.

#SpecialtySubcontractors #TradeSpecialists #Paperwork #BusinessOrganization #BuildFrame

🌐 BuildFrame Business Software: https://buildframe-business-software.pages.dev/
🛠️ See Our Work — Portfolio: https://myportfolio.buildframe-digitalsystem.workers.dev/
📘 Facebook: https://www.facebook.com/buildframebusinessoperatingsystem/
💬 WhatsApp: https://wa.me/639760110243
📧 Email: buildframe.digitalsystem@gmail.com

BuildFrame — Built & Tailored for Your Business.",construction/specialty-subcontractors-trade-specialists.png
emergency-repair-construction-services-009,Emergency Repair & Construction Services,construction,"STILL COPYING CUSTOMER DETAILS FROM MESSAGES INTO A NOTEBOOK? ✍️📞

Names, addresses, phone numbers and repair descriptions often get repeated across calls, chats, forms and handwritten notes.

BuildFrame can help organize routine job information so your team spends less time repeating administrative work.

LESS COPYING. MORE TIME RESPONDING TO THE JOB.

#EmergencyRepair #RepairBusiness #ServiceCalls #BusinessOrganization #BuildFrame

🌐 BuildFrame Business Software: https://buildframe-business-software.pages.dev/
🛠️ See Our Work — Portfolio: https://myportfolio.buildframe-digitalsystem.workers.dev/
📘 Facebook: https://www.facebook.com/buildframebusinessoperatingsystem/
💬 WhatsApp: https://wa.me/639760110243
📧 Email: buildframe.digitalsystem@gmail.com

BuildFrame — Built & Tailored for Your Business.",construction/emergency-repair-construction-services.png
general-contractors-010,General Contractors,construction,"YOU ALREADY HAVE GREAT CONTENT — IT'S HAPPENING ON YOUR JOB SITE. 🎥🏗️

Before-and-after photos, progress videos and completed projects can show future customers what your company can actually do.

BuildFrame can help turn your real project work into an online portfolio, website content and social media presence that is easier for people to discover.

BUILD IT. DOCUMENT IT. SHOW IT.

#GeneralContractors #ConstructionContent #ProjectPortfolio #ConstructionMarketing #BuildFrame

🌐 BuildFrame Business Software: https://buildframe-business-software.pages.dev/
🛠️ See Our Work — Portfolio: https://myportfolio.buildframe-digitalsystem.workers.dev/
📘 Facebook: https://www.facebook.com/buildframebusinessoperatingsystem/
💬 WhatsApp: https://wa.me/639760110243
📧 Email: buildframe.digitalsystem@gmail.com

BuildFrame — Built & Tailored for Your Business.",construction/general-contractors.png
roofing-contractors-010,Roofing Contractors,construction,"THAT ROOF TRANSFORMATION IS CONTENT. SHOW IT. 🎥🏠

A damaged roof becoming a clean finished installation tells a powerful story about your work.

BuildFrame can help turn real roofing photos and videos into website projects, an online portfolio and useful social media content.

YOUR JOB SITE CAN HELP YOUR NEXT CUSTOMER TRUST YOUR WORK.

#RoofingContractors #RoofingContent #BeforeAndAfter #RoofingPortfolio #BuildFrame

🌐 BuildFrame Business Software: https://buildframe-business-software.pages.dev/
🛠️ See Our Work — Portfolio: https://myportfolio.buildframe-digitalsystem.workers.dev/
📘 Facebook: https://www.facebook.com/buildframebusinessoperatingsystem/
💬 WhatsApp: https://wa.me/639760110243
📧 Email: buildframe.digitalsystem@gmail.com

BuildFrame — Built & Tailored for Your Business.",construction/roofing-contractors.png
electrical-contractors-010,Electrical Contractors,construction,"YOUR ELECTRICAL WORK CAN TEACH, SHOW AND BUILD TRUST. 🎥⚡

A clean panel installation, lighting upgrade or before-and-after project can become useful content for future customers.

BuildFrame can help turn real project photos and videos into website projects, portfolio content and social media posts.

LET PEOPLE SEE THE QUALITY BEHIND THE WALLS.

#ElectricalContractors #ElectricalContent #ElectricalProjects #OnlinePortfolio #BuildFrame

🌐 BuildFrame Business Software: https://buildframe-business-software.pages.dev/
🛠️ See Our Work — Portfolio: https://myportfolio.buildframe-digitalsystem.workers.dev/
📘 Facebook: https://www.facebook.com/buildframebusinessoperatingsystem/
💬 WhatsApp: https://wa.me/639760110243
📧 Email: buildframe.digitalsystem@gmail.com

BuildFrame — Built & Tailored for Your Business.",construction/electrical-contractors.png
plumbing-contractors-010,Plumbing Contractors,construction,"THAT REPAIR CAN BECOME YOUR NEXT CUSTOMER'S REASON TO TRUST YOU. 🎥🔧

Before-and-after repairs, clean installations and helpful plumbing tips can show people what your business can do.

BuildFrame can help turn your real work into website projects, portfolio content and social media posts.

DO THE WORK. DOCUMENT IT. LET PEOPLE SEE IT.

#PlumbingContractors #PlumbingContent #PlumbingPortfolio #PlumbingMarketing #BuildFrame

🌐 BuildFrame Business Software: https://buildframe-business-software.pages.dev/
🛠️ See Our Work — Portfolio: https://myportfolio.buildframe-digitalsystem.workers.dev/
📘 Facebook: https://www.facebook.com/buildframebusinessoperatingsystem/
💬 WhatsApp: https://wa.me/639760110243
📧 Email: buildframe.digitalsystem@gmail.com

BuildFrame — Built & Tailored for Your Business.",construction/plumbing-contractors.png
hvac-contractors-010,HVAC Contractors,construction,"THAT DIRTY-TO-CLEAN TRANSFORMATION IS CONTENT. 🎥❄️

Cleaning results, new installations, maintenance work and before-and-after photos can show customers what proper HVAC service looks like.

BuildFrame can help turn your real work into website projects, portfolio content and useful social media posts.

YOUR DAILY WORK CAN HELP BUILD TRUST ONLINE.

#HVACContractors #HVACContent #BeforeAndAfter #HVACMarketing #BuildFrame

🌐 BuildFrame Business Software: https://buildframe-business-software.pages.dev/
🛠️ See Our Work — Portfolio: https://myportfolio.buildframe-digitalsystem.workers.dev/
📘 Facebook: https://www.facebook.com/buildframebusinessoperatingsystem/
💬 WhatsApp: https://wa.me/639760110243
📧 Email: buildframe.digitalsystem@gmail.com

BuildFrame — Built & Tailored for Your Business.",construction/hvac-contractors.png
renovation-remodeling-010,Renovation & Remodeling,construction,"THAT TRANSFORMATION IS CONTENT PEOPLE ACTUALLY WANT TO SEE. 🎥🏠

An old kitchen becoming modern. A tired room becoming beautiful. An empty space becoming useful.

BuildFrame can help turn your real renovation work into website projects, an online portfolio and social media content.

YOUR PROJECTS ALREADY TELL GREAT STORIES. LET PEOPLE SEE THEM.

#RenovationContractors #RenovationContent #BeforeAndAfter #RemodelingMarketing #BuildFrame

🌐 BuildFrame Business Software: https://buildframe-business-software.pages.dev/
🛠️ See Our Work — Portfolio: https://myportfolio.buildframe-digitalsystem.workers.dev/
📘 Facebook: https://www.facebook.com/buildframebusinessoperatingsystem/
💬 WhatsApp: https://wa.me/639760110243
📧 Email: buildframe.digitalsystem@gmail.com

BuildFrame — Built & Tailored for Your Business.",construction/renovation-remodeling.png
handyman-property-maintenance-010,Handyman & Property Maintenance,construction,"THAT SIMPLE REPAIR CAN STILL BECOME GREAT CONTENT. 🎥🔧

A damaged area repaired properly, a freshly maintained property or a useful maintenance tip can show people the quality of your work.

BuildFrame can help turn real jobs into website projects, portfolio examples and social media content.

YOUR DAILY WORK CAN HELP PEOPLE TRUST YOUR BUSINESS.

#HandymanServices #PropertyMaintenance #ContentCreator #BeforeAndAfter #BuildFrame

🌐 BuildFrame Business Software: https://buildframe-business-software.pages.dev/
🛠️ See Our Work — Portfolio: https://myportfolio.buildframe-digitalsystem.workers.dev/
📘 Facebook: https://www.facebook.com/buildframebusinessoperatingsystem/
💬 WhatsApp: https://wa.me/639760110243
📧 Email: buildframe.digitalsystem@gmail.com

BuildFrame — Built & Tailored for Your Business.",construction/handyman-property-maintenance.png
tiling-flooring-contractors-010,Tiling & Flooring Contractors,construction,"THAT FLOOR TRANSFORMATION IS CONTENT PEOPLE LOVE TO SEE. 🎥✨

Before-and-after flooring, tile patterns, installation progress and finished rooms can naturally attract attention online.

BuildFrame can help turn real projects into website showcases, portfolio content and social media posts.

YOUR DAILY WORK CAN BECOME YOUR ONLINE PROOF.

#TilingContractors #FlooringContractors #ContentCreator #BeforeAndAfter #BuildFrame

🌐 BuildFrame Business Software: https://buildframe-business-software.pages.dev/
🛠️ See Our Work — Portfolio: https://myportfolio.buildframe-digitalsystem.workers.dev/
📘 Facebook: https://www.facebook.com/buildframebusinessoperatingsystem/
💬 WhatsApp: https://wa.me/639760110243
📧 Email: buildframe.digitalsystem@gmail.com

BuildFrame — Built & Tailored for Your Business.",construction/tiling-flooring-contractors.png
landscaping-contractors-010,Landscaping Contractors,construction,"FROM EMPTY YARD TO BEAUTIFUL LANDSCAPE — THAT'S CONTENT. 🎥🌳

Landscaping naturally creates visual stories: before-and-after projects, planting progress, garden makeovers and finished outdoor spaces.

BuildFrame can help turn real projects into website showcases, portfolio content and social media posts.

YOUR DAILY WORK CAN HELP PEOPLE DISCOVER YOUR BUSINESS.

#LandscapingContractors #LandscapeContent #ContentCreator #BeforeAndAfter #BuildFrame

🌐 BuildFrame Business Software: https://buildframe-business-software.pages.dev/
🛠️ See Our Work — Portfolio: https://myportfolio.buildframe-digitalsystem.workers.dev/
📘 Facebook: https://www.facebook.com/buildframebusinessoperatingsystem/
💬 WhatsApp: https://wa.me/639760110243
📧 Email: buildframe.digitalsystem@gmail.com

BuildFrame — Built & Tailored for Your Business.",construction/landscaping-contractors.png
metal-fabrication-010,Metal Fabrication,construction,"SPARKS, WELDS AND FINISHED METALWORK — THAT'S CONTENT. 🎥🔥

People rarely see the skill and process behind a finished gate, railing, frame or custom metal piece.

BuildFrame can help turn workshop and project footage into website showcases, portfolio content and social media posts.

SHOW THE WORK BEHIND THE FINISHED PRODUCT.

#MetalFabrication #WeldingContent #ContentCreator #MetalWorks #BuildFrame

🌐 BuildFrame Business Software: https://buildframe-business-software.pages.dev/
🛠️ See Our Work — Portfolio: https://myportfolio.buildframe-digitalsystem.workers.dev/
📘 Facebook: https://www.facebook.com/buildframebusinessoperatingsystem/
💬 WhatsApp: https://wa.me/639760110243
📧 Email: buildframe.digitalsystem@gmail.com

BuildFrame — Built & Tailored for Your Business.",construction/metal-fabrication.png
glass-aluminum-contractors-010,Glass & Aluminum Contractors,construction,"FROM EMPTY OPENING TO FINISHED GLASS — THAT'S CONTENT. 🎥✨

Window installations, glass partitions, storefronts and before-and-after transformations naturally show your workmanship.

BuildFrame can help turn real projects into website showcases, portfolio content and social media posts.

YOUR DAILY WORK CAN BECOME YOUR ONLINE PROOF.

#GlassContractors #AluminumContractors #ContentCreator #GlassInstallation #BuildFrame

🌐 BuildFrame Business Software: https://buildframe-business-software.pages.dev/
🛠️ See Our Work — Portfolio: https://myportfolio.buildframe-digitalsystem.workers.dev/
📘 Facebook: https://www.facebook.com/buildframebusinessoperatingsystem/
💬 WhatsApp: https://wa.me/639760110243
📧 Email: buildframe.digitalsystem@gmail.com

BuildFrame — Built & Tailored for Your Business.",construction/glass-aluminum-contractors.png
woodworking-carpentry-010,Woodworking & Carpentry,construction,"FROM RAW WOOD TO FINISHED PIECE — THAT'S CONTENT. 🎥🪵

Cutting, joining, sanding, finishing and installation show the skill customers rarely see behind completed carpentry.

BuildFrame can help turn real workshop and project footage into website showcases, portfolio content and social media posts.

SHOW THE CRAFT BEHIND THE FINISHED WORK.

#Woodworking #CarpentryContractors #ContentCreator #Craftsmanship #BuildFrame

🌐 BuildFrame Business Software: https://buildframe-business-software.pages.dev/
🛠️ See Our Work — Portfolio: https://myportfolio.buildframe-digitalsystem.workers.dev/
📘 Facebook: https://www.facebook.com/buildframebusinessoperatingsystem/
💬 WhatsApp: https://wa.me/639760110243
📧 Email: buildframe.digitalsystem@gmail.com

BuildFrame — Built & Tailored for Your Business.",construction/woodworking-carpentry.png
solar-installation-contractors-010,Solar Installation Contractors,construction,"FROM EMPTY ROOF TO SOLAR POWER — THAT'S CONTENT. 🎥☀️

Site checks, panel installation, wiring progress and finished systems can help people understand what solar installation really looks like.

BuildFrame can help turn real projects into website showcases, portfolio content and social media posts.

YOUR DAILY WORK CAN HELP EDUCATE AND BUILD TRUST.

#SolarContractors #SolarContent #ContentCreator #SolarInstallation #BuildFrame

🌐 BuildFrame Business Software: https://buildframe-business-software.pages.dev/
🛠️ See Our Work — Portfolio: https://myportfolio.buildframe-digitalsystem.workers.dev/
📘 Facebook: https://www.facebook.com/buildframebusinessoperatingsystem/
💬 WhatsApp: https://wa.me/639760110243
📧 Email: buildframe.digitalsystem@gmail.com

BuildFrame — Built & Tailored for Your Business.",construction/solar-installation-contractors.png
construction-suppliers-building-materials-010,Construction Suppliers & Building Materials,construction,"FROM WAREHOUSE TO JOB SITE — THAT'S CONTENT TOO. 🎥🚚

Material preparation, new stock, loading, deliveries and products being used on real projects can all become useful business content.

BuildFrame can help turn everyday supply activity into website showcases, product information and social media posts.

SHOW CUSTOMERS WHAT YOU SUPPLY AND HOW YOU SERVE PROJECTS.

#ConstructionSuppliers #BuildingMaterials #ContentCreator #ConstructionContent #BuildFrame

🌐 BuildFrame Business Software: https://buildframe-business-software.pages.dev/
🛠️ See Our Work — Portfolio: https://myportfolio.buildframe-digitalsystem.workers.dev/
📘 Facebook: https://www.facebook.com/buildframebusinessoperatingsystem/
💬 WhatsApp: https://wa.me/639760110243
📧 Email: buildframe.digitalsystem@gmail.com

BuildFrame — Built & Tailored for Your Business.",construction/construction-suppliers-building-materials.png
aggregates-anapog-filling-materials-010,"Aggregates, Anapog & Filling Materials",construction,"FROM STOCKPILE TO PROJECT SITE — THAT'S CONTENT TOO. 🎥🚛

Loading, hauling, deliveries and site preparation can show customers the real work behind your materials business.

BuildFrame can help turn everyday operations into website showcases, portfolio content and social media posts.

SHOW HOW YOUR MATERIALS HELP PROJECTS MOVE FORWARD.

#Aggregates #FillingMaterials #ContentCreator #ConstructionContent #BuildFrame

🌐 BuildFrame Business Software: https://buildframe-business-software.pages.dev/
🛠️ See Our Work — Portfolio: https://myportfolio.buildframe-digitalsystem.workers.dev/
📘 Facebook: https://www.facebook.com/buildframebusinessoperatingsystem/
💬 WhatsApp: https://wa.me/639760110243
📧 Email: buildframe.digitalsystem@gmail.com

BuildFrame — Built & Tailored for Your Business.",construction/aggregates-anapog-filling-materials.png
property-management-010,Property Management,construction,"PROPERTY IMPROVEMENTS CAN BECOME USEFUL CONTENT TOO. 🎥🏢

Before-and-after repairs, improvements, common areas and well-maintained properties can help show how professionally a property is managed.

BuildFrame can help turn appropriate property updates into website, portfolio and social media content.

SHOW THE CARE BEHIND WELL-MANAGED PROPERTIES.

#PropertyManagement #PropertyContent #ContentCreator #BuildingManagement #BuildFrame

🌐 BuildFrame Business Software: https://buildframe-business-software.pages.dev/
🛠️ See Our Work — Portfolio: https://myportfolio.buildframe-digitalsystem.workers.dev/
📘 Facebook: https://www.facebook.com/buildframebusinessoperatingsystem/
💬 WhatsApp: https://wa.me/639760110243
📧 Email: buildframe.digitalsystem@gmail.com

BuildFrame — Built & Tailored for Your Business.",construction/property-management.png
engineering-services-010,Engineering Services,construction,"SITE INSPECTIONS AND PROJECT PROGRESS CAN BECOME USEFUL CONTENT. 🎥🏗️

Engineering work includes processes, expertise and project milestones that potential clients rarely get to see.

BuildFrame can help turn appropriate project photos, educational explanations and completed work into website, portfolio and social media content.

SHOW THE KNOWLEDGE BEHIND THE PROJECT.

#EngineeringServices #EngineeringContent #ContentCreator #ConstructionContent #BuildFrame

🌐 BuildFrame Business Software: https://buildframe-business-software.pages.dev/
🛠️ See Our Work — Portfolio: https://myportfolio.buildframe-digitalsystem.workers.dev/
📘 Facebook: https://www.facebook.com/buildframebusinessoperatingsystem/
💬 WhatsApp: https://wa.me/639760110243
📧 Email: buildframe.digitalsystem@gmail.com

BuildFrame — Built & Tailored for Your Business.",construction/engineering-services.png
architectural-design-services-010,Architectural & Design Services,construction,"FROM SKETCH TO FINISHED SPACE — THAT'S A STORY WORTH SHOWING. 🎥🏠

Concept sketches, design development, site progress and completed spaces can show the thinking behind a project.

BuildFrame can help turn appropriate project material into website showcases, portfolio content and social media posts.

SHOW THE JOURNEY FROM IDEA TO REALITY.

#ArchitecturalDesign #DesignContent #ContentCreator #ArchitecturePortfolio #BuildFrame

🌐 BuildFrame Business Software: https://buildframe-business-software.pages.dev/
🛠️ See Our Work — Portfolio: https://myportfolio.buildframe-digitalsystem.workers.dev/
📘 Facebook: https://www.facebook.com/buildframebusinessoperatingsystem/
💬 WhatsApp: https://wa.me/639760110243
📧 Email: buildframe.digitalsystem@gmail.com

BuildFrame — Built & Tailored for Your Business.",construction/architectural-design-services.png
specialty-subcontractors-trade-specialists-010,Specialty Subcontractors & Trade Specialists,construction,"SPECIALIZED WORK DESERVES TO BE SEEN. 🎥🛠️

Many people see the finished building but never see the specialist work that made part of it possible.

BuildFrame can help turn appropriate progress photos, installation videos and completed work into website showcases, portfolio content and social media posts.

SHOW THE SKILL BEHIND YOUR TRADE.

#SpecialtySubcontractors #TradeSpecialists #ContentCreator #ConstructionContent #BuildFrame

🌐 BuildFrame Business Software: https://buildframe-business-software.pages.dev/
🛠️ See Our Work — Portfolio: https://myportfolio.buildframe-digitalsystem.workers.dev/
📘 Facebook: https://www.facebook.com/buildframebusinessoperatingsystem/
💬 WhatsApp: https://wa.me/639760110243
📧 Email: buildframe.digitalsystem@gmail.com

BuildFrame — Built & Tailored for Your Business.",construction/specialty-subcontractors-trade-specialists.png
emergency-repair-construction-services-010,Emergency Repair & Construction Services,construction,"BEFORE. DURING. AFTER. YOUR REPAIR WORK TELLS A STORY. 🎥🔧

Emergency repair teams solve real problems that customers may never understand until they see the work involved.

BuildFrame can help turn appropriate before-and-after photos, repair explanations and completed jobs into website, portfolio and social media content.

SHOW THE PROBLEM YOU SOLVED — AND THE WORK BEHIND IT.

#EmergencyRepair #RepairContent #ContentCreator #ConstructionContent #BuildFrame

🌐 BuildFrame Business Software: https://buildframe-business-software.pages.dev/
🛠️ See Our Work — Portfolio: https://myportfolio.buildframe-digitalsystem.workers.dev/
📘 Facebook: https://www.facebook.com/buildframebusinessoperatingsystem/
💬 WhatsApp: https://wa.me/639760110243
📧 Email: buildframe.digitalsystem@gmail.com

BuildFrame — Built & Tailored for Your Business.",construction/emergency-repair-construction-services.png
general-contractors-011,General Contractors,contracting,"DOES YOUR BUSINESS EXIST ONLINE WHERE NEW CUSTOMERS ARE LOOKING? 🔎

Good work and referrals are valuable, but future customers may search online before they ever call.

BuildFrame can help give your contracting business a clear online presence where people can learn what you do, see your work and know how to contact you.

LET YOUR BUSINESS BE EASIER TO FIND.

#GeneralContractors #ContractingBusiness #OnlinePresence #ConstructionCompany #BuildFrame

🌐 BuildFrame Business Software: https://buildframe-business-software.pages.dev/
🛠️ See Our Work — Portfolio: https://myportfolio.buildframe-digitalsystem.workers.dev/
📘 Facebook: https://www.facebook.com/buildframebusinessoperatingsystem/
💬 WhatsApp: https://wa.me/639760110243
📧 Email: buildframe.digitalsystem@gmail.com

BuildFrame — Built & Tailored for Your Business.",construction/general-contractors.png
roofing-contractors-011,Roofing Contractors,contracting,"WHEN SOMEONE SEARCHES FOR A ROOFER, CAN THEY FIND YOUR BUSINESS? 🔎

Referrals are important, but many customers also look online before choosing who to contact.

BuildFrame can help give your roofing company a clear online presence showing your services, completed work and contact details.

GOOD ROOFING WORK SHOULD BE EASY TO FIND.

#RoofingContractors #RoofingCompany #OnlinePresence #RoofingServices #BuildFrame

🌐 BuildFrame Business Software: https://buildframe-business-software.pages.dev/
🛠️ See Our Work — Portfolio: https://myportfolio.buildframe-digitalsystem.workers.dev/
📘 Facebook: https://www.facebook.com/buildframebusinessoperatingsystem/
💬 WhatsApp: https://wa.me/639760110243
📧 Email: buildframe.digitalsystem@gmail.com

BuildFrame — Built & Tailored for Your Business.",construction/roofing-contractors.png
electrical-contractors-011,Electrical Contractors,contracting,"WHEN SOMEONE NEEDS AN ELECTRICIAN, CAN THEY FIND YOUR BUSINESS ONLINE? 🔎⚡

Referrals are valuable, but customers may also search online before deciding who to contact.

BuildFrame can help give your electrical business a clear online presence showing your services, previous work and contact details.

GOOD WORK SHOULD BE EASY TO FIND.

#ElectricalContractors #Electrician #OnlinePresence #ElectricalServices #BuildFrame

🌐 BuildFrame Business Software: https://buildframe-business-software.pages.dev/
🛠️ See Our Work — Portfolio: https://myportfolio.buildframe-digitalsystem.workers.dev/
📘 Facebook: https://www.facebook.com/buildframebusinessoperatingsystem/
💬 WhatsApp: https://wa.me/639760110243
📧 Email: buildframe.digitalsystem@gmail.com

BuildFrame — Built & Tailored for Your Business.",construction/electrical-contractors.png
plumbing-contractors-011,Plumbing Contractors,contracting,"WHEN SOMEONE NEEDS A PLUMBER, CAN THEY FIND YOUR BUSINESS? 🔎💧

Referrals are valuable, but many customers also search online when they need repairs or installations.

BuildFrame can help give your plumbing business a clear online presence showing your services, work and contact details.

GOOD PLUMBING SERVICES SHOULD BE EASY TO FIND.

#PlumbingContractors #Plumber #OnlinePresence #PlumbingServices #BuildFrame

🌐 BuildFrame Business Software: https://buildframe-business-software.pages.dev/
🛠️ See Our Work — Portfolio: https://myportfolio.buildframe-digitalsystem.workers.dev/
📘 Facebook: https://www.facebook.com/buildframebusinessoperatingsystem/
💬 WhatsApp: https://wa.me/639760110243
📧 Email: buildframe.digitalsystem@gmail.com

BuildFrame — Built & Tailored for Your Business.",construction/plumbing-contractors.png
hvac-contractors-011,HVAC Contractors,contracting,"WHEN SOMEONE NEEDS AIR-CON OR HVAC SERVICE, CAN THEY FIND YOU ONLINE? 🔎

Customers often search for installers, repair services and maintenance providers before making a call.

BuildFrame can help give your HVAC business a clear online presence showing what you do, where you serve and how people can contact you.

GOOD SERVICE SHOULD BE EASY TO FIND.

#HVACContractors #HVACCompany #OnlinePresence #AirConditioningServices #BuildFrame

🌐 BuildFrame Business Software: https://buildframe-business-software.pages.dev/
🛠️ See Our Work — Portfolio: https://myportfolio.buildframe-digitalsystem.workers.dev/
📘 Facebook: https://www.facebook.com/buildframebusinessoperatingsystem/
💬 WhatsApp: https://wa.me/639760110243
📧 Email: buildframe.digitalsystem@gmail.com

BuildFrame — Built & Tailored for Your Business.",construction/hvac-contractors.png
renovation-remodeling-011,Renovation & Remodeling,contracting,"WHEN SOMEONE PLANS A RENOVATION, CAN THEY FIND YOUR BUSINESS ONLINE? 🔎

People often look for ideas and contractors online long before they make the first call.

BuildFrame can help give your renovation business a clear online presence showing your services, completed transformations and contact details.

BE THERE WHEN THE CUSTOMER STARTS LOOKING.

#RenovationContractors #RemodelingBusiness #OnlinePresence #HomeRenovation #BuildFrame

🌐 BuildFrame Business Software: https://buildframe-business-software.pages.dev/
🛠️ See Our Work — Portfolio: https://myportfolio.buildframe-digitalsystem.workers.dev/
📘 Facebook: https://www.facebook.com/buildframebusinessoperatingsystem/
💬 WhatsApp: https://wa.me/639760110243
📧 Email: buildframe.digitalsystem@gmail.com

BuildFrame — Built & Tailored for Your Business.",construction/renovation-remodeling.png
handyman-property-maintenance-011,Handyman & Property Maintenance,contracting,"WHEN SOMEONE NEEDS A RELIABLE HANDYMAN, CAN THEY FIND YOU ONLINE? 🔎

Customers and property owners often search online when they need repairs, maintenance or someone they can call regularly.

BuildFrame can help give your business a clear online presence showing your services and how people can contact you.

GOOD, RELIABLE WORK SHOULD BE EASY TO FIND.

#HandymanServices #PropertyMaintenance #OnlinePresence #MaintenanceBusiness #BuildFrame

🌐 BuildFrame Business Software: https://buildframe-business-software.pages.dev/
🛠️ See Our Work — Portfolio: https://myportfolio.buildframe-digitalsystem.workers.dev/
📘 Facebook: https://www.facebook.com/buildframebusinessoperatingsystem/
💬 WhatsApp: https://wa.me/639760110243
📧 Email: buildframe.digitalsystem@gmail.com

BuildFrame — Built & Tailored for Your Business.",construction/handyman-property-maintenance.png
tiling-flooring-contractors-011,Tiling & Flooring Contractors,contracting,"WHEN SOMEONE NEEDS NEW FLOORING, CAN THEY FIND YOUR BUSINESS ONLINE? 🔎

Customers often search for ideas and contractors before choosing who will work on their home or business.

BuildFrame can help give your tiling and flooring business a clear online presence showing your services, projects and contact details.

GOOD WORK SHOULD BE EASY TO DISCOVER.

#TilingContractors #FlooringContractors #OnlinePresence #FlooringBusiness #BuildFrame

🌐 BuildFrame Business Software: https://buildframe-business-software.pages.dev/
🛠️ See Our Work — Portfolio: https://myportfolio.buildframe-digitalsystem.workers.dev/
📘 Facebook: https://www.facebook.com/buildframebusinessoperatingsystem/
💬 WhatsApp: https://wa.me/639760110243
📧 Email: buildframe.digitalsystem@gmail.com

BuildFrame — Built & Tailored for Your Business.",construction/tiling-flooring-contractors.png
landscaping-contractors-011,Landscaping Contractors,contracting,"WHEN SOMEONE WANTS TO IMPROVE THEIR PROPERTY, CAN THEY FIND YOU ONLINE? 🔎🌿

Homeowners, businesses and property managers often search online for landscaping ideas and contractors.

BuildFrame can help give your landscaping business a clear online presence showing your services, completed projects and contact details.

GOOD LANDSCAPING WORK SHOULD BE EASY TO DISCOVER.

#LandscapingContractors #LandscapingBusiness #OnlinePresence #LandscapeServices #BuildFrame

🌐 BuildFrame Business Software: https://buildframe-business-software.pages.dev/
🛠️ See Our Work — Portfolio: https://myportfolio.buildframe-digitalsystem.workers.dev/
📘 Facebook: https://www.facebook.com/buildframebusinessoperatingsystem/
💬 WhatsApp: https://wa.me/639760110243
📧 Email: buildframe.digitalsystem@gmail.com

BuildFrame — Built & Tailored for Your Business.",construction/landscaping-contractors.png
metal-fabrication-011,Metal Fabrication,contracting,"WHEN SOMEONE NEEDS CUSTOM METALWORK, CAN THEY FIND YOUR BUSINESS ONLINE? 🔎

Builders, property owners and businesses may search online for fabricators before asking for a quotation.

BuildFrame can help give your fabrication business a clear online presence showing your services, projects and contact details.

GOOD WORK SHOULD BE EASY TO FIND.

#MetalFabrication #FabricationContractors #OnlinePresence #MetalWorks #BuildFrame

🌐 BuildFrame Business Software: https://buildframe-business-software.pages.dev/
🛠️ See Our Work — Portfolio: https://myportfolio.buildframe-digitalsystem.workers.dev/
📘 Facebook: https://www.facebook.com/buildframebusinessoperatingsystem/
💬 WhatsApp: https://wa.me/639760110243
📧 Email: buildframe.digitalsystem@gmail.com

BuildFrame — Built & Tailored for Your Business.",construction/metal-fabrication.png
glass-aluminum-contractors-011,Glass & Aluminum Contractors,contracting,"WHEN SOMEONE NEEDS GLASS OR ALUMINUM WORK, CAN THEY FIND YOU ONLINE? 🔎🪟

Homeowners, builders and businesses may search online before asking a contractor for a quotation.

BuildFrame can help give your business a clear online presence showing your services, projects and contact details.

GOOD WORK SHOULD BE EASY TO FIND.

#GlassContractors #AluminumContractors #OnlinePresence #GlassAndAluminum #BuildFrame

🌐 BuildFrame Business Software: https://buildframe-business-software.pages.dev/
🛠️ See Our Work — Portfolio: https://myportfolio.buildframe-digitalsystem.workers.dev/
📘 Facebook: https://www.facebook.com/buildframebusinessoperatingsystem/
💬 WhatsApp: https://wa.me/639760110243
📧 Email: buildframe.digitalsystem@gmail.com

BuildFrame — Built & Tailored for Your Business.",construction/glass-aluminum-contractors.png
woodworking-carpentry-011,Woodworking & Carpentry,contracting,"WHEN SOMEONE NEEDS CUSTOM CARPENTRY, CAN THEY FIND YOUR BUSINESS ONLINE? 🔎🪚

Homeowners, designers, builders and businesses may search online before asking a carpenter or woodworker for a quotation.

BuildFrame can help give your business a clear online presence showing your services, projects and contact details.

GOOD CRAFTSMANSHIP SHOULD BE EASY TO FIND.

#Woodworking #CarpentryContractors #OnlinePresence #CustomCarpentry #BuildFrame

🌐 BuildFrame Business Software: https://buildframe-business-software.pages.dev/
🛠️ See Our Work — Portfolio: https://myportfolio.buildframe-digitalsystem.workers.dev/
📘 Facebook: https://www.facebook.com/buildframebusinessoperatingsystem/
💬 WhatsApp: https://wa.me/639760110243
📧 Email: buildframe.digitalsystem@gmail.com

BuildFrame — Built & Tailored for Your Business.",construction/woodworking-carpentry.png
solar-installation-contractors-011,Solar Installation Contractors,contracting,"WHEN SOMEONE STARTS THINKING ABOUT SOLAR, CAN THEY FIND YOUR BUSINESS ONLINE? 🔎☀️

Homeowners and businesses often research solar companies before asking questions or requesting a site assessment.

BuildFrame can help give your solar business a clear online presence showing your services, completed projects and contact details.

BE THERE WHEN POTENTIAL CUSTOMERS START LOOKING.

#SolarContractors #SolarBusiness #OnlinePresence #SolarEnergy #BuildFrame

🌐 BuildFrame Business Software: https://buildframe-business-software.pages.dev/
🛠️ See Our Work — Portfolio: https://myportfolio.buildframe-digitalsystem.workers.dev/
📘 Facebook: https://www.facebook.com/buildframebusinessoperatingsystem/
💬 WhatsApp: https://wa.me/639760110243
📧 Email: buildframe.digitalsystem@gmail.com

BuildFrame — Built & Tailored for Your Business.",construction/solar-installation-contractors.png
construction-suppliers-building-materials-011,Construction Suppliers & Building Materials,contracting,"WHEN A CONTRACTOR NEEDS MATERIALS, CAN THEY FIND YOUR BUSINESS ONLINE? 🔎🧱

Builders and property owners may search online for nearby or reliable suppliers before making an inquiry.

BuildFrame can help give your supply business a clear online presence showing what you provide and how customers can contact you.

BE EASIER TO FIND WHEN PROJECTS NEED MATERIALS.

#ConstructionSuppliers #BuildingMaterials #OnlinePresence #ConstructionSupply #BuildFrame

🌐 BuildFrame Business Software: https://buildframe-business-software.pages.dev/
🛠️ See Our Work — Portfolio: https://myportfolio.buildframe-digitalsystem.workers.dev/
📘 Facebook: https://www.facebook.com/buildframebusinessoperatingsystem/
💬 WhatsApp: https://wa.me/639760110243
📧 Email: buildframe.digitalsystem@gmail.com

BuildFrame — Built & Tailored for Your Business.",construction/construction-suppliers-building-materials.png
aggregates-anapog-filling-materials-011,"Aggregates, Anapog & Filling Materials",contracting,"WHEN A CONTRACTOR NEEDS AGGREGATES OR FILLING MATERIALS, CAN THEY FIND YOU ONLINE? 🔎🪨

Builders, developers and property owners may search online for suppliers before making an inquiry.

BuildFrame can help give your business a clear online presence showing what materials you provide and how customers can contact you.

BE EASIER TO FIND WHEN PROJECTS NEED MATERIALS.

#Aggregates #Anapog #FillingMaterials #OnlinePresence #BuildFrame

🌐 BuildFrame Business Software: https://buildframe-business-software.pages.dev/
🛠️ See Our Work — Portfolio: https://myportfolio.buildframe-digitalsystem.workers.dev/
📘 Facebook: https://www.facebook.com/buildframebusinessoperatingsystem/
💬 WhatsApp: https://wa.me/639760110243
📧 Email: buildframe.digitalsystem@gmail.com

BuildFrame — Built & Tailored for Your Business.",construction/aggregates-anapog-filling-materials.png
property-management-011,Property Management,contracting,"WHEN A PROPERTY OWNER NEEDS MANAGEMENT HELP, CAN THEY FIND YOU ONLINE? 🔎🏢

Owners, investors and businesses may research property management companies before making an inquiry.

BuildFrame can help give your property management business a clear online presence showing your services and contact details.

MAKE YOUR MANAGEMENT SERVICES EASIER TO DISCOVER.

#PropertyManagement #PropertyManagers #OnlinePresence #RealEstateServices #BuildFrame

🌐 BuildFrame Business Software: https://buildframe-business-software.pages.dev/
🛠️ See Our Work — Portfolio: https://myportfolio.buildframe-digitalsystem.workers.dev/
📘 Facebook: https://www.facebook.com/buildframebusinessoperatingsystem/
💬 WhatsApp: https://wa.me/639760110243
📧 Email: buildframe.digitalsystem@gmail.com

BuildFrame — Built & Tailored for Your Business.",construction/property-management.png
engineering-services-011,Engineering Services,contracting,"WHEN SOMEONE NEEDS ENGINEERING SERVICES, CAN THEY FIND YOUR FIRM ONLINE? 🔎📐

Property owners, contractors, developers and organizations may research engineering providers before making an inquiry.

BuildFrame can help give your engineering business a clear online presence showing your services, experience and contact details.

MAKE YOUR EXPERTISE EASIER TO DISCOVER.

#EngineeringServices #EngineeringFirm #OnlinePresence #ProfessionalServices #BuildFrame

🌐 BuildFrame Business Software: https://buildframe-business-software.pages.dev/
🛠️ See Our Work — Portfolio: https://myportfolio.buildframe-digitalsystem.workers.dev/
📘 Facebook: https://www.facebook.com/buildframebusinessoperatingsystem/
💬 WhatsApp: https://wa.me/639760110243
📧 Email: buildframe.digitalsystem@gmail.com

BuildFrame — Built & Tailored for Your Business.",construction/engineering-services.png
architectural-design-services-011,Architectural & Design Services,contracting,"WHEN SOMEONE NEEDS AN ARCHITECT OR DESIGNER, CAN THEY FIND YOU ONLINE? 🔎📐

Homeowners, businesses and developers often research design professionals before making an inquiry.

BuildFrame can help give your practice a clear online presence showing your services, projects and contact details.

MAKE YOUR DESIGN EXPERTISE EASIER TO DISCOVER.

#ArchitecturalServices #DesignServices #OnlinePresence #Architecture #BuildFrame

🌐 BuildFrame Business Software: https://buildframe-business-software.pages.dev/
🛠️ See Our Work — Portfolio: https://myportfolio.buildframe-digitalsystem.workers.dev/
📘 Facebook: https://www.facebook.com/buildframebusinessoperatingsystem/
💬 WhatsApp: https://wa.me/639760110243
📧 Email: buildframe.digitalsystem@gmail.com

BuildFrame — Built & Tailored for Your Business.",construction/architectural-design-services.png
specialty-subcontractors-trade-specialists-011,Specialty Subcontractors & Trade Specialists,contracting,"WHEN A CONTRACTOR NEEDS YOUR SPECIALTY, CAN THEY FIND YOU ONLINE? 🔎🏗️

General contractors, developers and property owners may search for specific trade specialists when building their project team.

BuildFrame can help give your business a clear online presence showing your specialty, experience and contact details.

MAKE YOUR SPECIALIZED SERVICE EASIER TO DISCOVER.

#SpecialtySubcontractors #TradeSpecialists #OnlinePresence #ConstructionBusiness #BuildFrame

🌐 BuildFrame Business Software: https://buildframe-business-software.pages.dev/
🛠️ See Our Work — Portfolio: https://myportfolio.buildframe-digitalsystem.workers.dev/
📘 Facebook: https://www.facebook.com/buildframebusinessoperatingsystem/
💬 WhatsApp: https://wa.me/639760110243
📧 Email: buildframe.digitalsystem@gmail.com

BuildFrame — Built & Tailored for Your Business.",construction/specialty-subcontractors-trade-specialists.png
emergency-repair-construction-services-011,Emergency Repair & Construction Services,contracting,"WHEN SOMEONE NEEDS AN URGENT REPAIR, CAN THEY FIND YOUR BUSINESS? 🔎🚨

People often search quickly when a property problem needs immediate professional attention.

BuildFrame can help give your repair business a clear online presence showing what services you handle and how customers can contact you.

BE EASIER TO FIND WHEN SOMEONE NEEDS HELP.

#EmergencyRepair #RepairContractors #OnlinePresence #ConstructionServices #BuildFrame

🌐 BuildFrame Business Software: https://buildframe-business-software.pages.dev/
🛠️ See Our Work — Portfolio: https://myportfolio.buildframe-digitalsystem.workers.dev/
📘 Facebook: https://www.facebook.com/buildframebusinessoperatingsystem/
💬 WhatsApp: https://wa.me/639760110243
📧 Email: buildframe.digitalsystem@gmail.com

BuildFrame — Built & Tailored for Your Business.",construction/emergency-repair-construction-services.png
general-contractors-012,General Contractors,contracting,"YOUR COMPANY BUILDS PROFESSIONAL PROJECTS. DOES YOUR WEBSITE SHOW IT? 🌐

A simple professional website can explain your services, show completed projects and give customers an easy way to reach you.

BuildFrame can build a website around your actual contracting business — without making things complicated.

YOUR WEBSITE SHOULD WORK AS HARD AS YOUR BUSINESS DOES.

#GeneralContractors #ContractorWebsite #ConstructionWebsite #OnlinePortfolio #BuildFrame

🌐 BuildFrame Business Software: https://buildframe-business-software.pages.dev/
🛠️ See Our Work — Portfolio: https://myportfolio.buildframe-digitalsystem.workers.dev/
📘 Facebook: https://www.facebook.com/buildframebusinessoperatingsystem/
💬 WhatsApp: https://wa.me/639760110243
📧 Email: buildframe.digitalsystem@gmail.com

BuildFrame — Built & Tailored for Your Business.",construction/general-contractors.png
roofing-contractors-012,Roofing Contractors,contracting,"DOES YOUR WEBSITE SHOW WHY CUSTOMERS SHOULD TRUST YOU WITH THEIR ROOF? 🌐

Customers may want to see the types of roofs you handle, areas you serve and examples of completed work before they call.

BuildFrame can create a simple professional website that explains your roofing services and makes contacting you easy.

SHOW THE WORK. EXPLAIN THE SERVICE. MAKE CONTACT SIMPLE.

#RoofingContractors #RoofingWebsite #RoofingCompany #ContractorWebsite #BuildFrame

🌐 BuildFrame Business Software: https://buildframe-business-software.pages.dev/
🛠️ See Our Work — Portfolio: https://myportfolio.buildframe-digitalsystem.workers.dev/
📘 Facebook: https://www.facebook.com/buildframebusinessoperatingsystem/
💬 WhatsApp: https://wa.me/639760110243
📧 Email: buildframe.digitalsystem@gmail.com

BuildFrame — Built & Tailored for Your Business.",construction/roofing-contractors.png
electrical-contractors-012,Electrical Contractors,contracting,"DOES YOUR WEBSITE CLEARLY EXPLAIN WHAT ELECTRICAL WORK YOU DO? 🌐

Residential wiring? Commercial work? Repairs? Lighting? Panel upgrades?

BuildFrame can create a simple professional website that tells customers what you offer, shows your work and gives them an easy way to contact you.

MAKE IT EASY TO UNDERSTAND YOUR BUSINESS.

#ElectricalContractors #ElectricalWebsite #ElectricianWebsite #ElectricalBusiness #BuildFrame

🌐 BuildFrame Business Software: https://buildframe-business-software.pages.dev/
🛠️ See Our Work — Portfolio: https://myportfolio.buildframe-digitalsystem.workers.dev/
📘 Facebook: https://www.facebook.com/buildframebusinessoperatingsystem/
💬 WhatsApp: https://wa.me/639760110243
📧 Email: buildframe.digitalsystem@gmail.com

BuildFrame — Built & Tailored for Your Business.",construction/electrical-contractors.png
plumbing-contractors-012,Plumbing Contractors,contracting,"DOES YOUR WEBSITE TELL PEOPLE WHAT PLUMBING SERVICES YOU ACTUALLY OFFER? 🌐

Repairs? New installations? Maintenance? Commercial plumbing? Emergency work?

BuildFrame can create a simple professional website that explains your services, shows your work and makes contacting you easy.

MAKE YOUR BUSINESS EASY TO UNDERSTAND.

#PlumbingContractors #PlumbingWebsite #PlumbingBusiness #ContractorWebsite #BuildFrame

🌐 BuildFrame Business Software: https://buildframe-business-software.pages.dev/
🛠️ See Our Work — Portfolio: https://myportfolio.buildframe-digitalsystem.workers.dev/
📘 Facebook: https://www.facebook.com/buildframebusinessoperatingsystem/
💬 WhatsApp: https://wa.me/639760110243
📧 Email: buildframe.digitalsystem@gmail.com

BuildFrame — Built & Tailored for Your Business.",construction/plumbing-contractors.png
hvac-contractors-012,HVAC Contractors,contracting,"DOES YOUR WEBSITE EXPLAIN YOUR HVAC SERVICES IN SIMPLE WORDS? 🌐

Installation? Cleaning? Repair? Preventive maintenance? Commercial HVAC?

BuildFrame can create a professional website that clearly shows your services, previous work and contact options.

HELP CUSTOMERS QUICKLY UNDERSTAND HOW YOU CAN HELP THEM.

#HVACContractors #HVACWebsite #HVACBusiness #ContractorWebsite #BuildFrame

🌐 BuildFrame Business Software: https://buildframe-business-software.pages.dev/
🛠️ See Our Work — Portfolio: https://myportfolio.buildframe-digitalsystem.workers.dev/
📘 Facebook: https://www.facebook.com/buildframebusinessoperatingsystem/
💬 WhatsApp: https://wa.me/639760110243
📧 Email: buildframe.digitalsystem@gmail.com

BuildFrame — Built & Tailored for Your Business.",construction/hvac-contractors.png
renovation-remodeling-012,Renovation & Remodeling,contracting,"YOUR WORK IS VISUAL. YOUR WEBSITE SHOULD SHOW IT. 🌐🏠

Renovation customers want to see what you can do before trusting you with their space.

BuildFrame can create a professional website that clearly explains your services and showcases real before-and-after projects.

DON'T JUST SAY WHAT YOU CAN DO. SHOW IT.

#RenovationContractors #RenovationWebsite #RemodelingWebsite #OnlinePortfolio #BuildFrame

🌐 BuildFrame Business Software: https://buildframe-business-software.pages.dev/
🛠️ See Our Work — Portfolio: https://myportfolio.buildframe-digitalsystem.workers.dev/
📘 Facebook: https://www.facebook.com/buildframebusinessoperatingsystem/
💬 WhatsApp: https://wa.me/639760110243
📧 Email: buildframe.digitalsystem@gmail.com

BuildFrame — Built & Tailored for Your Business.",construction/renovation-remodeling.png
handyman-property-maintenance-012,Handyman & Property Maintenance,contracting,"“WHAT KIND OF REPAIRS DO YOU HANDLE?” YOUR WEBSITE SHOULD ANSWER THAT. 🌐

Painting? Minor plumbing? Carpentry? Repairs? Routine property maintenance?

BuildFrame can create a simple professional website that explains what you do, shows your work and gives customers an easy way to contact you.

MAKE YOUR SERVICES EASY TO UNDERSTAND.

#HandymanWebsite #PropertyMaintenance #HandymanBusiness #ContractorWebsite #BuildFrame

🌐 BuildFrame Business Software: https://buildframe-business-software.pages.dev/
🛠️ See Our Work — Portfolio: https://myportfolio.buildframe-digitalsystem.workers.dev/
📘 Facebook: https://www.facebook.com/buildframebusinessoperatingsystem/
💬 WhatsApp: https://wa.me/639760110243
📧 Email: buildframe.digitalsystem@gmail.com

BuildFrame — Built & Tailored for Your Business.",construction/handyman-property-maintenance.png
tiling-flooring-contractors-012,Tiling & Flooring Contractors,contracting,"YOUR FLOORING WORK IS VISUAL. DOES YOUR WEBSITE SHOW IT? 🌐🏠

Customers want to see examples of finished floors, tile work and previous projects before making a decision.

BuildFrame can create a simple professional website that explains your services and showcases real completed work.

DON'T JUST DESCRIBE YOUR WORK. SHOW IT.

#FlooringWebsite #TilingContractors #FlooringContractors #OnlinePortfolio #BuildFrame

🌐 BuildFrame Business Software: https://buildframe-business-software.pages.dev/
🛠️ See Our Work — Portfolio: https://myportfolio.buildframe-digitalsystem.workers.dev/
📘 Facebook: https://www.facebook.com/buildframebusinessoperatingsystem/
💬 WhatsApp: https://wa.me/639760110243
📧 Email: buildframe.digitalsystem@gmail.com

BuildFrame — Built & Tailored for Your Business.",construction/tiling-flooring-contractors.png
landscaping-contractors-012,Landscaping Contractors,contracting,"YOUR LANDSCAPING WORK IS VISUAL. DOES YOUR WEBSITE SHOW IT? 🌐🌳

Customers want to see gardens, outdoor spaces and previous transformations before deciding who to contact.

BuildFrame can create a simple professional website that explains your services and showcases real completed projects.

DON'T JUST DESCRIBE YOUR WORK. SHOW IT.

#LandscapingContractors #LandscapingWebsite #LandscapePortfolio #OnlinePresence #BuildFrame

🌐 BuildFrame Business Software: https://buildframe-business-software.pages.dev/
🛠️ See Our Work — Portfolio: https://myportfolio.buildframe-digitalsystem.workers.dev/
📘 Facebook: https://www.facebook.com/buildframebusinessoperatingsystem/
💬 WhatsApp: https://wa.me/639760110243
📧 Email: buildframe.digitalsystem@gmail.com

BuildFrame — Built & Tailored for Your Business.",construction/landscaping-contractors.png
metal-fabrication-012,Metal Fabrication,contracting,"DOES YOUR WEBSITE SHOW WHAT YOU CAN ACTUALLY FABRICATE? 🌐

Gates? Railings? Structural pieces? Frames? Custom metalwork? Customers need to understand your capabilities.

BuildFrame can create a simple professional website that explains your services and showcases completed work.

DON'T JUST SAY “METAL FABRICATION.” SHOW WHAT THAT MEANS.

#MetalFabrication #FabricationWebsite #MetalContractors #OnlinePortfolio #BuildFrame

🌐 BuildFrame Business Software: https://buildframe-business-software.pages.dev/
🛠️ See Our Work — Portfolio: https://myportfolio.buildframe-digitalsystem.workers.dev/
📘 Facebook: https://www.facebook.com/buildframebusinessoperatingsystem/
💬 WhatsApp: https://wa.me/639760110243
📧 Email: buildframe.digitalsystem@gmail.com

BuildFrame — Built & Tailored for Your Business.",construction/metal-fabrication.png
glass-aluminum-contractors-012,Glass & Aluminum Contractors,contracting,"DOES YOUR WEBSITE SHOW WHAT YOU ACTUALLY MAKE AND INSTALL? 🌐

Windows? Doors? Storefronts? Partitions? Railings? Customers need to quickly understand your capabilities.

BuildFrame can create a simple professional website that explains your services and showcases completed projects.

DON'T JUST LIST SERVICES. SHOW THE FINISHED WORK.

#GlassAndAluminum #ContractorWebsite #AluminumFabrication #OnlinePortfolio #BuildFrame

🌐 BuildFrame Business Software: https://buildframe-business-software.pages.dev/
🛠️ See Our Work — Portfolio: https://myportfolio.buildframe-digitalsystem.workers.dev/
📘 Facebook: https://www.facebook.com/buildframebusinessoperatingsystem/
💬 WhatsApp: https://wa.me/639760110243
📧 Email: buildframe.digitalsystem@gmail.com

BuildFrame — Built & Tailored for Your Business.",construction/glass-aluminum-contractors.png
woodworking-carpentry-012,Woodworking & Carpentry,contracting,"YOUR WORK IS VISUAL. DOES YOUR WEBSITE SHOW WHAT YOU CAN BUILD? 🌐

Cabinets? Furniture? Doors? Fit-outs? Custom woodwork? Customers want to see examples before making a decision.

BuildFrame can create a simple professional website that explains your services and showcases completed projects.

DON'T JUST DESCRIBE YOUR CRAFT. SHOW IT.

#Woodworking #CarpentryWebsite #CustomFurniture #OnlinePortfolio #BuildFrame

🌐 BuildFrame Business Software: https://buildframe-business-software.pages.dev/
🛠️ See Our Work — Portfolio: https://myportfolio.buildframe-digitalsystem.workers.dev/
📘 Facebook: https://www.facebook.com/buildframebusinessoperatingsystem/
💬 WhatsApp: https://wa.me/639760110243
📧 Email: buildframe.digitalsystem@gmail.com

BuildFrame — Built & Tailored for Your Business.",construction/woodworking-carpentry.png
solar-installation-contractors-012,Solar Installation Contractors,contracting,"DOES YOUR WEBSITE EXPLAIN SOLAR WITHOUT CONFUSING THE CUSTOMER? 🌐🔋

Many customers are interested in solar but may not understand the equipment, process or what information is needed to get started.

BuildFrame can create a simple professional website that explains your services in clear language and shows real projects.

MAKE SOLAR EASIER FOR CUSTOMERS TO UNDERSTAND.

#SolarContractors #SolarWebsite #SolarInstallation #OnlinePresence #BuildFrame

🌐 BuildFrame Business Software: https://buildframe-business-software.pages.dev/
🛠️ See Our Work — Portfolio: https://myportfolio.buildframe-digitalsystem.workers.dev/
📘 Facebook: https://www.facebook.com/buildframebusinessoperatingsystem/
💬 WhatsApp: https://wa.me/639760110243
📧 Email: buildframe.digitalsystem@gmail.com

BuildFrame — Built & Tailored for Your Business.",construction/solar-installation-contractors.png
construction-suppliers-building-materials-012,Construction Suppliers & Building Materials,contracting,"DOES YOUR WEBSITE CLEARLY SHOW WHAT YOU SUPPLY? 🌐📦

Customers should be able to quickly understand whether you carry the materials or product categories they need.

BuildFrame can create a simple professional website showing your products, services, delivery information and contact details.

MAKE IT EASIER FOR CUSTOMERS TO KNOW WHAT YOU OFFER.

#ConstructionSuppliers #BuildingMaterials #SupplierWebsite #ConstructionBusiness #BuildFrame

🌐 BuildFrame Business Software: https://buildframe-business-software.pages.dev/
🛠️ See Our Work — Portfolio: https://myportfolio.buildframe-digitalsystem.workers.dev/
📘 Facebook: https://www.facebook.com/buildframebusinessoperatingsystem/
💬 WhatsApp: https://wa.me/639760110243
📧 Email: buildframe.digitalsystem@gmail.com

BuildFrame — Built & Tailored for Your Business.",construction/construction-suppliers-building-materials.png
aggregates-anapog-filling-materials-012,"Aggregates, Anapog & Filling Materials",contracting,"DOES YOUR WEBSITE CLEARLY SHOW WHAT MATERIALS YOU SUPPLY? 🌐🚛

Customers should be able to quickly understand whether you offer aggregates, anapog, filling materials, hauling or related services.

BuildFrame can create a simple professional website showing your materials, service areas and contact details.

MAKE IT EASY FOR CUSTOMERS TO KNOW WHAT YOU OFFER.

#Aggregates #FillingMaterials #SupplierWebsite #ConstructionSupply #BuildFrame

🌐 BuildFrame Business Software: https://buildframe-business-software.pages.dev/
🛠️ See Our Work — Portfolio: https://myportfolio.buildframe-digitalsystem.workers.dev/
📘 Facebook: https://www.facebook.com/buildframebusinessoperatingsystem/
💬 WhatsApp: https://wa.me/639760110243
📧 Email: buildframe.digitalsystem@gmail.com

BuildFrame — Built & Tailored for Your Business.",construction/aggregates-anapog-filling-materials.png
property-management-012,Property Management,contracting,"DOES YOUR WEBSITE EXPLAIN WHAT YOU ACTUALLY MANAGE? 🌐🏢

Potential clients may want to know whether you handle residential units, commercial properties, maintenance coordination or other services.

BuildFrame can create a simple professional website that clearly explains what you do and how clients can contact you.

HELP PROPERTY OWNERS UNDERSTAND HOW YOU CAN HELP.

#PropertyManagement #PropertyWebsite #RealEstateServices #OnlinePresence #BuildFrame

🌐 BuildFrame Business Software: https://buildframe-business-software.pages.dev/
🛠️ See Our Work — Portfolio: https://myportfolio.buildframe-digitalsystem.workers.dev/
📘 Facebook: https://www.facebook.com/buildframebusinessoperatingsystem/
💬 WhatsApp: https://wa.me/639760110243
📧 Email: buildframe.digitalsystem@gmail.com

BuildFrame — Built & Tailored for Your Business.",construction/property-management.png
engineering-services-012,Engineering Services,contracting,"DOES YOUR WEBSITE EXPLAIN WHAT ENGINEERING SERVICES YOU ACTUALLY PROVIDE? 🌐🏗️

Potential clients may not know whether your firm handles design, consultation, assessment, inspection or other engineering work.

BuildFrame can create a simple professional website that explains your services clearly and showcases suitable completed projects.

HELP CLIENTS UNDERSTAND HOW YOU CAN HELP.

#EngineeringServices #EngineeringWebsite #ProfessionalServices #OnlinePresence #BuildFrame

🌐 BuildFrame Business Software: https://buildframe-business-software.pages.dev/
🛠️ See Our Work — Portfolio: https://myportfolio.buildframe-digitalsystem.workers.dev/
📘 Facebook: https://www.facebook.com/buildframebusinessoperatingsystem/
💬 WhatsApp: https://wa.me/639760110243
📧 Email: buildframe.digitalsystem@gmail.com

BuildFrame — Built & Tailored for Your Business.",construction/engineering-services.png
architectural-design-services-012,Architectural & Design Services,contracting,"YOUR WORK IS VISUAL. DOES YOUR WEBSITE SHOW IT PROPERLY? 🌐🏠

Potential clients want to see the kinds of spaces, styles and projects you have worked on before contacting you.

BuildFrame can create a simple professional website that explains your services and showcases selected projects.

LET YOUR DESIGN WORK SPEAK BEFORE THE FIRST MEETING.

#ArchitecturalDesign #ArchitectureWebsite #DesignPortfolio #OnlinePresence #BuildFrame

🌐 BuildFrame Business Software: https://buildframe-business-software.pages.dev/
🛠️ See Our Work — Portfolio: https://myportfolio.buildframe-digitalsystem.workers.dev/
📘 Facebook: https://www.facebook.com/buildframebusinessoperatingsystem/
💬 WhatsApp: https://wa.me/639760110243
📧 Email: buildframe.digitalsystem@gmail.com

BuildFrame — Built & Tailored for Your Business.",construction/architectural-design-services.png
specialty-subcontractors-trade-specialists-012,Specialty Subcontractors & Trade Specialists,contracting,"DOES YOUR WEBSITE CLEARLY EXPLAIN YOUR SPECIALTY? 🌐🛠️

Potential clients should quickly understand what trade you handle, what types of projects you work on and where you can help.

BuildFrame can create a simple professional website that explains your services and showcases suitable completed work.

MAKE IT EASY TO UNDERSTAND WHAT YOU DO BEST.

#SpecialtySubcontractors #TradeContractors #ContractorWebsite #ConstructionTrades #BuildFrame

🌐 BuildFrame Business Software: https://buildframe-business-software.pages.dev/
🛠️ See Our Work — Portfolio: https://myportfolio.buildframe-digitalsystem.workers.dev/
📘 Facebook: https://www.facebook.com/buildframebusinessoperatingsystem/
💬 WhatsApp: https://wa.me/639760110243
📧 Email: buildframe.digitalsystem@gmail.com

BuildFrame — Built & Tailored for Your Business.",construction/specialty-subcontractors-trade-specialists.png
emergency-repair-construction-services-012,Emergency Repair & Construction Services,contracting,"DOES YOUR WEBSITE MAKE IT CLEAR WHAT EMERGENCIES YOU HANDLE? 🌐🔧

Potential customers need to understand quickly whether your team can help with their type of repair or construction problem.

BuildFrame can create a simple professional website that explains your services, service area and contact options clearly.

MAKE IT EASY FOR CUSTOMERS TO KNOW WHEN TO CALL YOU.

#EmergencyRepair #RepairWebsite #ConstructionBusiness #UrgentRepairs #BuildFrame

🌐 BuildFrame Business Software: https://buildframe-business-software.pages.dev/
🛠️ See Our Work — Portfolio: https://myportfolio.buildframe-digitalsystem.workers.dev/
📘 Facebook: https://www.facebook.com/buildframebusinessoperatingsystem/
💬 WhatsApp: https://wa.me/639760110243
📧 Email: buildframe.digitalsystem@gmail.com

BuildFrame — Built & Tailored for Your Business.",construction/emergency-repair-construction-services.png
general-contractors-013,General Contractors,contracting,"PEOPLE SEE YOUR WORK — BUT DO THEY KNOW HOW TO ASK FOR A QUOTE? 📩

Interested customers should not have to search for your phone number or wonder what information to send.

BuildFrame can create simple inquiry pages and forms that help customers tell you what they need and make it easier for your team to respond.

MAKE THE NEXT STEP EASY FOR YOUR CUSTOMER.

#GeneralContractors #CustomerInquiries #ConstructionLeads #ContractorBusiness #BuildFrame

🌐 BuildFrame Business Software: https://buildframe-business-software.pages.dev/
🛠️ See Our Work — Portfolio: https://myportfolio.buildframe-digitalsystem.workers.dev/
📘 Facebook: https://www.facebook.com/buildframebusinessoperatingsystem/
💬 WhatsApp: https://wa.me/639760110243
📧 Email: buildframe.digitalsystem@gmail.com

BuildFrame — Built & Tailored for Your Business.",construction/general-contractors.png
roofing-contractors-013,Roofing Contractors,contracting,"A CUSTOMER HAS A LEAK. HOW FAST CAN THEY REACH YOU? 📩

Someone needing roof repair may not want to search through several pages just to find a phone number.

BuildFrame can create simple inquiry forms and contact pages where customers can explain the problem, share their details and request help.

MAKE IT EASY FOR PEOPLE TO ASK FOR YOUR SERVICE.

#RoofingContractors #RoofRepair #CustomerInquiries #RoofingLeads #BuildFrame

🌐 BuildFrame Business Software: https://buildframe-business-software.pages.dev/
🛠️ See Our Work — Portfolio: https://myportfolio.buildframe-digitalsystem.workers.dev/
📘 Facebook: https://www.facebook.com/buildframebusinessoperatingsystem/
💬 WhatsApp: https://wa.me/639760110243
📧 Email: buildframe.digitalsystem@gmail.com

BuildFrame — Built & Tailored for Your Business.",construction/roofing-contractors.png
electrical-contractors-013,Electrical Contractors,contracting,"CUSTOMER NEEDS ELECTRICAL WORK. WHAT'S THEIR NEXT STEP? 📩

Interested customers should have an easy way to explain what they need without guessing what information to send.

BuildFrame can create a simple inquiry form where customers can give their contact details, describe the job and request a call or quotation.

MAKE ASKING FOR YOUR SERVICE SIMPLE.

#ElectricalContractors #ElectricalInquiries #ElectricalServices #CustomerInquiry #BuildFrame

🌐 BuildFrame Business Software: https://buildframe-business-software.pages.dev/
🛠️ See Our Work — Portfolio: https://myportfolio.buildframe-digitalsystem.workers.dev/
📘 Facebook: https://www.facebook.com/buildframebusinessoperatingsystem/
💬 WhatsApp: https://wa.me/639760110243
📧 Email: buildframe.digitalsystem@gmail.com

BuildFrame — Built & Tailored for Your Business.",construction/electrical-contractors.png
plumbing-contractors-013,Plumbing Contractors,contracting,"THERE'S WATER ON THE FLOOR. HOW QUICKLY CAN THE CUSTOMER REACH YOU? 📩💧

A customer with an urgent plumbing problem shouldn't have to search everywhere just to ask for help.

BuildFrame can create simple contact and inquiry forms where customers can describe the problem and send their details.

MAKE ASKING FOR YOUR SERVICE SIMPLE.

#PlumbingContractors #PlumbingInquiry #EmergencyPlumber #PlumbingLeads #BuildFrame

🌐 BuildFrame Business Software: https://buildframe-business-software.pages.dev/
🛠️ See Our Work — Portfolio: https://myportfolio.buildframe-digitalsystem.workers.dev/
📘 Facebook: https://www.facebook.com/buildframebusinessoperatingsystem/
💬 WhatsApp: https://wa.me/639760110243
📧 Email: buildframe.digitalsystem@gmail.com

BuildFrame — Built & Tailored for Your Business.",construction/plumbing-contractors.png
hvac-contractors-013,HVAC Contractors,contracting,"THE AIR-CON STOPPED WORKING. HOW EASY IS IT TO ASK FOR HELP? 📩

A customer shouldn't have to search through several pages just to request service.

BuildFrame can create a simple inquiry form where customers can send their contact details, location, type of service needed and basic unit information.

MAKE REQUESTING SERVICE SIMPLE.

#HVACContractors #HVACInquiry #AirConditioningRepair #HVACLeads #BuildFrame

🌐 BuildFrame Business Software: https://buildframe-business-software.pages.dev/
🛠️ See Our Work — Portfolio: https://myportfolio.buildframe-digitalsystem.workers.dev/
📘 Facebook: https://www.facebook.com/buildframebusinessoperatingsystem/
💬 WhatsApp: https://wa.me/639760110243
📧 Email: buildframe.digitalsystem@gmail.com

BuildFrame — Built & Tailored for Your Business.",construction/hvac-contractors.png
renovation-remodeling-013,Renovation & Remodeling,contracting,"“I WANT TO RENOVATE MY KITCHEN.” WHAT HAPPENS NEXT? 📩

Interested customers should have an easy way to tell you what space they want improved, where they are located and how to contact them.

BuildFrame can create simple inquiry forms that collect the basic details you need before the first conversation.

MAKE THE FIRST STEP EASY.

#RenovationContractors #RenovationInquiry #RemodelingLeads #CustomerInquiry #BuildFrame

🌐 BuildFrame Business Software: https://buildframe-business-software.pages.dev/
🛠️ See Our Work — Portfolio: https://myportfolio.buildframe-digitalsystem.workers.dev/
📘 Facebook: https://www.facebook.com/buildframebusinessoperatingsystem/
💬 WhatsApp: https://wa.me/639760110243
📧 Email: buildframe.digitalsystem@gmail.com

BuildFrame — Built & Tailored for Your Business.",construction/renovation-remodeling.png
handyman-property-maintenance-013,Handyman & Property Maintenance,contracting,"SOMETHING BROKE. HOW EASY IS IT FOR THE CUSTOMER TO REPORT IT? 📩

Customers should have a simple way to tell you what needs attention, where the property is and how to reach them.

BuildFrame can create an easy inquiry or repair-request form that collects the basic information you need.

MAKE REQUESTING A REPAIR SIMPLE.

#HandymanServices #RepairRequest #PropertyMaintenance #CustomerInquiry #BuildFrame

🌐 BuildFrame Business Software: https://buildframe-business-software.pages.dev/
🛠️ See Our Work — Portfolio: https://myportfolio.buildframe-digitalsystem.workers.dev/
📘 Facebook: https://www.facebook.com/buildframebusinessoperatingsystem/
💬 WhatsApp: https://wa.me/639760110243
📧 Email: buildframe.digitalsystem@gmail.com

BuildFrame — Built & Tailored for Your Business.",construction/handyman-property-maintenance.png
tiling-flooring-contractors-013,Tiling & Flooring Contractors,contracting,"“I NEED NEW FLOORING.” WHAT SHOULD THE CUSTOMER DO NEXT? 📩

An interested customer should have an easy way to tell you the location, approximate area, type of work and how to contact them.

BuildFrame can create a simple inquiry form that collects the basic information you need before discussing the project.

MAKE THE FIRST STEP EASY.

#FlooringContractors #TilingContractors #CustomerInquiry #FlooringLeads #BuildFrame

🌐 BuildFrame Business Software: https://buildframe-business-software.pages.dev/
🛠️ See Our Work — Portfolio: https://myportfolio.buildframe-digitalsystem.workers.dev/
📘 Facebook: https://www.facebook.com/buildframebusinessoperatingsystem/
💬 WhatsApp: https://wa.me/639760110243
📧 Email: buildframe.digitalsystem@gmail.com

BuildFrame — Built & Tailored for Your Business.",construction/tiling-flooring-contractors.png
landscaping-contractors-013,Landscaping Contractors,contracting,"“I WANT TO IMPROVE MY YARD.” WHAT SHOULD THE CUSTOMER DO NEXT? 📩🌱

Interested customers should have an easy way to tell you where the property is, what they want done and how you can contact them.

BuildFrame can create a simple inquiry form that collects the basic information you need before discussing the project.

MAKE THE FIRST STEP EASY.

#LandscapingContractors #LandscapeInquiry #CustomerInquiry #LandscapingLeads #BuildFrame

🌐 BuildFrame Business Software: https://buildframe-business-software.pages.dev/
🛠️ See Our Work — Portfolio: https://myportfolio.buildframe-digitalsystem.workers.dev/
📘 Facebook: https://www.facebook.com/buildframebusinessoperatingsystem/
💬 WhatsApp: https://wa.me/639760110243
📧 Email: buildframe.digitalsystem@gmail.com

BuildFrame — Built & Tailored for Your Business.",construction/landscaping-contractors.png
metal-fabrication-013,Metal Fabrication,contracting,"“CAN YOU FABRICATE THIS?” WHAT SHOULD THE CUSTOMER SEND YOU? 📩

A useful inquiry may need dimensions, location, photos, drawings or a description of the required work.

BuildFrame can create a simple inquiry form that helps customers send the basic information you need.

MAKE THE FIRST CONVERSATION MORE USEFUL.

#MetalFabrication #FabricationInquiry #CustomerInquiry #MetalWorks #BuildFrame

🌐 BuildFrame Business Software: https://buildframe-business-software.pages.dev/
🛠️ See Our Work — Portfolio: https://myportfolio.buildframe-digitalsystem.workers.dev/
📘 Facebook: https://www.facebook.com/buildframebusinessoperatingsystem/
💬 WhatsApp: https://wa.me/639760110243
📧 Email: buildframe.digitalsystem@gmail.com

BuildFrame — Built & Tailored for Your Business.",construction/metal-fabrication.png
glass-aluminum-contractors-013,Glass & Aluminum Contractors,contracting,"“CAN YOU MAKE THIS WINDOW?” WHAT INFORMATION DO YOU NEED FIRST? 📩

A useful inquiry may need location, dimensions, photos, quantity or a description of the required glass and aluminum work.

BuildFrame can create a simple inquiry form that helps customers send the basic information you need.

MAKE THE FIRST CONVERSATION MORE USEFUL.

#GlassContractors #AluminumContractors #CustomerInquiry #ContractorLeads #BuildFrame

🌐 BuildFrame Business Software: https://buildframe-business-software.pages.dev/
🛠️ See Our Work — Portfolio: https://myportfolio.buildframe-digitalsystem.workers.dev/
📘 Facebook: https://www.facebook.com/buildframebusinessoperatingsystem/
💬 WhatsApp: https://wa.me/639760110243
📧 Email: buildframe.digitalsystem@gmail.com

BuildFrame — Built & Tailored for Your Business.",construction/glass-aluminum-contractors.png
woodworking-carpentry-013,Woodworking & Carpentry,contracting,"“CAN YOU BUILD THIS?” WHAT INFORMATION DO YOU NEED FIRST? 📩

A useful inquiry may need dimensions, location, photos, inspiration images or a description of the required woodwork.

BuildFrame can create a simple inquiry form that helps customers send the basic information you need.

MAKE THE FIRST CONVERSATION MORE USEFUL.

#CarpentryContractors #Woodworking #CustomerInquiry #CarpentryLeads #BuildFrame

🌐 BuildFrame Business Software: https://buildframe-business-software.pages.dev/
🛠️ See Our Work — Portfolio: https://myportfolio.buildframe-digitalsystem.workers.dev/
📘 Facebook: https://www.facebook.com/buildframebusinessoperatingsystem/
💬 WhatsApp: https://wa.me/639760110243
📧 Email: buildframe.digitalsystem@gmail.com

BuildFrame — Built & Tailored for Your Business.",construction/woodworking-carpentry.png
solar-installation-contractors-013,Solar Installation Contractors,contracting,"“I'M INTERESTED IN SOLAR.” WHAT SHOULD THE CUSTOMER DO NEXT? 📩☀️

A potential customer should have an easy way to provide their location, contact details and basic information about the property.

BuildFrame can create a simple inquiry form that collects the details you need before the next conversation or site assessment.

MAKE THE FIRST STEP SIMPLE.

#SolarContractors #SolarInquiry #CustomerInquiry #SolarLeads #BuildFrame

🌐 BuildFrame Business Software: https://buildframe-business-software.pages.dev/
🛠️ See Our Work — Portfolio: https://myportfolio.buildframe-digitalsystem.workers.dev/
📘 Facebook: https://www.facebook.com/buildframebusinessoperatingsystem/
💬 WhatsApp: https://wa.me/639760110243
📧 Email: buildframe.digitalsystem@gmail.com

BuildFrame — Built & Tailored for Your Business.",construction/solar-installation-contractors.png
construction-suppliers-building-materials-013,Construction Suppliers & Building Materials,contracting,"“DO YOU HAVE THIS MATERIAL?” MAKE IT EASY TO ASK. 📩🧱

Customers may need to send material names, quantities, specifications and delivery locations before you can respond properly.

BuildFrame can create a simple inquiry form that helps customers send the basic information your team needs.

MAKE THE FIRST INQUIRY MORE USEFUL.

#ConstructionSuppliers #MaterialInquiry #BuildingMaterials #CustomerInquiry #BuildFrame

🌐 BuildFrame Business Software: https://buildframe-business-software.pages.dev/
🛠️ See Our Work — Portfolio: https://myportfolio.buildframe-digitalsystem.workers.dev/
📘 Facebook: https://www.facebook.com/buildframebusinessoperatingsystem/
💬 WhatsApp: https://wa.me/639760110243
📧 Email: buildframe.digitalsystem@gmail.com

BuildFrame — Built & Tailored for Your Business.",construction/construction-suppliers-building-materials.png
aggregates-anapog-filling-materials-013,"Aggregates, Anapog & Filling Materials",contracting,"“HOW MUCH FOR THIS MANY LOADS?” MAKE IT EASY TO ASK. 📩🪨

A useful inquiry may need material type, estimated quantity, project location and preferred delivery schedule.

BuildFrame can create a simple inquiry form that helps customers send the basic information your team needs.

MAKE THE FIRST INQUIRY MORE USEFUL.

#Aggregates #Anapog #CustomerInquiry #MaterialSupply #BuildFrame

🌐 BuildFrame Business Software: https://buildframe-business-software.pages.dev/
🛠️ See Our Work — Portfolio: https://myportfolio.buildframe-digitalsystem.workers.dev/
📘 Facebook: https://www.facebook.com/buildframebusinessoperatingsystem/
💬 WhatsApp: https://wa.me/639760110243
📧 Email: buildframe.digitalsystem@gmail.com

BuildFrame — Built & Tailored for Your Business.",construction/aggregates-anapog-filling-materials.png
property-management-013,Property Management,contracting,"“I NEED SOMEONE TO MANAGE MY PROPERTY.” WHAT SHOULD HAPPEN NEXT? 📩

A useful inquiry may need the property type, location, number of units and a short description of the help required.

BuildFrame can create a simple inquiry form that helps potential clients send the basic information your team needs.

MAKE THE FIRST STEP EASY.

#PropertyManagement #PropertyInquiry #ClientInquiry #RealEstateServices #BuildFrame

🌐 BuildFrame Business Software: https://buildframe-business-software.pages.dev/
🛠️ See Our Work — Portfolio: https://myportfolio.buildframe-digitalsystem.workers.dev/
📘 Facebook: https://www.facebook.com/buildframebusinessoperatingsystem/
💬 WhatsApp: https://wa.me/639760110243
📧 Email: buildframe.digitalsystem@gmail.com

BuildFrame — Built & Tailored for Your Business.",construction/property-management.png
engineering-services-013,Engineering Services,contracting,"“WE NEED AN ENGINEER.” WHAT SHOULD THE CLIENT DO NEXT? 📩📐

A useful first inquiry may need the project type, location, current stage and a short description of what assistance is needed.

BuildFrame can create a simple inquiry form that helps clients send the basic information your team needs.

MAKE THE FIRST STEP SIMPLE AND PROFESSIONAL.

#EngineeringServices #EngineeringInquiry #ClientInquiry #ProfessionalServices #BuildFrame

🌐 BuildFrame Business Software: https://buildframe-business-software.pages.dev/
🛠️ See Our Work — Portfolio: https://myportfolio.buildframe-digitalsystem.workers.dev/
📘 Facebook: https://www.facebook.com/buildframebusinessoperatingsystem/
💬 WhatsApp: https://wa.me/639760110243
📧 Email: buildframe.digitalsystem@gmail.com

BuildFrame — Built & Tailored for Your Business.",construction/engineering-services.png
architectural-design-services-013,Architectural & Design Services,contracting,"“WE HAVE A PROJECT IDEA.” WHAT SHOULD THE CLIENT DO NEXT? 📩📐

A useful first inquiry may need the project type, location, approximate scope and a short description of what the client wants to achieve.

BuildFrame can create a simple inquiry form that helps clients send the basic information your team needs.

MAKE THE FIRST STEP SIMPLE AND PROFESSIONAL.

#ArchitecturalServices #DesignInquiry #ClientInquiry #ArchitectureBusiness #BuildFrame

🌐 BuildFrame Business Software: https://buildframe-business-software.pages.dev/
🛠️ See Our Work — Portfolio: https://myportfolio.buildframe-digitalsystem.workers.dev/
📘 Facebook: https://www.facebook.com/buildframebusinessoperatingsystem/
💬 WhatsApp: https://wa.me/639760110243
📧 Email: buildframe.digitalsystem@gmail.com

BuildFrame — Built & Tailored for Your Business.",construction/architectural-design-services.png
specialty-subcontractors-trade-specialists-013,Specialty Subcontractors & Trade Specialists,contracting,"“WE NEED A SPECIALIST FOR THIS PROJECT.” WHAT SHOULD HAPPEN NEXT? 📩🏗️

A useful inquiry may need the project location, scope, schedule, drawings or a short description of the required work.

BuildFrame can create a simple inquiry form that helps potential clients send the basic information your team needs.

MAKE THE FIRST PROJECT INQUIRY MORE USEFUL.

#SpecialtySubcontractors #TradeSpecialists #ProjectInquiry #ContractorLeads #BuildFrame

🌐 BuildFrame Business Software: https://buildframe-business-software.pages.dev/
🛠️ See Our Work — Portfolio: https://myportfolio.buildframe-digitalsystem.workers.dev/
📘 Facebook: https://www.facebook.com/buildframebusinessoperatingsystem/
💬 WhatsApp: https://wa.me/639760110243
📧 Email: buildframe.digitalsystem@gmail.com

BuildFrame — Built & Tailored for Your Business.",construction/specialty-subcontractors-trade-specialists.png
emergency-repair-construction-services-013,Emergency Repair & Construction Services,contracting,"“I NEED AN URGENT REPAIR.” WHAT INFORMATION DO YOU NEED? 📩🚨

The address, contact number, type of problem and a photo can help your team understand the situation before responding.

BuildFrame can create a simple inquiry form that helps customers send useful information without making the process complicated.

MAKE THE FIRST EMERGENCY INQUIRY MORE USEFUL.

#EmergencyRepair #RepairInquiry #ServiceRequest #ConstructionServices #BuildFrame

🌐 BuildFrame Business Software: https://buildframe-business-software.pages.dev/
🛠️ See Our Work — Portfolio: https://myportfolio.buildframe-digitalsystem.workers.dev/
📘 Facebook: https://www.facebook.com/buildframebusinessoperatingsystem/
💬 WhatsApp: https://wa.me/639760110243
📧 Email: buildframe.digitalsystem@gmail.com

BuildFrame — Built & Tailored for Your Business.",construction/emergency-repair-construction-services.png
general-contractors-014,General Contractors,contracting,"HOW MANY CUSTOMER INQUIRIES ARE HIDING IN OLD MESSAGES? 💬

Facebook, WhatsApp, email and phone inquiries can become difficult to remember when business gets busy.

BuildFrame can help keep customer names, inquiries, conversations and follow-ups in one place, so you can see who needs a reply. Some people call this a CRM — we simply call it keeping your customers organized.

DON'T LET A GOOD INQUIRY GET FORGOTTEN.

#GeneralContractors #CustomerFollowUp #ConstructionInquiries #CRM #BuildFrame

🌐 BuildFrame Business Software: https://buildframe-business-software.pages.dev/
🛠️ See Our Work — Portfolio: https://myportfolio.buildframe-digitalsystem.workers.dev/
📘 Facebook: https://www.facebook.com/buildframebusinessoperatingsystem/
💬 WhatsApp: https://wa.me/639760110243
📧 Email: buildframe.digitalsystem@gmail.com

BuildFrame — Built & Tailored for Your Business.",construction/general-contractors.png
roofing-contractors-014,Roofing Contractors,contracting,"HOW MANY ROOFING INQUIRIES ARE SITTING IN OLD MESSAGES? 💬

One customer writes on Facebook. Another uses WhatsApp. Someone else emails or calls.

BuildFrame can help keep customer names, inquiries and follow-ups in one place so you know who needs a reply. This is what a customer management system, often called a CRM, is meant to do.

KEEP THE CUSTOMER INFORMATION SIMPLE AND ORGANIZED.

#RoofingContractors #RoofingInquiries #CustomerManagement #CRM #BuildFrame

🌐 BuildFrame Business Software: https://buildframe-business-software.pages.dev/
🛠️ See Our Work — Portfolio: https://myportfolio.buildframe-digitalsystem.workers.dev/
📘 Facebook: https://www.facebook.com/buildframebusinessoperatingsystem/
💬 WhatsApp: https://wa.me/639760110243
📧 Email: buildframe.digitalsystem@gmail.com

BuildFrame — Built & Tailored for Your Business.",construction/roofing-contractors.png
electrical-contractors-014,Electrical Contractors,contracting,"FACEBOOK MESSAGE. WHATSAPP. EMAIL. PHONE CALL. WHO STILL NEEDS A REPLY? 💬

Customer inquiries can arrive from many places and become difficult to remember when work gets busy.

BuildFrame can help keep customer names, inquiries and follow-ups in one place. Some call this a CRM — simply put, it helps you remember your customers and what needs to happen next.

DON'T LET A GOOD INQUIRY GET LOST.

#ElectricalContractors #CustomerManagement #ElectricalInquiries #CRM #BuildFrame

🌐 BuildFrame Business Software: https://buildframe-business-software.pages.dev/
🛠️ See Our Work — Portfolio: https://myportfolio.buildframe-digitalsystem.workers.dev/
📘 Facebook: https://www.facebook.com/buildframebusinessoperatingsystem/
💬 WhatsApp: https://wa.me/639760110243
📧 Email: buildframe.digitalsystem@gmail.com

BuildFrame — Built & Tailored for Your Business.",construction/electrical-contractors.png
plumbing-contractors-014,Plumbing Contractors,contracting,"FACEBOOK. WHATSAPP. EMAIL. PHONE CALLS. WHO STILL NEEDS A REPLY? 💬

Plumbing inquiries can arrive from many places and become easy to forget on a busy day.

BuildFrame can help keep customer names, inquiries and follow-ups in one place. Some call this a CRM — simply put, it helps you remember who contacted you and what needs to happen next.

DON'T LET A CUSTOMER GET LOST IN OLD MESSAGES.

#PlumbingContractors #CustomerManagement #PlumbingInquiries #CRM #BuildFrame

🌐 BuildFrame Business Software: https://buildframe-business-software.pages.dev/
🛠️ See Our Work — Portfolio: https://myportfolio.buildframe-digitalsystem.workers.dev/
📘 Facebook: https://www.facebook.com/buildframebusinessoperatingsystem/
💬 WhatsApp: https://wa.me/639760110243
📧 Email: buildframe.digitalsystem@gmail.com

BuildFrame — Built & Tailored for Your Business.",construction/plumbing-contractors.png
hvac-contractors-014,HVAC Contractors,contracting,"FACEBOOK MESSAGE. WHATSAPP. EMAIL. PHONE CALL. WHO STILL NEEDS A REPLY? 💬

HVAC inquiries can come from many places, especially during busy seasons.

BuildFrame can help keep customer names, inquiries and follow-ups in one place. Some call this a CRM — in simple terms, it helps you remember who contacted you and what needs to happen next.

DON'T LET A GOOD CUSTOMER INQUIRY GET LOST.

#HVACContractors #CustomerManagement #HVACInquiries #CRM #BuildFrame

🌐 BuildFrame Business Software: https://buildframe-business-software.pages.dev/
🛠️ See Our Work — Portfolio: https://myportfolio.buildframe-digitalsystem.workers.dev/
📘 Facebook: https://www.facebook.com/buildframebusinessoperatingsystem/
💬 WhatsApp: https://wa.me/639760110243
📧 Email: buildframe.digitalsystem@gmail.com

BuildFrame — Built & Tailored for Your Business.",construction/hvac-contractors.png
renovation-remodeling-014,Renovation & Remodeling,contracting,"MESSENGER. WHATSAPP. EMAIL. PHONE. WHO ASKED ABOUT WHAT? 💬

Renovation inquiries can involve many details, and it's easy to forget a conversation when several customers contact you.

BuildFrame can help keep customer names, inquiries and follow-ups in one place. Some call this a CRM — simply put, it helps you remember each customer and what needs to happen next.

KEEP CUSTOMER CONVERSATIONS ORGANIZED.

#RenovationContractors #CustomerManagement #RenovationInquiries #CRM #BuildFrame

🌐 BuildFrame Business Software: https://buildframe-business-software.pages.dev/
🛠️ See Our Work — Portfolio: https://myportfolio.buildframe-digitalsystem.workers.dev/
📘 Facebook: https://www.facebook.com/buildframebusinessoperatingsystem/
💬 WhatsApp: https://wa.me/639760110243
📧 Email: buildframe.digitalsystem@gmail.com

BuildFrame — Built & Tailored for Your Business.",construction/renovation-remodeling.png
handyman-property-maintenance-014,Handyman & Property Maintenance,contracting,"MESSENGER. WHATSAPP. EMAIL. PHONE. WHICH CUSTOMER STILL NEEDS A REPLY? 💬

Small repair inquiries can arrive all day and become easy to forget while you're working.

BuildFrame can help keep customer names, requests and follow-ups in one place. Some call this a CRM — simply put, it helps you remember who contacted you and what needs to happen next.

DON'T LET A SMALL JOB GET LOST IN OLD MESSAGES.

#HandymanBusiness #CustomerManagement #PropertyMaintenance #CRM #BuildFrame

🌐 BuildFrame Business Software: https://buildframe-business-software.pages.dev/
🛠️ See Our Work — Portfolio: https://myportfolio.buildframe-digitalsystem.workers.dev/
📘 Facebook: https://www.facebook.com/buildframebusinessoperatingsystem/
💬 WhatsApp: https://wa.me/639760110243
📧 Email: buildframe.digitalsystem@gmail.com

BuildFrame — Built & Tailored for Your Business.",construction/handyman-property-maintenance.png
tiling-flooring-contractors-014,Tiling & Flooring Contractors,contracting,"FACEBOOK. WHATSAPP. EMAIL. PHONE. WHO ASKED FOR A FLOORING QUOTE? 💬

Customer inquiries can become difficult to remember when they arrive through different places.

BuildFrame can help keep customer names, inquiries and follow-ups in one place. Some call this a CRM — simply put, it helps you remember who contacted you and what needs to happen next.

DON'T LET A GOOD PROJECT GET LOST IN OLD MESSAGES.

#FlooringContractors #CustomerManagement #TilingBusiness #CRM #BuildFrame

🌐 BuildFrame Business Software: https://buildframe-business-software.pages.dev/
🛠️ See Our Work — Portfolio: https://myportfolio.buildframe-digitalsystem.workers.dev/
📘 Facebook: https://www.facebook.com/buildframebusinessoperatingsystem/
💬 WhatsApp: https://wa.me/639760110243
📧 Email: buildframe.digitalsystem@gmail.com

BuildFrame — Built & Tailored for Your Business.",construction/tiling-flooring-contractors.png
landscaping-contractors-014,Landscaping Contractors,contracting,"FACEBOOK. WHATSAPP. EMAIL. PHONE. WHO ASKED ABOUT LANDSCAPING? 💬

Customer inquiries can become difficult to remember when they arrive through different places.

BuildFrame can help keep customer names, inquiries and follow-ups in one place. Some call this a CRM — simply put, it helps you remember who contacted you and what needs to happen next.

DON'T LET A GOOD PROJECT GET LOST IN OLD MESSAGES.

#LandscapingContractors #CustomerManagement #LandscapeInquiries #CRM #BuildFrame

🌐 BuildFrame Business Software: https://buildframe-business-software.pages.dev/
🛠️ See Our Work — Portfolio: https://myportfolio.buildframe-digitalsystem.workers.dev/
📘 Facebook: https://www.facebook.com/buildframebusinessoperatingsystem/
💬 WhatsApp: https://wa.me/639760110243
📧 Email: buildframe.digitalsystem@gmail.com

BuildFrame — Built & Tailored for Your Business.",construction/landscaping-contractors.png
metal-fabrication-014,Metal Fabrication,contracting,"MESSENGER. WHATSAPP. EMAIL. PHONE. WHO ASKED FOR A QUOTE? 💬

Fabrication inquiries can include many details and become difficult to remember when they arrive through different places.

BuildFrame can help keep customer names, inquiries and follow-ups in one place. Some call this a CRM — simply put, it helps you remember who contacted you and what needs to happen next.

DON'T LET A GOOD JOB GET LOST IN OLD MESSAGES.

#MetalFabrication #CustomerManagement #FabricationBusiness #CRM #BuildFrame

🌐 BuildFrame Business Software: https://buildframe-business-software.pages.dev/
🛠️ See Our Work — Portfolio: https://myportfolio.buildframe-digitalsystem.workers.dev/
📘 Facebook: https://www.facebook.com/buildframebusinessoperatingsystem/
💬 WhatsApp: https://wa.me/639760110243
📧 Email: buildframe.digitalsystem@gmail.com

BuildFrame — Built & Tailored for Your Business.",construction/metal-fabrication.png
glass-aluminum-contractors-014,Glass & Aluminum Contractors,contracting,"MESSENGER. WHATSAPP. EMAIL. PHONE. WHO ASKED FOR A QUOTE? 💬

Glass and aluminum inquiries can include many measurements and details, making conversations easy to lose when they arrive through different places.

BuildFrame can help keep customer names, inquiries and follow-ups in one place. Some call this a CRM — simply put, it helps you remember who contacted you and what needs to happen next.

DON'T LET A GOOD PROJECT GET LOST IN OLD MESSAGES.

#GlassAndAluminum #CustomerManagement #ContractorBusiness #CRM #BuildFrame

🌐 BuildFrame Business Software: https://buildframe-business-software.pages.dev/
🛠️ See Our Work — Portfolio: https://myportfolio.buildframe-digitalsystem.workers.dev/
📘 Facebook: https://www.facebook.com/buildframebusinessoperatingsystem/
💬 WhatsApp: https://wa.me/639760110243
📧 Email: buildframe.digitalsystem@gmail.com

BuildFrame — Built & Tailored for Your Business.",construction/glass-aluminum-contractors.png
woodworking-carpentry-014,Woodworking & Carpentry,contracting,"MESSENGER. WHATSAPP. EMAIL. PHONE. WHO ASKED FOR CUSTOM WOODWORK? 💬

Carpentry inquiries can include many measurements and details, making conversations easy to lose when they arrive through different places.

BuildFrame can help keep customer names, inquiries and follow-ups in one place. Some call this a CRM — simply put, it helps you remember who contacted you and what needs to happen next.

DON'T LET A GOOD PROJECT GET LOST IN OLD MESSAGES.

#Woodworking #CustomerManagement #CarpentryBusiness #CRM #BuildFrame

🌐 BuildFrame Business Software: https://buildframe-business-software.pages.dev/
🛠️ See Our Work — Portfolio: https://myportfolio.buildframe-digitalsystem.workers.dev/
📘 Facebook: https://www.facebook.com/buildframebusinessoperatingsystem/
💬 WhatsApp: https://wa.me/639760110243
📧 Email: buildframe.digitalsystem@gmail.com

BuildFrame — Built & Tailored for Your Business.",construction/woodworking-carpentry.png
solar-installation-contractors-014,Solar Installation Contractors,contracting,"FACEBOOK. WHATSAPP. EMAIL. PHONE. WHO ASKED ABOUT SOLAR? 💬

Solar inquiries may involve questions, site details and follow-ups that become difficult to remember when conversations are scattered.

BuildFrame can help keep customer names, inquiries and follow-ups in one place. Some call this a CRM — simply put, it helps you remember who contacted you and what needs to happen next.

DON'T LET A GOOD SOLAR INQUIRY GET LOST.

#SolarContractors #CustomerManagement #SolarInquiries #CRM #BuildFrame

🌐 BuildFrame Business Software: https://buildframe-business-software.pages.dev/
🛠️ See Our Work — Portfolio: https://myportfolio.buildframe-digitalsystem.workers.dev/
📘 Facebook: https://www.facebook.com/buildframebusinessoperatingsystem/
💬 WhatsApp: https://wa.me/639760110243
📧 Email: buildframe.digitalsystem@gmail.com

BuildFrame — Built & Tailored for Your Business.",construction/solar-installation-contractors.png
construction-suppliers-building-materials-014,Construction Suppliers & Building Materials,contracting,"MESSENGER. WHATSAPP. EMAIL. PHONE. WHO ASKED FOR MATERIALS? 💬

Supplier inquiries can arrive from many places and become difficult to remember when your team is busy.

BuildFrame can help keep customer names, inquiries and follow-ups in one place. Some call this a CRM — simply put, it helps you remember who contacted you and what needs to happen next.

DON'T LET A GOOD CUSTOMER INQUIRY GET LOST.

#ConstructionSuppliers #CustomerManagement #BuildingMaterials #CRM #BuildFrame

🌐 BuildFrame Business Software: https://buildframe-business-software.pages.dev/
🛠️ See Our Work — Portfolio: https://myportfolio.buildframe-digitalsystem.workers.dev/
📘 Facebook: https://www.facebook.com/buildframebusinessoperatingsystem/
💬 WhatsApp: https://wa.me/639760110243
📧 Email: buildframe.digitalsystem@gmail.com

BuildFrame — Built & Tailored for Your Business.",construction/construction-suppliers-building-materials.png
aggregates-anapog-filling-materials-014,"Aggregates, Anapog & Filling Materials",contracting,"MESSENGER. WHATSAPP. PHONE. WHO ASKED FOR MATERIALS? 💬

Customer inquiries can become difficult to remember when they arrive through different places.

BuildFrame can help keep customer names, inquiries and follow-ups in one place. Some call this a CRM — simply put, it helps you remember who contacted you and what needs to happen next.

DON'T LET A GOOD ORDER GET LOST IN OLD MESSAGES.

#Aggregates #CustomerManagement #FillingMaterials #CRM #BuildFrame

🌐 BuildFrame Business Software: https://buildframe-business-software.pages.dev/
🛠️ See Our Work — Portfolio: https://myportfolio.buildframe-digitalsystem.workers.dev/
📘 Facebook: https://www.facebook.com/buildframebusinessoperatingsystem/
💬 WhatsApp: https://wa.me/639760110243
📧 Email: buildframe.digitalsystem@gmail.com

BuildFrame — Built & Tailored for Your Business.",construction/aggregates-anapog-filling-materials.png
property-management-014,Property Management,contracting,"EMAIL. WHATSAPP. MESSENGER. PHONE. WHO ASKED ABOUT PROPERTY MANAGEMENT? 💬

Client inquiries can become difficult to remember when conversations are scattered across different places.

BuildFrame can help keep client names, inquiries and follow-ups in one place. Some call this a CRM — simply put, it helps you remember who contacted you and what needs to happen next.

DON'T LET A GOOD CLIENT INQUIRY GET LOST.

#PropertyManagement #ClientManagement #PropertyBusiness #CRM #BuildFrame

🌐 BuildFrame Business Software: https://buildframe-business-software.pages.dev/
🛠️ See Our Work — Portfolio: https://myportfolio.buildframe-digitalsystem.workers.dev/
📘 Facebook: https://www.facebook.com/buildframebusinessoperatingsystem/
💬 WhatsApp: https://wa.me/639760110243
📧 Email: buildframe.digitalsystem@gmail.com

BuildFrame — Built & Tailored for Your Business.",construction/property-management.png
engineering-services-014,Engineering Services,contracting,"EMAIL. WHATSAPP. MESSENGER. PHONE. WHO ASKED ABOUT A PROJECT? 💬

Engineering inquiries can involve several conversations and project details that become difficult to track when scattered.

BuildFrame can help keep client names, inquiries and follow-ups in one place. Some call this a CRM — simply put, it helps you remember who contacted you and what needs to happen next.

DON'T LET A GOOD PROJECT INQUIRY GET LOST.

#EngineeringServices #ClientManagement #EngineeringBusiness #CRM #BuildFrame

🌐 BuildFrame Business Software: https://buildframe-business-software.pages.dev/
🛠️ See Our Work — Portfolio: https://myportfolio.buildframe-digitalsystem.workers.dev/
📘 Facebook: https://www.facebook.com/buildframebusinessoperatingsystem/
💬 WhatsApp: https://wa.me/639760110243
📧 Email: buildframe.digitalsystem@gmail.com

BuildFrame — Built & Tailored for Your Business.",construction/engineering-services.png
architectural-design-services-014,Architectural & Design Services,contracting,"EMAIL. WHATSAPP. MESSENGER. PHONE. WHO ASKED ABOUT A DESIGN PROJECT? 💬

Design inquiries can include ideas, photos, requirements and several conversations that become difficult to track when scattered.

BuildFrame can help keep client names, inquiries and follow-ups in one place. Some call this a CRM — simply put, it helps you remember who contacted you and what needs to happen next.

DON'T LET A GOOD PROJECT INQUIRY GET LOST.

#ArchitecturalDesign #ClientManagement #DesignBusiness #CRM #BuildFrame

🌐 BuildFrame Business Software: https://buildframe-business-software.pages.dev/
🛠️ See Our Work — Portfolio: https://myportfolio.buildframe-digitalsystem.workers.dev/
📘 Facebook: https://www.facebook.com/buildframebusinessoperatingsystem/
💬 WhatsApp: https://wa.me/639760110243
📧 Email: buildframe.digitalsystem@gmail.com

BuildFrame — Built & Tailored for Your Business.",construction/architectural-design-services.png
specialty-subcontractors-trade-specialists-014,Specialty Subcontractors & Trade Specialists,contracting,"EMAIL. WHATSAPP. MESSENGER. PHONE. WHO ASKED ABOUT A PROJECT? 💬

Trade inquiries can arrive from several contractors and clients, each with different project details and timelines.

BuildFrame can help keep customer names, inquiries and follow-ups in one place. Some call this a CRM — simply put, it helps you remember who contacted you and what needs to happen next.

DON'T LET A GOOD PROJECT OPPORTUNITY GET LOST.

#SpecialtySubcontractors #CustomerManagement #TradeContractors #CRM #BuildFrame

🌐 BuildFrame Business Software: https://buildframe-business-software.pages.dev/
🛠️ See Our Work — Portfolio: https://myportfolio.buildframe-digitalsystem.workers.dev/
📘 Facebook: https://www.facebook.com/buildframebusinessoperatingsystem/
💬 WhatsApp: https://wa.me/639760110243
📧 Email: buildframe.digitalsystem@gmail.com

BuildFrame — Built & Tailored for Your Business.",construction/specialty-subcontractors-trade-specialists.png
emergency-repair-construction-services-014,Emergency Repair & Construction Services,contracting,"PHONE. MESSENGER. WHATSAPP. WHO CALLED ABOUT WHICH REPAIR? 📞💬

Urgent inquiries can arrive through several channels, making it difficult to remember every customer and follow-up.

BuildFrame can help keep customer names, repair requests and follow-ups in one place. Some call this a CRM — simply put, it helps you remember who contacted you and what needs to happen next.

DON'T LET AN URGENT CUSTOMER REQUEST GET LOST.

#EmergencyRepair #CustomerManagement #RepairBusiness #CRM #BuildFrame

🌐 BuildFrame Business Software: https://buildframe-business-software.pages.dev/
🛠️ See Our Work — Portfolio: https://myportfolio.buildframe-digitalsystem.workers.dev/
📘 Facebook: https://www.facebook.com/buildframebusinessoperatingsystem/
💬 WhatsApp: https://wa.me/639760110243
📧 Email: buildframe.digitalsystem@gmail.com

BuildFrame — Built & Tailored for Your Business.",construction/emergency-repair-construction-services.png
general-contractors-015,General Contractors,contracting,"STILL STARTING EVERY QUOTATION FROM SCRATCH? 🧾

Preparing estimates and quotations takes time, especially when the same basic information has to be typed repeatedly.

BuildFrame can help create a simpler quotation process where common details are easier to prepare, save and find again.

SEND QUOTATIONS WITH LESS REPEATED WORK.

#GeneralContractors #ConstructionQuotation #ConstructionEstimate #Contracting #BuildFrame

🌐 BuildFrame Business Software: https://buildframe-business-software.pages.dev/
🛠️ See Our Work — Portfolio: https://myportfolio.buildframe-digitalsystem.workers.dev/
📘 Facebook: https://www.facebook.com/buildframebusinessoperatingsystem/
💬 WhatsApp: https://wa.me/639760110243
📧 Email: buildframe.digitalsystem@gmail.com

BuildFrame — Built & Tailored for Your Business.",construction/general-contractors.png
roofing-contractors-015,Roofing Contractors,contracting,"MEASURED THE ROOF. NOW HOW LONG UNTIL THE CUSTOMER GETS THE QUOTE? 🧾

Preparing roofing estimates can involve measurements, materials, labor and other job details.

BuildFrame can help make your quotation process easier to prepare, save and find again without starting from zero every time.

FASTER ORGANIZATION CAN MEAN FASTER CUSTOMER RESPONSE.

#RoofingContractors #RoofingEstimate #RoofingQuotation #RoofingBusiness #BuildFrame

🌐 BuildFrame Business Software: https://buildframe-business-software.pages.dev/
🛠️ See Our Work — Portfolio: https://myportfolio.buildframe-digitalsystem.workers.dev/
📘 Facebook: https://www.facebook.com/buildframebusinessoperatingsystem/
💬 WhatsApp: https://wa.me/639760110243
📧 Email: buildframe.digitalsystem@gmail.com

BuildFrame — Built & Tailored for Your Business.",construction/roofing-contractors.png
electrical-contractors-015,Electrical Contractors,contracting,"SITE CHECK DONE. WHEN WILL THE CUSTOMER GET THE QUOTATION? 🧾⚡

Electrical quotations may include materials, labor and different work requirements.

BuildFrame can help make quotation details easier to prepare, save and find again instead of starting from scratch every time.

MAKE THE BUSINESS SIDE OF THE JOB EASIER TOO.

#ElectricalContractors #ElectricalQuotation #ElectricalEstimate #ContractorBusiness #BuildFrame

🌐 BuildFrame Business Software: https://buildframe-business-software.pages.dev/
🛠️ See Our Work — Portfolio: https://myportfolio.buildframe-digitalsystem.workers.dev/
📘 Facebook: https://www.facebook.com/buildframebusinessoperatingsystem/
💬 WhatsApp: https://wa.me/639760110243
📧 Email: buildframe.digitalsystem@gmail.com

BuildFrame — Built & Tailored for Your Business.",construction/electrical-contractors.png
plumbing-contractors-015,Plumbing Contractors,contracting,"SITE CHECK DONE. WHEN DOES THE CUSTOMER GET THE QUOTE? 🧾🔧

Preparing plumbing quotations can mean checking labor, materials and job requirements.

BuildFrame can help make quotation details easier to prepare, save and find again without starting from zero every time.

MAKE QUOTATIONS EASIER TO HANDLE.

#PlumbingContractors #PlumbingQuotation #PlumbingEstimate #PlumbingBusiness #BuildFrame

🌐 BuildFrame Business Software: https://buildframe-business-software.pages.dev/
🛠️ See Our Work — Portfolio: https://myportfolio.buildframe-digitalsystem.workers.dev/
📘 Facebook: https://www.facebook.com/buildframebusinessoperatingsystem/
💬 WhatsApp: https://wa.me/639760110243
📧 Email: buildframe.digitalsystem@gmail.com

BuildFrame — Built & Tailored for Your Business.",construction/plumbing-contractors.png
hvac-contractors-015,HVAC Contractors,contracting,"SITE CHECK DONE. WHEN WILL THE CUSTOMER GET THE ESTIMATE? 🧾

HVAC quotations may include units, materials, installation work and other requirements.

BuildFrame can help make quotation information easier to prepare, save and find again without starting from scratch each time.

MAKE THE BUSINESS SIDE OF HVAC EASIER TOO.

#HVACContractors #HVACQuotation #HVACEstimate #HVACBusiness #BuildFrame

🌐 BuildFrame Business Software: https://buildframe-business-software.pages.dev/
🛠️ See Our Work — Portfolio: https://myportfolio.buildframe-digitalsystem.workers.dev/
📘 Facebook: https://www.facebook.com/buildframebusinessoperatingsystem/
💬 WhatsApp: https://wa.me/639760110243
📧 Email: buildframe.digitalsystem@gmail.com

BuildFrame — Built & Tailored for Your Business.",construction/hvac-contractors.png
renovation-remodeling-015,Renovation & Remodeling,contracting,"SITE VISIT DONE. WHEN WILL THE RENOVATION QUOTE BE READY? 🧾

A remodeling estimate can involve labor, materials and several types of work.

BuildFrame can help make quotation details easier to prepare, save and find again instead of rebuilding everything from scratch each time.

MAKE QUOTATIONS EASIER TO HANDLE.

#RenovationContractors #RenovationQuotation #RemodelingEstimate #ContractorBusiness #BuildFrame

🌐 BuildFrame Business Software: https://buildframe-business-software.pages.dev/
🛠️ See Our Work — Portfolio: https://myportfolio.buildframe-digitalsystem.workers.dev/
📘 Facebook: https://www.facebook.com/buildframebusinessoperatingsystem/
💬 WhatsApp: https://wa.me/639760110243
📧 Email: buildframe.digitalsystem@gmail.com

BuildFrame — Built & Tailored for Your Business.",construction/renovation-remodeling.png
handyman-property-maintenance-015,Handyman & Property Maintenance,contracting,"YOU CHECKED THE JOB. WHEN WILL THE CUSTOMER GET THE PRICE? 🧾

Even small maintenance and repair jobs need clear pricing or quotations.

BuildFrame can help make job details and quotations easier to prepare, save and find again.

MAKE THE BUSINESS SIDE OF REPAIRS EASIER TOO.

#HandymanServices #RepairQuotation #PropertyMaintenance #MaintenanceBusiness #BuildFrame

🌐 BuildFrame Business Software: https://buildframe-business-software.pages.dev/
🛠️ See Our Work — Portfolio: https://myportfolio.buildframe-digitalsystem.workers.dev/
📘 Facebook: https://www.facebook.com/buildframebusinessoperatingsystem/
💬 WhatsApp: https://wa.me/639760110243
📧 Email: buildframe.digitalsystem@gmail.com

BuildFrame — Built & Tailored for Your Business.",construction/handyman-property-maintenance.png
tiling-flooring-contractors-015,Tiling & Flooring Contractors,contracting,"MEASUREMENTS DONE. MATERIAL SELECTED. WHEN WILL THE CUSTOMER GET THE QUOTE? 🧾

Flooring quotations may include area, materials, preparation, installation and labor.

BuildFrame can help make quotation details easier to prepare, save and find again instead of starting from scratch each time.

MAKE QUOTATIONS EASIER TO HANDLE.

#FlooringContractors #TilingQuotation #FlooringEstimate #ContractorBusiness #BuildFrame

🌐 BuildFrame Business Software: https://buildframe-business-software.pages.dev/
🛠️ See Our Work — Portfolio: https://myportfolio.buildframe-digitalsystem.workers.dev/
📘 Facebook: https://www.facebook.com/buildframebusinessoperatingsystem/
💬 WhatsApp: https://wa.me/639760110243
📧 Email: buildframe.digitalsystem@gmail.com

BuildFrame — Built & Tailored for Your Business.",construction/tiling-flooring-contractors.png
landscaping-contractors-015,Landscaping Contractors,contracting,"SITE VISIT DONE. WHEN WILL THE LANDSCAPING QUOTE BE READY? 🧾🌿

A landscaping quotation may include plants, materials, labor, site preparation and several types of work.

BuildFrame can help make quotation details easier to prepare, save and find again instead of starting from scratch each time.

MAKE QUOTATIONS EASIER TO HANDLE.

#LandscapingContractors #LandscapeQuotation #LandscapingEstimate #ContractorBusiness #BuildFrame

🌐 BuildFrame Business Software: https://buildframe-business-software.pages.dev/
🛠️ See Our Work — Portfolio: https://myportfolio.buildframe-digitalsystem.workers.dev/
📘 Facebook: https://www.facebook.com/buildframebusinessoperatingsystem/
💬 WhatsApp: https://wa.me/639760110243
📧 Email: buildframe.digitalsystem@gmail.com

BuildFrame — Built & Tailored for Your Business.",construction/landscaping-contractors.png
metal-fabrication-015,Metal Fabrication,contracting,"MEASUREMENTS DONE. MATERIALS CHECKED. WHEN WILL THE QUOTE BE READY? 🧾

Fabrication quotations may involve material, labor, finishing, delivery and installation.

BuildFrame can help make quotation details easier to prepare, save and find again instead of starting from scratch every time.

MAKE QUOTATIONS EASIER TO HANDLE.

#MetalFabrication #FabricationQuotation #MetalWorkEstimate #ContractorBusiness #BuildFrame

🌐 BuildFrame Business Software: https://buildframe-business-software.pages.dev/
🛠️ See Our Work — Portfolio: https://myportfolio.buildframe-digitalsystem.workers.dev/
📘 Facebook: https://www.facebook.com/buildframebusinessoperatingsystem/
💬 WhatsApp: https://wa.me/639760110243
📧 Email: buildframe.digitalsystem@gmail.com

BuildFrame — Built & Tailored for Your Business.",construction/metal-fabrication.png
glass-aluminum-contractors-015,Glass & Aluminum Contractors,contracting,"MEASUREMENTS DONE. MATERIALS CHOSEN. WHEN WILL THE QUOTE BE READY? 🧾

A quotation may involve glass type, aluminum profiles, hardware, fabrication, delivery and installation.

BuildFrame can help make quotation details easier to prepare, save and find again instead of starting from scratch each time.

MAKE QUOTATIONS EASIER TO HANDLE.

#GlassContractors #AluminumContractors #ProjectQuotation #ContractorBusiness #BuildFrame

🌐 BuildFrame Business Software: https://buildframe-business-software.pages.dev/
🛠️ See Our Work — Portfolio: https://myportfolio.buildframe-digitalsystem.workers.dev/
📘 Facebook: https://www.facebook.com/buildframebusinessoperatingsystem/
💬 WhatsApp: https://wa.me/639760110243
📧 Email: buildframe.digitalsystem@gmail.com

BuildFrame — Built & Tailored for Your Business.",construction/glass-aluminum-contractors.png
woodworking-carpentry-015,Woodworking & Carpentry,contracting,"MEASUREMENTS DONE. MATERIALS CHOSEN. WHEN WILL THE QUOTE BE READY? 🧾

A carpentry quotation may involve materials, hardware, labor, finishing, delivery and installation.

BuildFrame can help make quotation details easier to prepare, save and find again instead of starting from scratch each time.

MAKE QUOTATIONS EASIER TO HANDLE.

#CarpentryContractors #Woodworking #CarpentryQuotation #ContractorBusiness #BuildFrame

🌐 BuildFrame Business Software: https://buildframe-business-software.pages.dev/
🛠️ See Our Work — Portfolio: https://myportfolio.buildframe-digitalsystem.workers.dev/
📘 Facebook: https://www.facebook.com/buildframebusinessoperatingsystem/
💬 WhatsApp: https://wa.me/639760110243
📧 Email: buildframe.digitalsystem@gmail.com

BuildFrame — Built & Tailored for Your Business.",construction/woodworking-carpentry.png
solar-installation-contractors-015,Solar Installation Contractors,contracting,"SITE ASSESSMENT DONE. WHEN WILL THE CUSTOMER GET THE PROPOSAL? 🧾🔋

A solar proposal may include equipment, installation work and project-specific requirements.

BuildFrame can help make quotation and proposal details easier to prepare, save and find again instead of starting from scratch each time.

MAKE PROPOSALS EASIER TO HANDLE.

#SolarContractors #SolarQuotation #SolarProposal #SolarBusiness #BuildFrame

🌐 BuildFrame Business Software: https://buildframe-business-software.pages.dev/
🛠️ See Our Work — Portfolio: https://myportfolio.buildframe-digitalsystem.workers.dev/
📘 Facebook: https://www.facebook.com/buildframebusinessoperatingsystem/
💬 WhatsApp: https://wa.me/639760110243
📧 Email: buildframe.digitalsystem@gmail.com

BuildFrame — Built & Tailored for Your Business.",construction/solar-installation-contractors.png
construction-suppliers-building-materials-015,Construction Suppliers & Building Materials,contracting,"THE CUSTOMER SENT THE MATERIAL LIST. WHEN WILL THE QUOTE BE READY? 🧾

Large material requests can involve many items, quantities, delivery details and pricing.

BuildFrame can help make quotation details easier to prepare, save and find again instead of starting from scratch each time.

MAKE QUOTATIONS EASIER TO HANDLE.

#ConstructionSuppliers #MaterialQuotation #BuildingMaterials #SupplierBusiness #BuildFrame

🌐 BuildFrame Business Software: https://buildframe-business-software.pages.dev/
🛠️ See Our Work — Portfolio: https://myportfolio.buildframe-digitalsystem.workers.dev/
📘 Facebook: https://www.facebook.com/buildframebusinessoperatingsystem/
💬 WhatsApp: https://wa.me/639760110243
📧 Email: buildframe.digitalsystem@gmail.com

BuildFrame — Built & Tailored for Your Business.",construction/construction-suppliers-building-materials.png
aggregates-anapog-filling-materials-015,"Aggregates, Anapog & Filling Materials",contracting,"THE CUSTOMER SENT THE QUANTITY AND LOCATION. WHEN WILL THE QUOTE BE READY? 🧾🚛

Material quotations can involve quantities, hauling, delivery distance and project-specific requirements.

BuildFrame can help make quotation details easier to prepare, save and find again instead of starting from scratch each time.

MAKE QUOTATIONS EASIER TO HANDLE.

#Aggregates #MaterialQuotation #Hauling #ConstructionSupply #BuildFrame

🌐 BuildFrame Business Software: https://buildframe-business-software.pages.dev/
🛠️ See Our Work — Portfolio: https://myportfolio.buildframe-digitalsystem.workers.dev/
📘 Facebook: https://www.facebook.com/buildframebusinessoperatingsystem/
💬 WhatsApp: https://wa.me/639760110243
📧 Email: buildframe.digitalsystem@gmail.com

BuildFrame — Built & Tailored for Your Business.",construction/aggregates-anapog-filling-materials.png
property-management-015,Property Management,contracting,"PROPERTY DETAILS RECEIVED. WHEN WILL THE PROPOSAL BE READY? 🧾🏢

A property management proposal may involve services, responsibilities, property details and ongoing management needs.

BuildFrame can help make proposal details easier to prepare, save and find again instead of starting from scratch each time.

MAKE PROPOSALS EASIER TO HANDLE.

#PropertyManagement #ManagementProposal #RealEstateServices #PropertyBusiness #BuildFrame

🌐 BuildFrame Business Software: https://buildframe-business-software.pages.dev/
🛠️ See Our Work — Portfolio: https://myportfolio.buildframe-digitalsystem.workers.dev/
📘 Facebook: https://www.facebook.com/buildframebusinessoperatingsystem/
💬 WhatsApp: https://wa.me/639760110243
📧 Email: buildframe.digitalsystem@gmail.com

BuildFrame — Built & Tailored for Your Business.",construction/property-management.png
engineering-services-015,Engineering Services,contracting,"PROJECT DETAILS RECEIVED. WHEN WILL THE PROPOSAL BE READY? 🧾📐

Engineering proposals may involve scope, professional services, deliverables, schedules and project-specific requirements.

BuildFrame can help make proposal and quotation details easier to prepare, save and find again instead of rebuilding everything from scratch.

MAKE PROPOSALS EASIER TO HANDLE.

#EngineeringServices #EngineeringProposal #ProfessionalServices #EngineeringBusiness #BuildFrame

🌐 BuildFrame Business Software: https://buildframe-business-software.pages.dev/
🛠️ See Our Work — Portfolio: https://myportfolio.buildframe-digitalsystem.workers.dev/
📘 Facebook: https://www.facebook.com/buildframebusinessoperatingsystem/
💬 WhatsApp: https://wa.me/639760110243
📧 Email: buildframe.digitalsystem@gmail.com

BuildFrame — Built & Tailored for Your Business.",construction/engineering-services.png
architectural-design-services-015,Architectural & Design Services,contracting,"PROJECT DETAILS RECEIVED. WHEN WILL THE PROPOSAL BE READY? 🧾📐

A design proposal may include scope, services, project stages, deliverables and other project-specific requirements.

BuildFrame can help make proposal and quotation details easier to prepare, save and find again instead of starting from scratch each time.

MAKE PROPOSALS EASIER TO HANDLE.

#ArchitecturalServices #DesignProposal #ArchitectureBusiness #ProfessionalServices #BuildFrame

🌐 BuildFrame Business Software: https://buildframe-business-software.pages.dev/
🛠️ See Our Work — Portfolio: https://myportfolio.buildframe-digitalsystem.workers.dev/
📘 Facebook: https://www.facebook.com/buildframebusinessoperatingsystem/
💬 WhatsApp: https://wa.me/639760110243
📧 Email: buildframe.digitalsystem@gmail.com

BuildFrame — Built & Tailored for Your Business.",construction/architectural-design-services.png
specialty-subcontractors-trade-specialists-015,Specialty Subcontractors & Trade Specialists,contracting,"SCOPE RECEIVED. DRAWINGS CHECKED. WHEN WILL THE QUOTE BE READY? 🧾🛠️

Specialty quotations can involve materials, labor, equipment, installation and project-specific requirements.

BuildFrame can help make quotation details easier to prepare, save and find again instead of starting from scratch each time.

MAKE QUOTATIONS EASIER TO HANDLE.

#SpecialtySubcontractors #TradeQuotation #ConstructionBusiness #TradeSpecialists #BuildFrame

🌐 BuildFrame Business Software: https://buildframe-business-software.pages.dev/
🛠️ See Our Work — Portfolio: https://myportfolio.buildframe-digitalsystem.workers.dev/
📘 Facebook: https://www.facebook.com/buildframebusinessoperatingsystem/
💬 WhatsApp: https://wa.me/639760110243
📧 Email: buildframe.digitalsystem@gmail.com

BuildFrame — Built & Tailored for Your Business.",construction/specialty-subcontractors-trade-specialists.png
emergency-repair-construction-services-015,Emergency Repair & Construction Services,contracting,"THE URGENT REPAIR IS DONE. WHAT ABOUT THE PERMANENT WORK? 🧾🔧

Some emergency jobs need a temporary fix first and a larger quotation for permanent repair or reconstruction afterward.

BuildFrame can help make quotation details easier to prepare, save and connect to the original job.

TURN THE NEXT STEP INTO A CLEAR PLAN.

#EmergencyRepair #RepairQuotation #ConstructionQuote #RepairServices #BuildFrame

🌐 BuildFrame Business Software: https://buildframe-business-software.pages.dev/
🛠️ See Our Work — Portfolio: https://myportfolio.buildframe-digitalsystem.workers.dev/
📘 Facebook: https://www.facebook.com/buildframebusinessoperatingsystem/
💬 WhatsApp: https://wa.me/639760110243
📧 Email: buildframe.digitalsystem@gmail.com

BuildFrame — Built & Tailored for Your Business.",construction/emergency-repair-construction-services.png
general-contractors-016,General Contractors,contracting,"YOU SENT THE QUOTE. WHAT HAPPENS NEXT? 📞

Busy contractors can easily forget which customers need a follow-up, especially when several inquiries arrive at once.

BuildFrame can help keep a simple follow-up list so you know who was contacted, who received a quotation and who still needs a reply.

A SIMPLE FOLLOW-UP CAN KEEP AN OPPORTUNITY FROM DISAPPEARING.

#GeneralContractors #FollowUp #ConstructionClients #ContractorBusiness #BuildFrame

🌐 BuildFrame Business Software: https://buildframe-business-software.pages.dev/
🛠️ See Our Work — Portfolio: https://myportfolio.buildframe-digitalsystem.workers.dev/
📘 Facebook: https://www.facebook.com/buildframebusinessoperatingsystem/
💬 WhatsApp: https://wa.me/639760110243
📧 Email: buildframe.digitalsystem@gmail.com

BuildFrame — Built & Tailored for Your Business.",construction/general-contractors.png
roofing-contractors-016,Roofing Contractors,contracting,"YOU SENT THE ROOFING QUOTE LAST WEEK. DID ANYONE FOLLOW UP? 📞

A customer may be comparing options, waiting for approval or simply busy. A good opportunity can disappear when nobody remembers to follow up.

BuildFrame can help keep a simple list of quotations and customers who still need a reply or follow-up.

KNOW WHO TO CALL NEXT.

#RoofingContractors #CustomerFollowUp #RoofingQuote #ContractorBusiness #BuildFrame

🌐 BuildFrame Business Software: https://buildframe-business-software.pages.dev/
🛠️ See Our Work — Portfolio: https://myportfolio.buildframe-digitalsystem.workers.dev/
📘 Facebook: https://www.facebook.com/buildframebusinessoperatingsystem/
💬 WhatsApp: https://wa.me/639760110243
📧 Email: buildframe.digitalsystem@gmail.com

BuildFrame — Built & Tailored for Your Business.",construction/roofing-contractors.png
electrical-contractors-016,Electrical Contractors,contracting,"QUOTE SENT. DID ANYONE CHECK BACK WITH THE CUSTOMER? 📞

A customer may need time to decide, but busy schedules can make follow-ups easy to forget.

BuildFrame can help keep a simple record of who received a quotation, when you contacted them and who still needs a follow-up.

KNOW WHO NEEDS YOUR ATTENTION NEXT.

#ElectricalContractors #CustomerFollowUp #ElectricalQuote #ElectricalBusiness #BuildFrame

🌐 BuildFrame Business Software: https://buildframe-business-software.pages.dev/
🛠️ See Our Work — Portfolio: https://myportfolio.buildframe-digitalsystem.workers.dev/
📘 Facebook: https://www.facebook.com/buildframebusinessoperatingsystem/
💬 WhatsApp: https://wa.me/639760110243
📧 Email: buildframe.digitalsystem@gmail.com

BuildFrame — Built & Tailored for Your Business.",construction/electrical-contractors.png
plumbing-contractors-016,Plumbing Contractors,contracting,"YOU SENT THE QUOTE. DID ANYONE FOLLOW UP? 📞

Customers get busy. Contractors get busy too. That's how good opportunities sometimes get forgotten.

BuildFrame can help keep a simple record of who received a quotation and who still needs a call or message.

KNOW WHO NEEDS A FOLLOW-UP.

#PlumbingContractors #CustomerFollowUp #PlumbingQuote #ContractorBusiness #BuildFrame

🌐 BuildFrame Business Software: https://buildframe-business-software.pages.dev/
🛠️ See Our Work — Portfolio: https://myportfolio.buildframe-digitalsystem.workers.dev/
📘 Facebook: https://www.facebook.com/buildframebusinessoperatingsystem/
💬 WhatsApp: https://wa.me/639760110243
📧 Email: buildframe.digitalsystem@gmail.com

BuildFrame — Built & Tailored for Your Business.",construction/plumbing-contractors.png
hvac-contractors-016,HVAC Contractors,contracting,"YOU SENT THE HVAC QUOTE. DID ANYONE FOLLOW UP? 📞

Customers may still be comparing options or waiting for approval. Meanwhile, your team gets busy with other jobs.

BuildFrame can help keep a simple list of customers who received quotations and who still needs a follow-up.

KNOW WHO NEEDS YOUR ATTENTION NEXT.

#HVACContractors #CustomerFollowUp #HVACQuote #ContractorBusiness #BuildFrame

🌐 BuildFrame Business Software: https://buildframe-business-software.pages.dev/
🛠️ See Our Work — Portfolio: https://myportfolio.buildframe-digitalsystem.workers.dev/
📘 Facebook: https://www.facebook.com/buildframebusinessoperatingsystem/
💬 WhatsApp: https://wa.me/639760110243
📧 Email: buildframe.digitalsystem@gmail.com

BuildFrame — Built & Tailored for Your Business.",construction/hvac-contractors.png
renovation-remodeling-016,Renovation & Remodeling,contracting,"THE CUSTOMER LOVED THE IDEA. YOU SENT THE QUOTE. THEN EVERYONE GOT BUSY. 📞

Potential renovation projects can go quiet simply because nobody remembered to follow up.

BuildFrame can help keep a simple record of customers who received quotations and who still needs a call or message.

DON'T LET A GOOD PROJECT OPPORTUNITY BE FORGOTTEN.

#RenovationContractors #CustomerFollowUp #RenovationQuote #RemodelingBusiness #BuildFrame

🌐 BuildFrame Business Software: https://buildframe-business-software.pages.dev/
🛠️ See Our Work — Portfolio: https://myportfolio.buildframe-digitalsystem.workers.dev/
📘 Facebook: https://www.facebook.com/buildframebusinessoperatingsystem/
💬 WhatsApp: https://wa.me/639760110243
📧 Email: buildframe.digitalsystem@gmail.com

BuildFrame — Built & Tailored for Your Business.",construction/renovation-remodeling.png
handyman-property-maintenance-016,Handyman & Property Maintenance,contracting,"YOU SENT THE PRICE. DID THE CUSTOMER EVER REPLY? 📞

A potential job can disappear simply because everyone got busy and nobody followed up.

BuildFrame can help keep a simple record of customers who received quotations and who still needs a message or call.

KNOW WHO NEEDS A FOLLOW-UP.

#HandymanBusiness #CustomerFollowUp #PropertyMaintenance #RepairServices #BuildFrame

🌐 BuildFrame Business Software: https://buildframe-business-software.pages.dev/
🛠️ See Our Work — Portfolio: https://myportfolio.buildframe-digitalsystem.workers.dev/
📘 Facebook: https://www.facebook.com/buildframebusinessoperatingsystem/
💬 WhatsApp: https://wa.me/639760110243
📧 Email: buildframe.digitalsystem@gmail.com

BuildFrame — Built & Tailored for Your Business.",construction/handyman-property-maintenance.png
tiling-flooring-contractors-016,Tiling & Flooring Contractors,contracting,"QUOTE SENT. DID ANYONE FOLLOW UP? 📞

Customers may still be choosing materials, comparing options or waiting for a decision.

BuildFrame can help keep a simple record of customers who received quotations and who still needs a call or message.

KNOW WHO NEEDS YOUR ATTENTION NEXT.

#FlooringContractors #CustomerFollowUp #TilingContractors #FlooringBusiness #BuildFrame

🌐 BuildFrame Business Software: https://buildframe-business-software.pages.dev/
🛠️ See Our Work — Portfolio: https://myportfolio.buildframe-digitalsystem.workers.dev/
📘 Facebook: https://www.facebook.com/buildframebusinessoperatingsystem/
💬 WhatsApp: https://wa.me/639760110243
📧 Email: buildframe.digitalsystem@gmail.com

BuildFrame — Built & Tailored for Your Business.",construction/tiling-flooring-contractors.png
landscaping-contractors-016,Landscaping Contractors,contracting,"THE CUSTOMER LIKED THE PLAN. YOU SENT THE QUOTE. DID ANYONE FOLLOW UP? 📞

Customers may need time to decide, adjust the scope or approve a budget.

BuildFrame can help keep a simple record of customers who received quotations and who still needs a call or message.

KNOW WHO NEEDS YOUR ATTENTION NEXT.

#LandscapingContractors #CustomerFollowUp #LandscapeQuote #LandscapingBusiness #BuildFrame

🌐 BuildFrame Business Software: https://buildframe-business-software.pages.dev/
🛠️ See Our Work — Portfolio: https://myportfolio.buildframe-digitalsystem.workers.dev/
📘 Facebook: https://www.facebook.com/buildframebusinessoperatingsystem/
💬 WhatsApp: https://wa.me/639760110243
📧 Email: buildframe.digitalsystem@gmail.com

BuildFrame — Built & Tailored for Your Business.",construction/landscaping-contractors.png
metal-fabrication-016,Metal Fabrication,contracting,"QUOTE SENT. DID ANYONE CHECK BACK WITH THE CUSTOMER? 📞

Customers may still be reviewing the design, comparing options or waiting for project approval.

BuildFrame can help keep a simple record of customers who received quotations and who still needs a follow-up.

KNOW WHO NEEDS YOUR ATTENTION NEXT.

#MetalFabrication #CustomerFollowUp #FabricationQuote #MetalContractors #BuildFrame

🌐 BuildFrame Business Software: https://buildframe-business-software.pages.dev/
🛠️ See Our Work — Portfolio: https://myportfolio.buildframe-digitalsystem.workers.dev/
📘 Facebook: https://www.facebook.com/buildframebusinessoperatingsystem/
💬 WhatsApp: https://wa.me/639760110243
📧 Email: buildframe.digitalsystem@gmail.com

BuildFrame — Built & Tailored for Your Business.",construction/metal-fabrication.png
glass-aluminum-contractors-016,Glass & Aluminum Contractors,contracting,"QUOTE SENT. DID ANYONE FOLLOW UP? 📞

Customers may still be comparing designs, materials or budgets while your team moves on to other jobs.

BuildFrame can help keep a simple record of customers who received quotations and who still needs a call or message.

KNOW WHO NEEDS YOUR ATTENTION NEXT.

#GlassAndAluminum #CustomerFollowUp #ProjectQuote #AluminumBusiness #BuildFrame

🌐 BuildFrame Business Software: https://buildframe-business-software.pages.dev/
🛠️ See Our Work — Portfolio: https://myportfolio.buildframe-digitalsystem.workers.dev/
📘 Facebook: https://www.facebook.com/buildframebusinessoperatingsystem/
💬 WhatsApp: https://wa.me/639760110243
📧 Email: buildframe.digitalsystem@gmail.com

BuildFrame — Built & Tailored for Your Business.",construction/glass-aluminum-contractors.png
woodworking-carpentry-016,Woodworking & Carpentry,contracting,"QUOTE SENT. DID ANYONE FOLLOW UP? 📞

Customers may still be choosing materials, adjusting the design or comparing options while your team moves on to other jobs.

BuildFrame can help keep a simple record of customers who received quotations and who still needs a call or message.

KNOW WHO NEEDS YOUR ATTENTION NEXT.

#Woodworking #CustomerFollowUp #CarpentryQuote #CarpentryBusiness #BuildFrame

🌐 BuildFrame Business Software: https://buildframe-business-software.pages.dev/
🛠️ See Our Work — Portfolio: https://myportfolio.buildframe-digitalsystem.workers.dev/
📘 Facebook: https://www.facebook.com/buildframebusinessoperatingsystem/
💬 WhatsApp: https://wa.me/639760110243
📧 Email: buildframe.digitalsystem@gmail.com

BuildFrame — Built & Tailored for Your Business.",construction/woodworking-carpentry.png
solar-installation-contractors-016,Solar Installation Contractors,contracting,"PROPOSAL SENT. DID ANYONE FOLLOW UP? 📞☀️

Customers may need time to review the project, ask questions or make a decision while your team moves on to other work.

BuildFrame can help keep a simple record of customers who received proposals and who still needs a call or message.

KNOW WHO NEEDS YOUR ATTENTION NEXT.

#SolarContractors #CustomerFollowUp #SolarProposal #SolarBusiness #BuildFrame

🌐 BuildFrame Business Software: https://buildframe-business-software.pages.dev/
🛠️ See Our Work — Portfolio: https://myportfolio.buildframe-digitalsystem.workers.dev/
📘 Facebook: https://www.facebook.com/buildframebusinessoperatingsystem/
💬 WhatsApp: https://wa.me/639760110243
📧 Email: buildframe.digitalsystem@gmail.com

BuildFrame — Built & Tailored for Your Business.",construction/solar-installation-contractors.png
construction-suppliers-building-materials-016,Construction Suppliers & Building Materials,contracting,"QUOTE SENT. DID ANYONE FOLLOW UP WITH THE CONTRACTOR? 📞

Customers may still be comparing materials, quantities, delivery options or project budgets.

BuildFrame can help keep a simple record of customers who received quotations and who still needs a call or message.

KNOW WHO NEEDS YOUR ATTENTION NEXT.

#ConstructionSuppliers #CustomerFollowUp #MaterialQuote #ConstructionSupply #BuildFrame

🌐 BuildFrame Business Software: https://buildframe-business-software.pages.dev/
🛠️ See Our Work — Portfolio: https://myportfolio.buildframe-digitalsystem.workers.dev/
📘 Facebook: https://www.facebook.com/buildframebusinessoperatingsystem/
💬 WhatsApp: https://wa.me/639760110243
📧 Email: buildframe.digitalsystem@gmail.com

BuildFrame — Built & Tailored for Your Business.",construction/construction-suppliers-building-materials.png
aggregates-anapog-filling-materials-016,"Aggregates, Anapog & Filling Materials",contracting,"QUOTE SENT. DID ANYONE FOLLOW UP? 📞🪨

Contractors may still be comparing quantities, suppliers, schedules or project budgets.

BuildFrame can help keep a simple record of customers who received quotations and who still needs a call or message.

KNOW WHO NEEDS YOUR ATTENTION NEXT.

#Aggregates #CustomerFollowUp #FillingMaterials #ConstructionBusiness #BuildFrame

🌐 BuildFrame Business Software: https://buildframe-business-software.pages.dev/
🛠️ See Our Work — Portfolio: https://myportfolio.buildframe-digitalsystem.workers.dev/
📘 Facebook: https://www.facebook.com/buildframebusinessoperatingsystem/
💬 WhatsApp: https://wa.me/639760110243
📧 Email: buildframe.digitalsystem@gmail.com

BuildFrame — Built & Tailored for Your Business.",construction/aggregates-anapog-filling-materials.png
property-management-016,Property Management,contracting,"PROPOSAL SENT. DID ANYONE FOLLOW UP WITH THE OWNER? 📞

Property owners may still be reviewing services, comparing providers or discussing the decision with partners.

BuildFrame can help keep a simple record of clients who received proposals and who still needs a call or message.

KNOW WHO NEEDS YOUR ATTENTION NEXT.

#PropertyManagement #ClientFollowUp #PropertyServices #RealEstateBusiness #BuildFrame

🌐 BuildFrame Business Software: https://buildframe-business-software.pages.dev/
🛠️ See Our Work — Portfolio: https://myportfolio.buildframe-digitalsystem.workers.dev/
📘 Facebook: https://www.facebook.com/buildframebusinessoperatingsystem/
💬 WhatsApp: https://wa.me/639760110243
📧 Email: buildframe.digitalsystem@gmail.com

BuildFrame — Built & Tailored for Your Business.",construction/property-management.png
engineering-services-016,Engineering Services,contracting,"PROPOSAL SENT. DID ANYONE FOLLOW UP WITH THE CLIENT? 📞

Clients may still be reviewing the scope, discussing internally or waiting for another project decision.

BuildFrame can help keep a simple record of clients who received proposals and who still needs a call or message.

KNOW WHO NEEDS YOUR ATTENTION NEXT.

#EngineeringServices #ClientFollowUp #EngineeringProposal #ProfessionalServices #BuildFrame

🌐 BuildFrame Business Software: https://buildframe-business-software.pages.dev/
🛠️ See Our Work — Portfolio: https://myportfolio.buildframe-digitalsystem.workers.dev/
📘 Facebook: https://www.facebook.com/buildframebusinessoperatingsystem/
💬 WhatsApp: https://wa.me/639760110243
📧 Email: buildframe.digitalsystem@gmail.com

BuildFrame — Built & Tailored for Your Business.",construction/engineering-services.png
architectural-design-services-016,Architectural & Design Services,contracting,"PROPOSAL SENT. DID ANYONE FOLLOW UP WITH THE CLIENT? 📞

Clients may still be reviewing the scope, discussing budgets or deciding when to move forward.

BuildFrame can help keep a simple record of clients who received proposals and who still needs a call or message.

KNOW WHO NEEDS YOUR ATTENTION NEXT.

#ArchitecturalDesign #ClientFollowUp #DesignProposal #Architecture #BuildFrame

🌐 BuildFrame Business Software: https://buildframe-business-software.pages.dev/
🛠️ See Our Work — Portfolio: https://myportfolio.buildframe-digitalsystem.workers.dev/
📘 Facebook: https://www.facebook.com/buildframebusinessoperatingsystem/
💬 WhatsApp: https://wa.me/639760110243
📧 Email: buildframe.digitalsystem@gmail.com

BuildFrame — Built & Tailored for Your Business.",construction/architectural-design-services.png
specialty-subcontractors-trade-specialists-016,Specialty Subcontractors & Trade Specialists,contracting,"QUOTE SENT. DID ANYONE FOLLOW UP WITH THE CONTRACTOR? 📞🏗️

The main contractor or client may still be reviewing scopes, comparing specialists or waiting for project approval.

BuildFrame can help keep a simple record of customers who received quotations and who still needs a call or message.

KNOW WHO NEEDS YOUR ATTENTION NEXT.

#SpecialtySubcontractors #CustomerFollowUp #TradeContractors #ConstructionQuote #BuildFrame

🌐 BuildFrame Business Software: https://buildframe-business-software.pages.dev/
🛠️ See Our Work — Portfolio: https://myportfolio.buildframe-digitalsystem.workers.dev/
📘 Facebook: https://www.facebook.com/buildframebusinessoperatingsystem/
💬 WhatsApp: https://wa.me/639760110243
📧 Email: buildframe.digitalsystem@gmail.com

BuildFrame — Built & Tailored for Your Business.",construction/specialty-subcontractors-trade-specialists.png
emergency-repair-construction-services-016,Emergency Repair & Construction Services,contracting,"QUOTE SENT FOR THE FOLLOW-UP REPAIR. DID ANYONE CALL BACK? 📞🏗️

Once the immediate problem is controlled, customers may delay the permanent repair unless someone follows up.

BuildFrame can help keep a simple record of quotations sent and customers who still need a call or message.

KNOW WHICH REPAIR OPPORTUNITIES NEED FOLLOW-UP.

#EmergencyRepair #CustomerFollowUp #RepairContractors #ConstructionBusiness #BuildFrame

🌐 BuildFrame Business Software: https://buildframe-business-software.pages.dev/
🛠️ See Our Work — Portfolio: https://myportfolio.buildframe-digitalsystem.workers.dev/
📘 Facebook: https://www.facebook.com/buildframebusinessoperatingsystem/
💬 WhatsApp: https://wa.me/639760110243
📧 Email: buildframe.digitalsystem@gmail.com

BuildFrame — Built & Tailored for Your Business.",construction/emergency-repair-construction-services.png
general-contractors-017,General Contractors,contracting,"YOUR COMPLETED PROJECTS ARE YOUR PROOF. ARE PEOPLE SEEING THEM? 🏗️✨

Every finished home, renovation, commercial project or site tells customers something about your experience.

BuildFrame can help organize and showcase your completed work through a website and online portfolio that future clients can easily view.

LET YOUR WORK SPEAK BEFORE THE FIRST MEETING.

#GeneralContractors #CompletedProjects #ConstructionPortfolio #GeneralContracting #BuildFrame

🌐 BuildFrame Business Software: https://buildframe-business-software.pages.dev/
🛠️ See Our Work — Portfolio: https://myportfolio.buildframe-digitalsystem.workers.dev/
📘 Facebook: https://www.facebook.com/buildframebusinessoperatingsystem/
💬 WhatsApp: https://wa.me/639760110243
📧 Email: buildframe.digitalsystem@gmail.com

BuildFrame — Built & Tailored for Your Business.",construction/general-contractors.png
roofing-contractors-017,Roofing Contractors,contracting,"YOUR BEST ROOFS CAN HELP YOU WIN THE NEXT ONE. 🏠✨

Finished roofing projects show the quality of your work better than a long sales message.

BuildFrame can help create an online project gallery or portfolio where customers can see roof repairs, replacements and installations you've completed.

LET REAL PROJECTS BUILD REAL TRUST.

#RoofingContractors #RoofingPortfolio #CompletedProjects #RoofInstallation #BuildFrame

🌐 BuildFrame Business Software: https://buildframe-business-software.pages.dev/
🛠️ See Our Work — Portfolio: https://myportfolio.buildframe-digitalsystem.workers.dev/
📘 Facebook: https://www.facebook.com/buildframebusinessoperatingsystem/
💬 WhatsApp: https://wa.me/639760110243
📧 Email: buildframe.digitalsystem@gmail.com

BuildFrame — Built & Tailored for Your Business.",construction/roofing-contractors.png
electrical-contractors-017,Electrical Contractors,contracting,"THE BEST PROOF OF YOUR ELECTRICAL WORK IS THE WORK ITSELF. ⚡✨

Completed lighting, panel, wiring and commercial projects can help future customers understand your experience.

BuildFrame can help create an online portfolio where your finished projects are organized and easy to show.

LET YOUR PROJECTS HELP BUILD CUSTOMER TRUST.

#ElectricalContractors #ElectricalPortfolio #CompletedProjects #ElectricalInstallation #BuildFrame

🌐 BuildFrame Business Software: https://buildframe-business-software.pages.dev/
🛠️ See Our Work — Portfolio: https://myportfolio.buildframe-digitalsystem.workers.dev/
📘 Facebook: https://www.facebook.com/buildframebusinessoperatingsystem/
💬 WhatsApp: https://wa.me/639760110243
📧 Email: buildframe.digitalsystem@gmail.com

BuildFrame — Built & Tailored for Your Business.",construction/electrical-contractors.png
plumbing-contractors-017,Plumbing Contractors,contracting,"YOUR COMPLETED PLUMBING WORK IS PROOF OF WHAT YOU CAN DO. ✨🔧

Clean installations, bathroom projects, pipework and difficult repairs can help future customers trust your experience.

BuildFrame can help organize those projects into an online portfolio that's easy to show.

LET REAL WORK BUILD REAL TRUST.

#PlumbingContractors #PlumbingPortfolio #CompletedProjects #PlumbingServices #BuildFrame

🌐 BuildFrame Business Software: https://buildframe-business-software.pages.dev/
🛠️ See Our Work — Portfolio: https://myportfolio.buildframe-digitalsystem.workers.dev/
📘 Facebook: https://www.facebook.com/buildframebusinessoperatingsystem/
💬 WhatsApp: https://wa.me/639760110243
📧 Email: buildframe.digitalsystem@gmail.com

BuildFrame — Built & Tailored for Your Business.",construction/plumbing-contractors.png
hvac-contractors-017,HVAC Contractors,contracting,"YOUR FINISHED HVAC PROJECTS CAN HELP WIN THE NEXT ONE. ❄️✨

Clean installations, commercial systems and completed service work can show future customers the quality of your business.

BuildFrame can help organize your completed projects into an online portfolio that's easy to show and share.

LET REAL WORK BUILD REAL TRUST.

#HVACContractors #HVACPortfolio #CompletedProjects #HVACInstallation #BuildFrame

🌐 BuildFrame Business Software: https://buildframe-business-software.pages.dev/
🛠️ See Our Work — Portfolio: https://myportfolio.buildframe-digitalsystem.workers.dev/
📘 Facebook: https://www.facebook.com/buildframebusinessoperatingsystem/
💬 WhatsApp: https://wa.me/639760110243
📧 Email: buildframe.digitalsystem@gmail.com

BuildFrame — Built & Tailored for Your Business.",construction/hvac-contractors.png
renovation-remodeling-017,Renovation & Remodeling,contracting,"YOUR BEST SALES PRESENTATION MAY ALREADY BE IN YOUR CAMERA ROLL. 📸✨

Finished kitchens, bathrooms, offices and full-house transformations can show future customers exactly what your team can do.

BuildFrame can help organize completed projects into an online portfolio that is easy to share.

LET THE TRANSFORMATION SPEAK FOR YOUR BUSINESS.

#RenovationContractors #RenovationPortfolio #CompletedProjects #BeforeAndAfter #BuildFrame

🌐 BuildFrame Business Software: https://buildframe-business-software.pages.dev/
🛠️ See Our Work — Portfolio: https://myportfolio.buildframe-digitalsystem.workers.dev/
📘 Facebook: https://www.facebook.com/buildframebusinessoperatingsystem/
💬 WhatsApp: https://wa.me/639760110243
📧 Email: buildframe.digitalsystem@gmail.com

BuildFrame — Built & Tailored for Your Business.",construction/renovation-remodeling.png
handyman-property-maintenance-017,Handyman & Property Maintenance,contracting,"LOTS OF SMALL JOBS CAN BUILD ONE STRONG PORTFOLIO. 📸✨

Repairs, repainting, carpentry, maintenance and before-and-after improvements all show what your business can do.

BuildFrame can help organize completed work into an online portfolio that's easy to share.

LET YOUR FINISHED WORK SPEAK FOR YOU.

#HandymanServices #PropertyMaintenance #OnlinePortfolio #CompletedJobs #BuildFrame

🌐 BuildFrame Business Software: https://buildframe-business-software.pages.dev/
🛠️ See Our Work — Portfolio: https://myportfolio.buildframe-digitalsystem.workers.dev/
📘 Facebook: https://www.facebook.com/buildframebusinessoperatingsystem/
💬 WhatsApp: https://wa.me/639760110243
📧 Email: buildframe.digitalsystem@gmail.com

BuildFrame — Built & Tailored for Your Business.",construction/handyman-property-maintenance.png
tiling-flooring-contractors-017,Tiling & Flooring Contractors,contracting,"EVERY FINISHED FLOOR CAN HELP SELL THE NEXT PROJECT. 📸✨

Beautiful tile work, clean installations and completed flooring projects give future customers something real to evaluate.

BuildFrame can help organize completed projects into an online portfolio that's easy to show and share.

LET YOUR FINISHED WORK SPEAK FOR YOUR BUSINESS.

#TilingContractors #FlooringPortfolio #CompletedProjects #FlooringContractors #BuildFrame

🌐 BuildFrame Business Software: https://buildframe-business-software.pages.dev/
🛠️ See Our Work — Portfolio: https://myportfolio.buildframe-digitalsystem.workers.dev/
📘 Facebook: https://www.facebook.com/buildframebusinessoperatingsystem/
💬 WhatsApp: https://wa.me/639760110243
📧 Email: buildframe.digitalsystem@gmail.com

BuildFrame — Built & Tailored for Your Business.",construction/tiling-flooring-contractors.png
landscaping-contractors-017,Landscaping Contractors,contracting,"YOUR BEST LANDSCAPING PROJECTS SHOULD KEEP WORKING FOR YOU. 📸✨

Beautiful gardens, outdoor makeovers and completed commercial landscapes can help future customers understand your experience.

BuildFrame can help organize completed projects into an online portfolio that's easy to show and share.

LET YOUR FINISHED LANDSCAPES BUILD TRUST.

#LandscapingContractors #LandscapePortfolio #CompletedProjects #LandscapeDesign #BuildFrame

🌐 BuildFrame Business Software: https://buildframe-business-software.pages.dev/
🛠️ See Our Work — Portfolio: https://myportfolio.buildframe-digitalsystem.workers.dev/
📘 Facebook: https://www.facebook.com/buildframebusinessoperatingsystem/
💬 WhatsApp: https://wa.me/639760110243
📧 Email: buildframe.digitalsystem@gmail.com

BuildFrame — Built & Tailored for Your Business.",construction/landscaping-contractors.png
metal-fabrication-017,Metal Fabrication,contracting,"YOUR FINISHED METALWORK CAN HELP WIN THE NEXT JOB. 📸✨

Gates, railings, stairs, frames and custom pieces give future customers real examples of your workmanship.

BuildFrame can help organize completed projects into an online portfolio that's easy to show and share.

LET YOUR WORKMANSHIP SPEAK FOR YOUR BUSINESS.

#MetalFabrication #MetalPortfolio #CompletedProjects #FabricationContractors #BuildFrame

🌐 BuildFrame Business Software: https://buildframe-business-software.pages.dev/
🛠️ See Our Work — Portfolio: https://myportfolio.buildframe-digitalsystem.workers.dev/
📘 Facebook: https://www.facebook.com/buildframebusinessoperatingsystem/
💬 WhatsApp: https://wa.me/639760110243
📧 Email: buildframe.digitalsystem@gmail.com

BuildFrame — Built & Tailored for Your Business.",construction/metal-fabrication.png
glass-aluminum-contractors-017,Glass & Aluminum Contractors,contracting,"YOUR FINISHED INSTALLATIONS CAN HELP WIN THE NEXT PROJECT. 📸✨

Clean windows, storefronts, partitions and aluminum installations give future customers real examples of your workmanship.

BuildFrame can help organize completed projects into an online portfolio that's easy to show and share.

LET YOUR FINISHED WORK SPEAK FOR YOUR BUSINESS.

#GlassContractors #AluminumContractors #OnlinePortfolio #CompletedProjects #BuildFrame

🌐 BuildFrame Business Software: https://buildframe-business-software.pages.dev/
🛠️ See Our Work — Portfolio: https://myportfolio.buildframe-digitalsystem.workers.dev/
📘 Facebook: https://www.facebook.com/buildframebusinessoperatingsystem/
💬 WhatsApp: https://wa.me/639760110243
📧 Email: buildframe.digitalsystem@gmail.com

BuildFrame — Built & Tailored for Your Business.",construction/glass-aluminum-contractors.png
woodworking-carpentry-017,Woodworking & Carpentry,contracting,"YOUR FINISHED WOODWORK CAN HELP WIN THE NEXT PROJECT. 📸✨

Beautiful cabinets, furniture, doors and custom pieces give future customers real examples of your craftsmanship.

BuildFrame can help organize completed projects into an online portfolio that's easy to show and share.

LET YOUR CRAFTSMANSHIP SPEAK FOR YOUR BUSINESS.

#Woodworking #CarpentryContractors #OnlinePortfolio #CompletedProjects #BuildFrame

🌐 BuildFrame Business Software: https://buildframe-business-software.pages.dev/
🛠️ See Our Work — Portfolio: https://myportfolio.buildframe-digitalsystem.workers.dev/
📘 Facebook: https://www.facebook.com/buildframebusinessoperatingsystem/
💬 WhatsApp: https://wa.me/639760110243
📧 Email: buildframe.digitalsystem@gmail.com

BuildFrame — Built & Tailored for Your Business.",construction/woodworking-carpentry.png
solar-installation-contractors-017,Solar Installation Contractors,contracting,"YOUR COMPLETED SOLAR PROJECTS CAN HELP BUILD CONFIDENCE. 📸✨

Real installations on homes, businesses and other properties give future customers something concrete to see.

BuildFrame can help organize completed solar projects into an online portfolio that's easy to show and share.

LET REAL INSTALLATIONS SPEAK FOR YOUR EXPERIENCE.

#SolarContractors #SolarPortfolio #CompletedProjects #SolarInstallation #BuildFrame

🌐 BuildFrame Business Software: https://buildframe-business-software.pages.dev/
🛠️ See Our Work — Portfolio: https://myportfolio.buildframe-digitalsystem.workers.dev/
📘 Facebook: https://www.facebook.com/buildframebusinessoperatingsystem/
💬 WhatsApp: https://wa.me/639760110243
📧 Email: buildframe.digitalsystem@gmail.com

BuildFrame — Built & Tailored for Your Business.",construction/solar-installation-contractors.png
construction-suppliers-building-materials-017,Construction Suppliers & Building Materials,contracting,"YOUR SUPPLY BUSINESS HAS MORE TO SHOW THAN A PRICE LIST. 📸🧱

Product ranges, warehouse stock, deliveries and projects using your materials can help customers understand what your business can provide.

BuildFrame can help organize this information into an online product and project showcase that's easy to share.

SHOW THE MATERIALS. SHOW THE SERVICE. BUILD TRUST.

#ConstructionSuppliers #BuildingMaterials #OnlineShowcase #ConstructionBusiness #BuildFrame

🌐 BuildFrame Business Software: https://buildframe-business-software.pages.dev/
🛠️ See Our Work — Portfolio: https://myportfolio.buildframe-digitalsystem.workers.dev/
📘 Facebook: https://www.facebook.com/buildframebusinessoperatingsystem/
💬 WhatsApp: https://wa.me/639760110243
📧 Email: buildframe.digitalsystem@gmail.com

BuildFrame — Built & Tailored for Your Business.",construction/construction-suppliers-building-materials.png
aggregates-anapog-filling-materials-017,"Aggregates, Anapog & Filling Materials",contracting,"YOUR MATERIALS BUSINESS HAS MORE TO SHOW THAN A PRICE PER LOAD. 📸🚛

Stockpiles, loading, trucks, completed deliveries and projects using your materials can help build confidence with future customers.

BuildFrame can help organize this into an online showcase that's easy to share.

SHOW THE MATERIALS. SHOW THE DELIVERY. BUILD TRUST.

#Aggregates #Anapog #OnlinePortfolio #ConstructionMaterials #BuildFrame

🌐 BuildFrame Business Software: https://buildframe-business-software.pages.dev/
🛠️ See Our Work — Portfolio: https://myportfolio.buildframe-digitalsystem.workers.dev/
📘 Facebook: https://www.facebook.com/buildframebusinessoperatingsystem/
💬 WhatsApp: https://wa.me/639760110243
📧 Email: buildframe.digitalsystem@gmail.com

BuildFrame — Built & Tailored for Your Business.",construction/aggregates-anapog-filling-materials.png
property-management-017,Property Management,contracting,"WELL-MANAGED PROPERTIES CAN HELP BUILD TRUST. 📸✨

Clean common areas, organized maintenance and visible improvements can help potential clients understand the quality of your management.

BuildFrame can help organize appropriate property examples into an online portfolio that's easy to show and share.

LET REAL PROPERTY CARE SPEAK FOR YOUR BUSINESS.

#PropertyManagement #PropertyPortfolio #BuildingManagement #RealEstateServices #BuildFrame

🌐 BuildFrame Business Software: https://buildframe-business-software.pages.dev/
🛠️ See Our Work — Portfolio: https://myportfolio.buildframe-digitalsystem.workers.dev/
📘 Facebook: https://www.facebook.com/buildframebusinessoperatingsystem/
💬 WhatsApp: https://wa.me/639760110243
📧 Email: buildframe.digitalsystem@gmail.com

BuildFrame — Built & Tailored for Your Business.",construction/property-management.png
engineering-services-017,Engineering Services,contracting,"YOUR COMPLETED PROJECTS CAN HELP EXPLAIN YOUR EXPERIENCE. 📸🏗️

Past engineering work can help future clients understand the types of projects and problems your team has handled.

BuildFrame can help organize appropriate completed projects into a professional online portfolio that's easy to show and share.

LET REAL PROJECT EXPERIENCE BUILD CONFIDENCE.

#EngineeringServices #EngineeringPortfolio #CompletedProjects #ProfessionalServices #BuildFrame

🌐 BuildFrame Business Software: https://buildframe-business-software.pages.dev/
🛠️ See Our Work — Portfolio: https://myportfolio.buildframe-digitalsystem.workers.dev/
📘 Facebook: https://www.facebook.com/buildframebusinessoperatingsystem/
💬 WhatsApp: https://wa.me/639760110243
📧 Email: buildframe.digitalsystem@gmail.com

BuildFrame — Built & Tailored for Your Business.",construction/engineering-services.png
architectural-design-services-017,Architectural & Design Services,contracting,"YOUR COMPLETED DESIGNS CAN HELP WIN THE NEXT PROJECT. 📸✨

Selected homes, commercial spaces, renovations and other completed projects can help future clients understand your experience and style.

BuildFrame can help organize completed work into a professional online portfolio that's easy to show and share.

LET REAL PROJECTS BUILD CONFIDENCE IN YOUR WORK.

#ArchitecturalServices #DesignPortfolio #CompletedProjects #Architecture #BuildFrame

🌐 BuildFrame Business Software: https://buildframe-business-software.pages.dev/
🛠️ See Our Work — Portfolio: https://myportfolio.buildframe-digitalsystem.workers.dev/
📘 Facebook: https://www.facebook.com/buildframebusinessoperatingsystem/
💬 WhatsApp: https://wa.me/639760110243
📧 Email: buildframe.digitalsystem@gmail.com

BuildFrame — Built & Tailored for Your Business.",construction/architectural-design-services.png
specialty-subcontractors-trade-specialists-017,Specialty Subcontractors & Trade Specialists,contracting,"YOUR SPECIALIZED WORK CAN HELP WIN THE NEXT PROJECT. 📸✨

Completed installations and trade-specific work give future contractors and clients real examples of your experience.

BuildFrame can help organize completed projects into a professional online portfolio that's easy to show and share.

LET YOUR SPECIALTY SPEAK FOR YOUR BUSINESS.

#SpecialtySubcontractors #TradePortfolio #CompletedProjects #ConstructionTrades #BuildFrame

🌐 BuildFrame Business Software: https://buildframe-business-software.pages.dev/
🛠️ See Our Work — Portfolio: https://myportfolio.buildframe-digitalsystem.workers.dev/
📘 Facebook: https://www.facebook.com/buildframebusinessoperatingsystem/
💬 WhatsApp: https://wa.me/639760110243
📧 Email: buildframe.digitalsystem@gmail.com

BuildFrame — Built & Tailored for Your Business.",construction/specialty-subcontractors-trade-specialists.png
emergency-repair-construction-services-017,Emergency Repair & Construction Services,contracting,"YOUR BEFORE-AND-AFTER WORK CAN BUILD CONFIDENCE. 📸✨

Real repair examples can show potential customers the kinds of problems your team has handled.

BuildFrame can help organize appropriate completed jobs into a professional online portfolio that's easy to show and share.

LET REAL REPAIRS SHOW WHAT YOUR TEAM CAN DO.

#EmergencyRepair #RepairPortfolio #BeforeAndAfter #ConstructionServices #BuildFrame

🌐 BuildFrame Business Software: https://buildframe-business-software.pages.dev/
🛠️ See Our Work — Portfolio: https://myportfolio.buildframe-digitalsystem.workers.dev/
📘 Facebook: https://www.facebook.com/buildframebusinessoperatingsystem/
💬 WhatsApp: https://wa.me/639760110243
📧 Email: buildframe.digitalsystem@gmail.com

BuildFrame — Built & Tailored for Your Business.",construction/emergency-repair-construction-services.png
general-contractors-018,General Contractors,contracting,"YOUR NEXT CUSTOMER MAY ALREADY BE SCROLLING. 📱

Social media can help people recognize your company, see your projects and understand the services you offer.

BuildFrame can help organize a steady online presence using clear, useful content based on the real work your business does.

BE VISIBLE WITHOUT HAVING TO BECOME A FULL-TIME CONTENT CREATOR.

#GeneralContractors #ConstructionSocialMedia #ContractorMarketing #OnlinePresence #BuildFrame

🌐 BuildFrame Business Software: https://buildframe-business-software.pages.dev/
🛠️ See Our Work — Portfolio: https://myportfolio.buildframe-digitalsystem.workers.dev/
📘 Facebook: https://www.facebook.com/buildframebusinessoperatingsystem/
💬 WhatsApp: https://wa.me/639760110243
📧 Email: buildframe.digitalsystem@gmail.com

BuildFrame — Built & Tailored for Your Business.",construction/general-contractors.png
roofing-contractors-018,Roofing Contractors,contracting,"YOU DON'T NEED TO BE A CONTENT EXPERT TO STAY VISIBLE ONLINE. 📱

Your roofing work already gives you useful content — inspections, progress photos, before-and-after projects and maintenance tips.

BuildFrame can help organize those ideas into a steady social media presence so customers continue seeing what your business does.

DO THE ROOFING. LET'S MAKE THE WORK EASIER TO SHOW.

#RoofingContractors #RoofingSocialMedia #RoofingMarketing #OnlinePresence #BuildFrame

🌐 BuildFrame Business Software: https://buildframe-business-software.pages.dev/
🛠️ See Our Work — Portfolio: https://myportfolio.buildframe-digitalsystem.workers.dev/
📘 Facebook: https://www.facebook.com/buildframebusinessoperatingsystem/
💬 WhatsApp: https://wa.me/639760110243
📧 Email: buildframe.digitalsystem@gmail.com

BuildFrame — Built & Tailored for Your Business.",construction/roofing-contractors.png
electrical-contractors-018,Electrical Contractors,contracting,"YOU DON'T HAVE TO BECOME A SOCIAL MEDIA EXPERT. 📱⚡

Your daily electrical work already provides useful ideas — completed installations, safety reminders, project progress and before-and-after improvements.

BuildFrame can help turn those real situations into a steady online presence for your business.

KEEP DOING THE WORK. WE CAN HELP MAKE IT EASIER TO SHOW.

#ElectricalContractors #ElectricalSocialMedia #ElectricianMarketing #OnlinePresence #BuildFrame

🌐 BuildFrame Business Software: https://buildframe-business-software.pages.dev/
🛠️ See Our Work — Portfolio: https://myportfolio.buildframe-digitalsystem.workers.dev/
📘 Facebook: https://www.facebook.com/buildframebusinessoperatingsystem/
💬 WhatsApp: https://wa.me/639760110243
📧 Email: buildframe.digitalsystem@gmail.com

BuildFrame — Built & Tailored for Your Business.",construction/electrical-contractors.png
plumbing-contractors-018,Plumbing Contractors,contracting,"YOU DON'T HAVE TO DANCE ON CAMERA TO MARKET A PLUMBING BUSINESS. 😂📱

Useful content can be simple: a finished installation, a before-and-after repair, a maintenance reminder or a quick look at today's job.

BuildFrame can help turn your real plumbing work into a steady, professional online presence.

YOU DO THE PLUMBING. WE'LL HELP MAKE THE WORK EASIER TO SHOW.

#PlumbingContractors #PlumbingSocialMedia #PlumbingMarketing #OnlinePresence #BuildFrame

🌐 BuildFrame Business Software: https://buildframe-business-software.pages.dev/
🛠️ See Our Work — Portfolio: https://myportfolio.buildframe-digitalsystem.workers.dev/
📘 Facebook: https://www.facebook.com/buildframebusinessoperatingsystem/
💬 WhatsApp: https://wa.me/639760110243
📧 Email: buildframe.digitalsystem@gmail.com

BuildFrame — Built & Tailored for Your Business.",construction/plumbing-contractors.png
hvac-contractors-018,HVAC Contractors,contracting,"YOU DON'T NEED TO BECOME A FULL-TIME CONTENT CREATOR. 📱❄️

Your HVAC work already gives you useful content — maintenance tips, cleaning results, new installations and before-and-after projects.

BuildFrame can help turn those real situations into a steady online presence so people continue seeing what your business does.

DO THE HVAC WORK. WE'LL HELP MAKE IT EASIER TO SHOW.

#HVACContractors #HVACContentCreator #HVACSocialMedia #HVACMarketing #BuildFrame

🌐 BuildFrame Business Software: https://buildframe-business-software.pages.dev/
🛠️ See Our Work — Portfolio: https://myportfolio.buildframe-digitalsystem.workers.dev/
📘 Facebook: https://www.facebook.com/buildframebusinessoperatingsystem/
💬 WhatsApp: https://wa.me/639760110243
📧 Email: buildframe.digitalsystem@gmail.com

BuildFrame — Built & Tailored for Your Business.",construction/hvac-contractors.png
renovation-remodeling-018,Renovation & Remodeling,contracting,"RENOVATION BUSINESSES HAVE A NATURAL ADVANTAGE ON SOCIAL MEDIA. 📱🏠

People love transformations, progress videos, design ideas and before-and-after projects.

You don't need to become a full-time content creator. BuildFrame can help turn your actual renovation work into a steady online presence.

YOUR WORK IS ALREADY CONTENT. LET'S USE IT WELL.

#RenovationContractors #ContentCreator #RenovationSocialMedia #RemodelingMarketing #BuildFrame

🌐 BuildFrame Business Software: https://buildframe-business-software.pages.dev/
🛠️ See Our Work — Portfolio: https://myportfolio.buildframe-digitalsystem.workers.dev/
📘 Facebook: https://www.facebook.com/buildframebusinessoperatingsystem/
💬 WhatsApp: https://wa.me/639760110243
📧 Email: buildframe.digitalsystem@gmail.com

BuildFrame — Built & Tailored for Your Business.",construction/renovation-remodeling.png
handyman-property-maintenance-018,Handyman & Property Maintenance,contracting,"YOU DON'T NEED A FANCY STUDIO TO CREATE USEFUL CONTENT. 📱🔧

Your real work is enough — before-and-after repairs, maintenance tips, quick fixes and completed jobs.

BuildFrame can help turn those everyday situations into a steady online presence without asking you to become a full-time content creator.

FIX IT. DOCUMENT IT. LET PEOPLE SEE YOUR WORK.

#HandymanServices #ContentCreator #PropertyMaintenance #SocialMedia #BuildFrame

🌐 BuildFrame Business Software: https://buildframe-business-software.pages.dev/
🛠️ See Our Work — Portfolio: https://myportfolio.buildframe-digitalsystem.workers.dev/
📘 Facebook: https://www.facebook.com/buildframebusinessoperatingsystem/
💬 WhatsApp: https://wa.me/639760110243
📧 Email: buildframe.digitalsystem@gmail.com

BuildFrame — Built & Tailored for Your Business.",construction/handyman-property-maintenance.png
tiling-flooring-contractors-018,Tiling & Flooring Contractors,contracting,"YOU ALREADY HAVE CONTENT UNDER YOUR FEET. 😄📱

Tile patterns, before-and-after floors, installation progress, material choices and finished rooms can all become useful content.

You don't need to become a full-time content creator. BuildFrame can help turn your real projects into a steady professional online presence.

INSTALL IT. DOCUMENT IT. LET PEOPLE SEE IT.

#TilingContractors #FlooringContractors #ContentCreator #FlooringSocialMedia #BuildFrame

🌐 BuildFrame Business Software: https://buildframe-business-software.pages.dev/
🛠️ See Our Work — Portfolio: https://myportfolio.buildframe-digitalsystem.workers.dev/
📘 Facebook: https://www.facebook.com/buildframebusinessoperatingsystem/
💬 WhatsApp: https://wa.me/639760110243
📧 Email: buildframe.digitalsystem@gmail.com

BuildFrame — Built & Tailored for Your Business.",construction/tiling-flooring-contractors.png
landscaping-contractors-018,Landscaping Contractors,contracting,"YOUR JOB SITE IS ALREADY A CONTENT STUDIO. 🌿📱

Planting days, garden transformations, maintenance tips, landscape progress and before-and-after projects can all become useful content.

You don't need to become a full-time content creator. BuildFrame can help turn your real work into a steady professional online presence.

CREATE BEAUTIFUL SPACES. DOCUMENT THEM. LET PEOPLE SEE THEM.

#LandscapingContractors #ContentCreator #LandscapeSocialMedia #LandscapingMarketing #BuildFrame

🌐 BuildFrame Business Software: https://buildframe-business-software.pages.dev/
🛠️ See Our Work — Portfolio: https://myportfolio.buildframe-digitalsystem.workers.dev/
📘 Facebook: https://www.facebook.com/buildframebusinessoperatingsystem/
💬 WhatsApp: https://wa.me/639760110243
📧 Email: buildframe.digitalsystem@gmail.com

BuildFrame — Built & Tailored for Your Business.",construction/landscaping-contractors.png
metal-fabrication-018,Metal Fabrication,contracting,"YOUR WORKSHOP ALREADY HAS CONTENT WORTH SHOWING. 📱🔥

Cutting, welding, assembly, finishing and installation can help people understand the skill behind your work.

You don't need to become a full-time content creator. BuildFrame can help turn real fabrication work into a steady professional online presence.

MAKE IT. DOCUMENT IT. LET PEOPLE SEE IT.

#MetalFabrication #ContentCreator #WeldingContent #FabricationMarketing #BuildFrame

🌐 BuildFrame Business Software: https://buildframe-business-software.pages.dev/
🛠️ See Our Work — Portfolio: https://myportfolio.buildframe-digitalsystem.workers.dev/
📘 Facebook: https://www.facebook.com/buildframebusinessoperatingsystem/
💬 WhatsApp: https://wa.me/639760110243
📧 Email: buildframe.digitalsystem@gmail.com

BuildFrame — Built & Tailored for Your Business.",construction/metal-fabrication.png
glass-aluminum-contractors-018,Glass & Aluminum Contractors,contracting,"YOUR INSTALLATION DAY IS ALREADY CONTENT. 📱🪟

Measurements, fabrication, installation progress and the final reveal can all become useful content for potential customers.

You don't need to become a full-time content creator. BuildFrame can help turn your real work into a steady professional online presence.

MAKE IT. INSTALL IT. DOCUMENT IT. LET PEOPLE SEE IT.

#GlassAndAluminum #ContentCreator #ContractorSocialMedia #AluminumFabrication #BuildFrame

🌐 BuildFrame Business Software: https://buildframe-business-software.pages.dev/
🛠️ See Our Work — Portfolio: https://myportfolio.buildframe-digitalsystem.workers.dev/
📘 Facebook: https://www.facebook.com/buildframebusinessoperatingsystem/
💬 WhatsApp: https://wa.me/639760110243
📧 Email: buildframe.digitalsystem@gmail.com

BuildFrame — Built & Tailored for Your Business.",construction/glass-aluminum-contractors.png
woodworking-carpentry-018,Woodworking & Carpentry,contracting,"YOUR WORKSHOP IS ALREADY FULL OF CONTENT. 📱🪵

Cutting, assembly, sanding, finishing and final installation can all become interesting and useful content.

You don't need to become a full-time content creator. BuildFrame can help turn your real carpentry work into a steady professional online presence.

BUILD IT. DOCUMENT IT. LET PEOPLE SEE THE CRAFT.

#Woodworking #CarpentryContractors #ContentCreator #CarpentrySocialMedia #BuildFrame

🌐 BuildFrame Business Software: https://buildframe-business-software.pages.dev/
🛠️ See Our Work — Portfolio: https://myportfolio.buildframe-digitalsystem.workers.dev/
📘 Facebook: https://www.facebook.com/buildframebusinessoperatingsystem/
💬 WhatsApp: https://wa.me/639760110243
📧 Email: buildframe.digitalsystem@gmail.com

BuildFrame — Built & Tailored for Your Business.",construction/woodworking-carpentry.png
solar-installation-contractors-018,Solar Installation Contractors,contracting,"SOLAR GIVES YOU USEFUL CONTENT EVERY DAY. 📱☀️

Site assessments, installation progress, completed systems and simple educational tips can all become valuable content for potential customers.

You don't need to become a full-time content creator. BuildFrame can help turn your real work into a steady professional online presence.

INSTALL IT. EXPLAIN IT SIMPLY. LET PEOPLE SEE IT.

#SolarContractors #ContentCreator #SolarSocialMedia #SolarMarketing #BuildFrame

🌐 BuildFrame Business Software: https://buildframe-business-software.pages.dev/
🛠️ See Our Work — Portfolio: https://myportfolio.buildframe-digitalsystem.workers.dev/
📘 Facebook: https://www.facebook.com/buildframebusinessoperatingsystem/
💬 WhatsApp: https://wa.me/639760110243
📧 Email: buildframe.digitalsystem@gmail.com

BuildFrame — Built & Tailored for Your Business.",construction/solar-installation-contractors.png
construction-suppliers-building-materials-018,Construction Suppliers & Building Materials,contracting,"NEW STOCK ARRIVED? THAT'S CONTENT. BIG DELIVERY? THAT'S CONTENT TOO. 📱🚚

Products, material tips, new arrivals, deliveries and project applications can all become useful content for contractors and property owners.

You don't need to become a full-time content creator. BuildFrame can help turn everyday business activity into a steady professional online presence.

YOUR DAILY SUPPLY WORK CAN KEEP YOUR BUSINESS VISIBLE.

#ConstructionSuppliers #BuildingMaterials #ContentCreator #SupplierMarketing #BuildFrame

🌐 BuildFrame Business Software: https://buildframe-business-software.pages.dev/
🛠️ See Our Work — Portfolio: https://myportfolio.buildframe-digitalsystem.workers.dev/
📘 Facebook: https://www.facebook.com/buildframebusinessoperatingsystem/
💬 WhatsApp: https://wa.me/639760110243
📧 Email: buildframe.digitalsystem@gmail.com

BuildFrame — Built & Tailored for Your Business.",construction/construction-suppliers-building-materials.png
aggregates-anapog-filling-materials-018,"Aggregates, Anapog & Filling Materials",contracting,"A FULL TRUCK LEAVING THE YARD? THAT'S CONTENT. 📱🚛

Loading, deliveries, material tips and site applications can all become useful content for contractors and developers.

You don't need to become a full-time content creator. BuildFrame can help turn everyday operations into a steady professional online presence.

YOUR DAILY OPERATIONS CAN KEEP YOUR BUSINESS VISIBLE.

#Aggregates #FillingMaterials #ContentCreator #ConstructionMarketing #BuildFrame

🌐 BuildFrame Business Software: https://buildframe-business-software.pages.dev/
🛠️ See Our Work — Portfolio: https://myportfolio.buildframe-digitalsystem.workers.dev/
📘 Facebook: https://www.facebook.com/buildframebusinessoperatingsystem/
💬 WhatsApp: https://wa.me/639760110243
📧 Email: buildframe.digitalsystem@gmail.com

BuildFrame — Built & Tailored for Your Business.",construction/aggregates-anapog-filling-materials.png
property-management-018,Property Management,contracting,"PROPERTY MANAGEMENT HAS CONTENT WORTH SHARING. 📱🏢

Maintenance tips, property care, improvements and simple owner education can all become useful content.

You don't need to become a full-time content creator. BuildFrame can help turn your real work and knowledge into a steady professional online presence.

SHARE USEFUL PROPERTY KNOWLEDGE. SHOW REAL SERVICE.

#PropertyManagement #ContentCreator #PropertyContent #RealEstateMarketing #BuildFrame

🌐 BuildFrame Business Software: https://buildframe-business-software.pages.dev/
🛠️ See Our Work — Portfolio: https://myportfolio.buildframe-digitalsystem.workers.dev/
📘 Facebook: https://www.facebook.com/buildframebusinessoperatingsystem/
💬 WhatsApp: https://wa.me/639760110243
📧 Email: buildframe.digitalsystem@gmail.com

BuildFrame — Built & Tailored for Your Business.",construction/property-management.png
engineering-services-018,Engineering Services,contracting,"ENGINEERING KNOWLEDGE CAN BECOME VALUABLE CONTENT. 📱📐

Simple explanations, project lessons, site observations and appropriate progress updates can help people understand your expertise.

You don't need to become a full-time content creator. BuildFrame can help turn professional knowledge and real work into a steady online presence.

SHARE USEFUL KNOWLEDGE. SHOW REAL EXPERIENCE.

#EngineeringServices #ContentCreator #EngineeringContent #ProfessionalMarketing #BuildFrame

🌐 BuildFrame Business Software: https://buildframe-business-software.pages.dev/
🛠️ See Our Work — Portfolio: https://myportfolio.buildframe-digitalsystem.workers.dev/
📘 Facebook: https://www.facebook.com/buildframebusinessoperatingsystem/
💬 WhatsApp: https://wa.me/639760110243
📧 Email: buildframe.digitalsystem@gmail.com

BuildFrame — Built & Tailored for Your Business.",construction/engineering-services.png
architectural-design-services-018,Architectural & Design Services,contracting,"DESIGN KNOWLEDGE CAN BECOME GREAT CONTENT. 📱📐

Simple design tips, project stories, sketches, before-and-after transformations and site progress can all become useful content.

You don't need to become a full-time content creator. BuildFrame can help turn your real work and professional knowledge into a steady online presence.

DESIGN IT. DOCUMENT IT. LET PEOPLE SEE THE THINKING BEHIND IT.

#ArchitecturalDesign #ContentCreator #ArchitectureContent #DesignMarketing #BuildFrame

🌐 BuildFrame Business Software: https://buildframe-business-software.pages.dev/
🛠️ See Our Work — Portfolio: https://myportfolio.buildframe-digitalsystem.workers.dev/
📘 Facebook: https://www.facebook.com/buildframebusinessoperatingsystem/
💬 WhatsApp: https://wa.me/639760110243
📧 Email: buildframe.digitalsystem@gmail.com

BuildFrame — Built & Tailored for Your Business.",construction/architectural-design-services.png
specialty-subcontractors-trade-specialists-018,Specialty Subcontractors & Trade Specialists,contracting,"YOUR TRADE HAS CONTENT MOST PEOPLE NEVER GET TO SEE. 📱🛠️

Installation processes, specialist techniques, project progress and completed work can all become useful professional content.

You don't need to become a full-time content creator. BuildFrame can help turn real trade work into a steady professional online presence.

DO THE WORK. DOCUMENT THE SKILL. LET PEOPLE SEE IT.

#SpecialtySubcontractors #ContentCreator #TradeSpecialists #ConstructionMarketing #BuildFrame

🌐 BuildFrame Business Software: https://buildframe-business-software.pages.dev/
🛠️ See Our Work — Portfolio: https://myportfolio.buildframe-digitalsystem.workers.dev/
📘 Facebook: https://www.facebook.com/buildframebusinessoperatingsystem/
💬 WhatsApp: https://wa.me/639760110243
📧 Email: buildframe.digitalsystem@gmail.com

BuildFrame — Built & Tailored for Your Business.",construction/specialty-subcontractors-trade-specialists.png
emergency-repair-construction-services-018,Emergency Repair & Construction Services,contracting,"REPAIR KNOWLEDGE CAN BECOME USEFUL CONTENT. 📱🔧

Simple maintenance tips, warning signs, repair explanations and before-and-after work can help property owners understand when professional help is needed.

You don't need to become a full-time content creator. BuildFrame can help turn your real work and practical knowledge into a steady online presence.

HELP PEOPLE UNDERSTAND THE PROBLEM BEFORE IT BECOMES BIGGER.

#EmergencyRepair #ContentCreator #RepairTips #ConstructionContent #BuildFrame

🌐 BuildFrame Business Software: https://buildframe-business-software.pages.dev/
🛠️ See Our Work — Portfolio: https://myportfolio.buildframe-digitalsystem.workers.dev/
📘 Facebook: https://www.facebook.com/buildframebusinessoperatingsystem/
💬 WhatsApp: https://wa.me/639760110243
📧 Email: buildframe.digitalsystem@gmail.com

BuildFrame — Built & Tailored for Your Business.",construction/emergency-repair-construction-services.png
general-contractors-019,General Contractors,contracting,"GOOD CONTRACTORS SHOULDN'T HAVE TO WAIT FOR EVERY CUSTOMER TO FIND THEM. 🌍

Sometimes the right businesses and project partners simply haven't heard of your company yet.

BuildFrame can help with professional online outreach — introducing your services clearly to potential customers or partners instead of sending confusing, generic messages.

REACH OUT WITH A CLEAR MESSAGE AND REAL WORK TO SHOW.

#GeneralContractors #ColdOutreach #ConstructionBusiness #BusinessGrowth #BuildFrame

🌐 BuildFrame Business Software: https://buildframe-business-software.pages.dev/
🛠️ See Our Work — Portfolio: https://myportfolio.buildframe-digitalsystem.workers.dev/
📘 Facebook: https://www.facebook.com/buildframebusinessoperatingsystem/
💬 WhatsApp: https://wa.me/639760110243
📧 Email: buildframe.digitalsystem@gmail.com

BuildFrame — Built & Tailored for Your Business.",construction/general-contractors.png
roofing-contractors-019,Roofing Contractors,contracting,"WHAT IF THE RIGHT PROPERTY OWNER HAS NEVER HEARD OF YOUR ROOFING COMPANY? 🌍

Not every new customer will discover you by accident.

BuildFrame can help introduce your roofing services through clear, professional outreach to potential customers, property businesses or project partners.

REACH THE RIGHT PEOPLE WITH A SIMPLE MESSAGE AND REAL WORK TO SHOW.

#RoofingContractors #RoofingBusiness #ColdOutreach #ContractorMarketing #BuildFrame

🌐 BuildFrame Business Software: https://buildframe-business-software.pages.dev/
🛠️ See Our Work — Portfolio: https://myportfolio.buildframe-digitalsystem.workers.dev/
📘 Facebook: https://www.facebook.com/buildframebusinessoperatingsystem/
💬 WhatsApp: https://wa.me/639760110243
📧 Email: buildframe.digitalsystem@gmail.com

BuildFrame — Built & Tailored for Your Business.",construction/roofing-contractors.png
electrical-contractors-019,Electrical Contractors,contracting,"WHAT IF THE RIGHT BUILDER, BUSINESS OR PROPERTY OWNER DOESN'T KNOW YOU EXIST? 🌍

Waiting to be discovered isn't the only way to find opportunities.

BuildFrame can help introduce your electrical services through clear, professional outreach to potential customers and project partners.

SHOW WHO YOU ARE, WHAT YOU DO AND HOW PEOPLE CAN REACH YOU.

#ElectricalContractors #ElectricalBusiness #ColdOutreach #ContractorMarketing #BuildFrame

🌐 BuildFrame Business Software: https://buildframe-business-software.pages.dev/
🛠️ See Our Work — Portfolio: https://myportfolio.buildframe-digitalsystem.workers.dev/
📘 Facebook: https://www.facebook.com/buildframebusinessoperatingsystem/
💬 WhatsApp: https://wa.me/639760110243
📧 Email: buildframe.digitalsystem@gmail.com

BuildFrame — Built & Tailored for Your Business.",construction/electrical-contractors.png
plumbing-contractors-019,Plumbing Contractors,contracting,"WHAT IF PROPERTY OWNERS AND BUILDERS NEARBY DON'T KNOW YOUR COMPANY YET? 🌍

Not every new customer will find you on their own.

BuildFrame can help introduce your plumbing services through clear, professional outreach to potential customers, businesses and project partners.

TELL THE RIGHT PEOPLE WHAT YOU DO AND HOW TO REACH YOU.

#PlumbingContractors #PlumbingBusiness #ColdOutreach #ContractorMarketing #BuildFrame

🌐 BuildFrame Business Software: https://buildframe-business-software.pages.dev/
🛠️ See Our Work — Portfolio: https://myportfolio.buildframe-digitalsystem.workers.dev/
📘 Facebook: https://www.facebook.com/buildframebusinessoperatingsystem/
💬 WhatsApp: https://wa.me/639760110243
📧 Email: buildframe.digitalsystem@gmail.com

BuildFrame — Built & Tailored for Your Business.",construction/plumbing-contractors.png
hvac-contractors-019,HVAC Contractors,contracting,"WHAT IF THE RIGHT HOMEOWNER, OFFICE OR PROPERTY MANAGER DOESN'T KNOW YOU EXIST? 🌍

Not every customer will discover your HVAC company on their own.

BuildFrame can help introduce your services through clear, professional outreach to potential customers, businesses and project partners.

TELL THE RIGHT PEOPLE WHAT YOU DO AND HOW TO REACH YOU.

#HVACContractors #HVACBusiness #ColdOutreach #HVACMarketing #BuildFrame

🌐 BuildFrame Business Software: https://buildframe-business-software.pages.dev/
🛠️ See Our Work — Portfolio: https://myportfolio.buildframe-digitalsystem.workers.dev/
📘 Facebook: https://www.facebook.com/buildframebusinessoperatingsystem/
💬 WhatsApp: https://wa.me/639760110243
📧 Email: buildframe.digitalsystem@gmail.com

BuildFrame — Built & Tailored for Your Business.",construction/hvac-contractors.png
renovation-remodeling-019,Renovation & Remodeling,contracting,"WHAT IF THE NEXT PROPERTY OWNER LOOKING TO RENOVATE HAS NEVER HEARD OF YOU? 🌍

Waiting for referrals doesn't have to be the only way people discover your business.

BuildFrame can help introduce your renovation services through clear, professional outreach to potential customers, property businesses and project partners.

SHOW THE RIGHT PEOPLE WHAT YOUR BUSINESS CAN DO.

#RenovationContractors #RenovationBusiness #ColdOutreach #ContractorMarketing #BuildFrame

🌐 BuildFrame Business Software: https://buildframe-business-software.pages.dev/
🛠️ See Our Work — Portfolio: https://myportfolio.buildframe-digitalsystem.workers.dev/
📘 Facebook: https://www.facebook.com/buildframebusinessoperatingsystem/
💬 WhatsApp: https://wa.me/639760110243
📧 Email: buildframe.digitalsystem@gmail.com

BuildFrame — Built & Tailored for Your Business.",construction/renovation-remodeling.png
handyman-property-maintenance-019,Handyman & Property Maintenance,contracting,"WHAT IF PROPERTY MANAGERS NEARBY DON'T KNOW YOU CAN HELP THEM? 🏢

Homeowners aren't your only possible customers. Offices, rental properties, shops and property managers may also need dependable maintenance support.

BuildFrame can help introduce your services through clear, professional outreach to potential customers and business partners.

HELP THE RIGHT PEOPLE DISCOVER WHAT YOU DO.

#PropertyMaintenance #HandymanBusiness #ColdOutreach #MaintenanceServices #BuildFrame

🌐 BuildFrame Business Software: https://buildframe-business-software.pages.dev/
🛠️ See Our Work — Portfolio: https://myportfolio.buildframe-digitalsystem.workers.dev/
📘 Facebook: https://www.facebook.com/buildframebusinessoperatingsystem/
💬 WhatsApp: https://wa.me/639760110243
📧 Email: buildframe.digitalsystem@gmail.com

BuildFrame — Built & Tailored for Your Business.",construction/handyman-property-maintenance.png
tiling-flooring-contractors-019,Tiling & Flooring Contractors,contracting,"WHAT IF BUILDERS, DESIGNERS AND PROPERTY OWNERS DON'T KNOW YOUR COMPANY YET? 🌍

Waiting for referrals isn't the only way to find new project opportunities.

BuildFrame can help introduce your tiling and flooring services through clear, professional outreach to potential customers and project partners.

SHOW THE RIGHT PEOPLE WHAT YOUR BUSINESS CAN DO.

#TilingContractors #FlooringContractors #ColdOutreach #ContractorMarketing #BuildFrame

🌐 BuildFrame Business Software: https://buildframe-business-software.pages.dev/
🛠️ See Our Work — Portfolio: https://myportfolio.buildframe-digitalsystem.workers.dev/
📘 Facebook: https://www.facebook.com/buildframebusinessoperatingsystem/
💬 WhatsApp: https://wa.me/639760110243
📧 Email: buildframe.digitalsystem@gmail.com

BuildFrame — Built & Tailored for Your Business.",construction/tiling-flooring-contractors.png
landscaping-contractors-019,Landscaping Contractors,contracting,"WHAT IF PROPERTY DEVELOPERS AND BUSINESS OWNERS DON'T KNOW YOUR COMPANY YET? 🌍🌳

Waiting for referrals isn't the only way to find new landscaping opportunities.

BuildFrame can help introduce your services through clear, professional outreach to potential customers, property businesses and project partners.

SHOW THE RIGHT PEOPLE WHAT YOUR BUSINESS CAN DO.

#LandscapingContractors #LandscapingBusiness #ColdOutreach #ContractorMarketing #BuildFrame

🌐 BuildFrame Business Software: https://buildframe-business-software.pages.dev/
🛠️ See Our Work — Portfolio: https://myportfolio.buildframe-digitalsystem.workers.dev/
📘 Facebook: https://www.facebook.com/buildframebusinessoperatingsystem/
💬 WhatsApp: https://wa.me/639760110243
📧 Email: buildframe.digitalsystem@gmail.com

BuildFrame — Built & Tailored for Your Business.",construction/landscaping-contractors.png
metal-fabrication-019,Metal Fabrication,contracting,"WHAT IF BUILDERS AND PROPERTY DEVELOPERS DON'T KNOW YOUR SHOP YET? 🌍

Waiting for referrals isn't the only way to find fabrication opportunities.

BuildFrame can help introduce your services through clear, professional outreach to builders, businesses, property owners and project partners.

SHOW THE RIGHT PEOPLE WHAT YOU CAN FABRICATE.

#MetalFabrication #FabricationBusiness #ColdOutreach #ContractorMarketing #BuildFrame

🌐 BuildFrame Business Software: https://buildframe-business-software.pages.dev/
🛠️ See Our Work — Portfolio: https://myportfolio.buildframe-digitalsystem.workers.dev/
📘 Facebook: https://www.facebook.com/buildframebusinessoperatingsystem/
💬 WhatsApp: https://wa.me/639760110243
📧 Email: buildframe.digitalsystem@gmail.com

BuildFrame — Built & Tailored for Your Business.",construction/metal-fabrication.png
glass-aluminum-contractors-019,Glass & Aluminum Contractors,contracting,"WHAT IF BUILDERS, ARCHITECTS AND PROPERTY OWNERS DON'T KNOW YOUR COMPANY YET? 🌍

Waiting for referrals isn't the only way to find glass and aluminum project opportunities.

BuildFrame can help introduce your services through clear, professional outreach to potential customers and project partners.

SHOW THE RIGHT PEOPLE WHAT YOUR BUSINESS CAN DO.

#GlassContractors #AluminumContractors #ColdOutreach #ContractorMarketing #BuildFrame

🌐 BuildFrame Business Software: https://buildframe-business-software.pages.dev/
🛠️ See Our Work — Portfolio: https://myportfolio.buildframe-digitalsystem.workers.dev/
📘 Facebook: https://www.facebook.com/buildframebusinessoperatingsystem/
💬 WhatsApp: https://wa.me/639760110243
📧 Email: buildframe.digitalsystem@gmail.com

BuildFrame — Built & Tailored for Your Business.",construction/glass-aluminum-contractors.png
woodworking-carpentry-019,Woodworking & Carpentry,contracting,"WHAT IF DESIGNERS, BUILDERS AND PROPERTY OWNERS DON'T KNOW YOUR SHOP YET? 🌍

Waiting for referrals isn't the only way to find custom carpentry opportunities.

BuildFrame can help introduce your services through clear, professional outreach to potential customers and project partners.

SHOW THE RIGHT PEOPLE WHAT YOU CAN BUILD.

#Woodworking #CarpentryContractors #ColdOutreach #ContractorMarketing #BuildFrame

🌐 BuildFrame Business Software: https://buildframe-business-software.pages.dev/
🛠️ See Our Work — Portfolio: https://myportfolio.buildframe-digitalsystem.workers.dev/
📘 Facebook: https://www.facebook.com/buildframebusinessoperatingsystem/
💬 WhatsApp: https://wa.me/639760110243
📧 Email: buildframe.digitalsystem@gmail.com

BuildFrame — Built & Tailored for Your Business.",construction/woodworking-carpentry.png
solar-installation-contractors-019,Solar Installation Contractors,contracting,"WHAT IF BUSINESSES AND PROPERTY OWNERS INTERESTED IN SOLAR DON'T KNOW YOU YET? 🌍🔋

Waiting for referrals isn't the only way to introduce your solar services to potential customers.

BuildFrame can help with clear, professional outreach to suitable businesses, property owners and project partners.

HELP THE RIGHT PEOPLE DISCOVER YOUR SOLAR BUSINESS.

#SolarContractors #SolarBusiness #ColdOutreach #SolarMarketing #BuildFrame

🌐 BuildFrame Business Software: https://buildframe-business-software.pages.dev/
🛠️ See Our Work — Portfolio: https://myportfolio.buildframe-digitalsystem.workers.dev/
📘 Facebook: https://www.facebook.com/buildframebusinessoperatingsystem/
💬 WhatsApp: https://wa.me/639760110243
📧 Email: buildframe.digitalsystem@gmail.com

BuildFrame — Built & Tailored for Your Business.",construction/solar-installation-contractors.png
construction-suppliers-building-materials-019,Construction Suppliers & Building Materials,contracting,"WHAT IF MORE CONTRACTORS AND DEVELOPERS KNEW WHAT YOU SUPPLY? 🌍🏗️

Waiting for walk-ins and referrals isn't the only way to reach potential business customers.

BuildFrame can help introduce your products and services through clear, professional outreach to contractors, builders, developers and other project businesses.

HELP THE RIGHT PROJECTS DISCOVER YOUR SUPPLY BUSINESS.

#ConstructionSuppliers #BuildingMaterials #ColdOutreach #ContractorMarketing #BuildFrame

🌐 BuildFrame Business Software: https://buildframe-business-software.pages.dev/
🛠️ See Our Work — Portfolio: https://myportfolio.buildframe-digitalsystem.workers.dev/
📘 Facebook: https://www.facebook.com/buildframebusinessoperatingsystem/
💬 WhatsApp: https://wa.me/639760110243
📧 Email: buildframe.digitalsystem@gmail.com

BuildFrame — Built & Tailored for Your Business.",construction/construction-suppliers-building-materials.png
aggregates-anapog-filling-materials-019,"Aggregates, Anapog & Filling Materials",contracting,"WHAT IF MORE CONTRACTORS AND DEVELOPERS KNEW YOU COULD SUPPLY THEIR SITE? 🌍🏗️

Waiting for referrals isn't the only way to find new material supply opportunities.

BuildFrame can help introduce your services through clear, professional outreach to contractors, developers, builders and project businesses.

HELP THE RIGHT PROJECTS DISCOVER YOUR BUSINESS.

#Aggregates #Anapog #ColdOutreach #ConstructionSupply #BuildFrame

🌐 BuildFrame Business Software: https://buildframe-business-software.pages.dev/
🛠️ See Our Work — Portfolio: https://myportfolio.buildframe-digitalsystem.workers.dev/
📘 Facebook: https://www.facebook.com/buildframebusinessoperatingsystem/
💬 WhatsApp: https://wa.me/639760110243
📧 Email: buildframe.digitalsystem@gmail.com

BuildFrame — Built & Tailored for Your Business.",construction/aggregates-anapog-filling-materials.png
property-management-019,Property Management,contracting,"WHAT IF MORE PROPERTY OWNERS AND INVESTORS KNEW YOUR COMPANY? 🌍🏢

Waiting only for referrals can limit who discovers your property management services.

BuildFrame can help introduce your services through clear, professional outreach to suitable owners, investors, developers and businesses.

HELP THE RIGHT PROPERTY OWNERS DISCOVER YOUR SERVICES.

#PropertyManagement #PropertyManagers #ColdOutreach #RealEstateMarketing #BuildFrame

🌐 BuildFrame Business Software: https://buildframe-business-software.pages.dev/
🛠️ See Our Work — Portfolio: https://myportfolio.buildframe-digitalsystem.workers.dev/
📘 Facebook: https://www.facebook.com/buildframebusinessoperatingsystem/
💬 WhatsApp: https://wa.me/639760110243
📧 Email: buildframe.digitalsystem@gmail.com

BuildFrame — Built & Tailored for Your Business.",construction/property-management.png
engineering-services-019,Engineering Services,contracting,"WHAT IF MORE CONTRACTORS AND DEVELOPERS KNEW YOUR ENGINEERING FIRM? 🌍🏗️

Waiting only for referrals can limit who discovers your services.

BuildFrame can help introduce your firm through clear, professional outreach to suitable contractors, developers, businesses and project partners.

HELP THE RIGHT PROJECT PARTNERS DISCOVER YOUR EXPERTISE.

#EngineeringServices #EngineeringFirm #ColdOutreach #ProfessionalServices #BuildFrame

🌐 BuildFrame Business Software: https://buildframe-business-software.pages.dev/
🛠️ See Our Work — Portfolio: https://myportfolio.buildframe-digitalsystem.workers.dev/
📘 Facebook: https://www.facebook.com/buildframebusinessoperatingsystem/
💬 WhatsApp: https://wa.me/639760110243
📧 Email: buildframe.digitalsystem@gmail.com

BuildFrame — Built & Tailored for Your Business.",construction/engineering-services.png
architectural-design-services-019,Architectural & Design Services,contracting,"WHAT IF MORE DEVELOPERS, CONTRACTORS AND PROPERTY OWNERS KNEW YOUR PRACTICE? 🌍🏗️

Waiting only for referrals can limit who discovers your architectural and design services.

BuildFrame can help introduce your practice through clear, professional outreach to suitable clients and project partners.

HELP THE RIGHT PEOPLE DISCOVER YOUR DESIGN EXPERTISE.

#ArchitecturalServices #DesignBusiness #ColdOutreach #ProfessionalServices #BuildFrame

🌐 BuildFrame Business Software: https://buildframe-business-software.pages.dev/
🛠️ See Our Work — Portfolio: https://myportfolio.buildframe-digitalsystem.workers.dev/
📘 Facebook: https://www.facebook.com/buildframebusinessoperatingsystem/
💬 WhatsApp: https://wa.me/639760110243
📧 Email: buildframe.digitalsystem@gmail.com

BuildFrame — Built & Tailored for Your Business.",construction/architectural-design-services.png
specialty-subcontractors-trade-specialists-019,Specialty Subcontractors & Trade Specialists,contracting,"WHAT IF MORE GENERAL CONTRACTORS KNEW YOUR SPECIALTY? 🌍🏗️

Waiting only for referrals can limit the projects and partners that discover your business.

BuildFrame can help introduce your specialty through clear, professional outreach to suitable contractors, developers, builders and project partners.

HELP THE RIGHT PROJECT TEAMS DISCOVER YOUR TRADE.

#SpecialtySubcontractors #TradeSpecialists #ColdOutreach #ContractorMarketing #BuildFrame

🌐 BuildFrame Business Software: https://buildframe-business-software.pages.dev/
🛠️ See Our Work — Portfolio: https://myportfolio.buildframe-digitalsystem.workers.dev/
📘 Facebook: https://www.facebook.com/buildframebusinessoperatingsystem/
💬 WhatsApp: https://wa.me/639760110243
📧 Email: buildframe.digitalsystem@gmail.com

BuildFrame — Built & Tailored for Your Business.",construction/specialty-subcontractors-trade-specialists.png
emergency-repair-construction-services-019,Emergency Repair & Construction Services,contracting,"WHAT IF MORE PROPERTY MANAGERS AND BUSINESSES KNEW WHO TO CALL? 🌍🚨

Property managers, landlords, offices and businesses often need reliable repair contacts before an emergency happens.

BuildFrame can help introduce your services through clear, professional outreach to suitable property managers, businesses, contractors and property owners.

BE KNOWN BEFORE THE NEXT URGENT REPAIR HAPPENS.

#EmergencyRepair #ColdOutreach #PropertyMaintenance #RepairContractors #BuildFrame

🌐 BuildFrame Business Software: https://buildframe-business-software.pages.dev/
🛠️ See Our Work — Portfolio: https://myportfolio.buildframe-digitalsystem.workers.dev/
📘 Facebook: https://www.facebook.com/buildframebusinessoperatingsystem/
💬 WhatsApp: https://wa.me/639760110243
📧 Email: buildframe.digitalsystem@gmail.com

BuildFrame — Built & Tailored for Your Business.",construction/emergency-repair-construction-services.png
general-contractors-020,General Contractors,contracting,"YOUR BUSINESS GREW. DID YOUR WAY OF MANAGING IT GROW TOO? 🏗️

The notebook, spreadsheet and group chat that worked with a few projects may become harder to manage as the company gets busier.

You don't have to throw everything away. BuildFrame can look at how you already work and help bring the difficult parts together — customers, quotations, projects, schedules, records and follow-ups — in a simpler system built around your business.

KEEP WHAT WORKS. MAKE THE HARD PARTS EASIER.

#GeneralContractors #ConstructionBusiness #ContractorManagement #BusinessSystem #BuildFrame

🌐 BuildFrame Business Software: https://buildframe-business-software.pages.dev/
🛠️ See Our Work — Portfolio: https://myportfolio.buildframe-digitalsystem.workers.dev/
📘 Facebook: https://www.facebook.com/buildframebusinessoperatingsystem/
💬 WhatsApp: https://wa.me/639760110243
📧 Email: buildframe.digitalsystem@gmail.com

BuildFrame — Built & Tailored for Your Business.",construction/general-contractors.png
roofing-contractors-020,Roofing Contractors,contracting,"YOUR ROOFING BUSINESS DOESN'T NEED MORE COMPLICATED SOFTWARE. IT NEEDS AN EASIER WAY TO WORK. 🏠

Maybe you already use notebooks, spreadsheets, Messenger and phone calls. You don't have to replace everything.

BuildFrame can look at how your roofing business already works and help make the difficult parts easier — inquiries, quotations, schedules, project records, customer follow-ups and online presence.

KEEP WHAT WORKS. IMPROVE WHAT TAKES TOO MUCH TIME.

#RoofingContractors #RoofingBusiness #BusinessSystem #RoofingCompany #BuildFrame

🌐 BuildFrame Business Software: https://buildframe-business-software.pages.dev/
🛠️ See Our Work — Portfolio: https://myportfolio.buildframe-digitalsystem.workers.dev/
📘 Facebook: https://www.facebook.com/buildframebusinessoperatingsystem/
💬 WhatsApp: https://wa.me/639760110243
📧 Email: buildframe.digitalsystem@gmail.com

BuildFrame — Built & Tailored for Your Business.",construction/roofing-contractors.png
electrical-contractors-020,Electrical Contractors,contracting,"YOUR ELECTRICAL BUSINESS DOESN'T NEED TO BECOME “TECHY.” ⚡

If notebooks, spreadsheets, Messenger and phone calls already work for parts of your business, keep them where they make sense.

BuildFrame can help make the difficult parts easier — customer inquiries, quotations, schedules, job records, follow-ups, website and online presence — using a system built around how you already work.

TECHNOLOGY SHOULD MAKE THE JOB EASIER, NOT HARDER.

#ElectricalContractors #ElectricalBusiness #BusinessSystem #Electricians #BuildFrame

🌐 BuildFrame Business Software: https://buildframe-business-software.pages.dev/
🛠️ See Our Work — Portfolio: https://myportfolio.buildframe-digitalsystem.workers.dev/
📘 Facebook: https://www.facebook.com/buildframebusinessoperatingsystem/
💬 WhatsApp: https://wa.me/639760110243
📧 Email: buildframe.digitalsystem@gmail.com

BuildFrame — Built & Tailored for Your Business.",construction/electrical-contractors.png
plumbing-contractors-020,Plumbing Contractors,contracting,"YOUR PLUMBING BUSINESS DOESN'T NEED COMPLICATED TECHNOLOGY. 🔧

If notebooks, spreadsheets, Messenger and phone calls work for you, we don't need to throw them away.

BuildFrame can help make the difficult parts easier — inquiries, quotations, schedules, job records, customer follow-ups, website and online presence — with simple tools built around how your business already works.

KEEP WHAT WORKS. MAKE THE HARD PARTS EASIER.

#PlumbingContractors #PlumbingBusiness #BusinessSystem #Plumbers #BuildFrame

🌐 BuildFrame Business Software: https://buildframe-business-software.pages.dev/
🛠️ See Our Work — Portfolio: https://myportfolio.buildframe-digitalsystem.workers.dev/
📘 Facebook: https://www.facebook.com/buildframebusinessoperatingsystem/
💬 WhatsApp: https://wa.me/639760110243
📧 Email: buildframe.digitalsystem@gmail.com

BuildFrame — Built & Tailored for Your Business.",construction/plumbing-contractors.png
hvac-contractors-020,HVAC Contractors,contracting,"YOUR HVAC BUSINESS DOESN'T NEED COMPLICATED TECHNOLOGY. ❄️🔥

If notebooks, spreadsheets, Messenger and phone calls already work for parts of your business, keep them.

BuildFrame can help make the difficult parts easier — inquiries, quotations, schedules, service records, customer follow-ups, website and online presence — with simple tools built around the way you already work.

KEEP WHAT WORKS. MAKE THE HARD PARTS EASIER.

#HVACContractors #HVACBusiness #BusinessSystem #HVACServices #BuildFrame

🌐 BuildFrame Business Software: https://buildframe-business-software.pages.dev/
🛠️ See Our Work — Portfolio: https://myportfolio.buildframe-digitalsystem.workers.dev/
📘 Facebook: https://www.facebook.com/buildframebusinessoperatingsystem/
💬 WhatsApp: https://wa.me/639760110243
📧 Email: buildframe.digitalsystem@gmail.com

BuildFrame — Built & Tailored for Your Business.",construction/hvac-contractors.png
renovation-remodeling-020,Renovation & Remodeling,contracting,"YOUR RENOVATION BUSINESS CHANGES OLD SPACES. MAYBE SOME OLD BUSINESS HABITS CAN BE MADE EASIER TOO. 🔨

You don't have to stop using notebooks, spreadsheets or Messenger if they still work for you.

BuildFrame can help make the difficult parts easier — inquiries, quotations, project records, schedules, customer follow-ups, website and online presence — using simple tools built around how your business already works.

KEEP WHAT WORKS. IMPROVE WHAT TAKES TOO MUCH TIME.

#RenovationContractors #RemodelingBusiness #BusinessSystem #HomeRenovation #BuildFrame

🌐 BuildFrame Business Software: https://buildframe-business-software.pages.dev/
🛠️ See Our Work — Portfolio: https://myportfolio.buildframe-digitalsystem.workers.dev/
📘 Facebook: https://www.facebook.com/buildframebusinessoperatingsystem/
💬 WhatsApp: https://wa.me/639760110243
📧 Email: buildframe.digitalsystem@gmail.com

BuildFrame — Built & Tailored for Your Business.",construction/renovation-remodeling.png
handyman-property-maintenance-020,Handyman & Property Maintenance,contracting,"YOUR HANDYMAN BUSINESS DOESN'T NEED A COMPLICATED SYSTEM. 🔧🏠

If notebooks, spreadsheets, Messenger and phone calls work for parts of your business, keep them.

BuildFrame can help make the difficult parts easier — repair requests, quotations, schedules, job records, customer follow-ups, website and online presence — with simple tools built around how you already work.

KEEP WHAT WORKS. MAKE THE BUSY PARTS EASIER.

#HandymanServices #PropertyMaintenance #BusinessSystem #MaintenanceBusiness #BuildFrame

🌐 BuildFrame Business Software: https://buildframe-business-software.pages.dev/
🛠️ See Our Work — Portfolio: https://myportfolio.buildframe-digitalsystem.workers.dev/
📘 Facebook: https://www.facebook.com/buildframebusinessoperatingsystem/
💬 WhatsApp: https://wa.me/639760110243
📧 Email: buildframe.digitalsystem@gmail.com

BuildFrame — Built & Tailored for Your Business.",construction/handyman-property-maintenance.png
tiling-flooring-contractors-020,Tiling & Flooring Contractors,contracting,"YOUR FLOORING BUSINESS DOESN'T NEED COMPLICATED TECHNOLOGY. 🧱

If notebooks, spreadsheets, Messenger and phone calls already work for parts of your business, keep them.

BuildFrame can help make the difficult parts easier — inquiries, quotations, project records, schedules, customer follow-ups, website and online presence — using simple tools built around how your business already works.

KEEP WHAT WORKS. MAKE THE HARD PARTS EASIER.

#TilingContractors #FlooringContractors #BusinessSystem #FlooringBusiness #BuildFrame

🌐 BuildFrame Business Software: https://buildframe-business-software.pages.dev/
🛠️ See Our Work — Portfolio: https://myportfolio.buildframe-digitalsystem.workers.dev/
📘 Facebook: https://www.facebook.com/buildframebusinessoperatingsystem/
💬 WhatsApp: https://wa.me/639760110243
📧 Email: buildframe.digitalsystem@gmail.com

BuildFrame — Built & Tailored for Your Business.",construction/tiling-flooring-contractors.png
landscaping-contractors-020,Landscaping Contractors,contracting,"YOUR LANDSCAPING BUSINESS DOESN'T NEED COMPLICATED TECHNOLOGY. 🌿

If notebooks, spreadsheets, Messenger and phone calls already work for parts of your business, keep them.

BuildFrame can help make the difficult parts easier — inquiries, quotations, project records, schedules, customer follow-ups, website and online presence — using simple tools built around how your business already works.

KEEP WHAT WORKS. MAKE THE HARD PARTS EASIER.

#LandscapingContractors #LandscapingBusiness #BusinessSystem #LandscapeServices #BuildFrame

🌐 BuildFrame Business Software: https://buildframe-business-software.pages.dev/
🛠️ See Our Work — Portfolio: https://myportfolio.buildframe-digitalsystem.workers.dev/
📘 Facebook: https://www.facebook.com/buildframebusinessoperatingsystem/
💬 WhatsApp: https://wa.me/639760110243
📧 Email: buildframe.digitalsystem@gmail.com

BuildFrame — Built & Tailored for Your Business.",construction/landscaping-contractors.png
metal-fabrication-020,Metal Fabrication,contracting,"YOUR FABRICATION BUSINESS DOESN'T NEED COMPLICATED TECHNOLOGY. ⚙️

If notebooks, spreadsheets, Messenger and phone calls already work for parts of your business, keep them.

BuildFrame can help make the difficult parts easier — inquiries, quotations, schedules, job records, customer follow-ups, website and online presence — using simple tools built around how you already work.

KEEP WHAT WORKS. MAKE THE HARD PARTS EASIER.

#MetalFabrication #FabricationBusiness #BusinessSystem #MetalContractors #BuildFrame

🌐 BuildFrame Business Software: https://buildframe-business-software.pages.dev/
🛠️ See Our Work — Portfolio: https://myportfolio.buildframe-digitalsystem.workers.dev/
📘 Facebook: https://www.facebook.com/buildframebusinessoperatingsystem/
💬 WhatsApp: https://wa.me/639760110243
📧 Email: buildframe.digitalsystem@gmail.com

BuildFrame — Built & Tailored for Your Business.",construction/metal-fabrication.png
glass-aluminum-contractors-020,Glass & Aluminum Contractors,contracting,"YOUR GLASS AND ALUMINUM BUSINESS DOESN'T NEED COMPLICATED TECHNOLOGY. 🪟

If notebooks, spreadsheets, Messenger and phone calls already work for parts of your business, keep them.

BuildFrame can help make the difficult parts easier — inquiries, quotations, measurements, schedules, project records, follow-ups, website and online presence — using simple tools built around how you already work.

KEEP WHAT WORKS. MAKE THE HARD PARTS EASIER.

#GlassAndAluminum #AluminumContractors #BusinessSystem #ContractorBusiness #BuildFrame

🌐 BuildFrame Business Software: https://buildframe-business-software.pages.dev/
🛠️ See Our Work — Portfolio: https://myportfolio.buildframe-digitalsystem.workers.dev/
📘 Facebook: https://www.facebook.com/buildframebusinessoperatingsystem/
💬 WhatsApp: https://wa.me/639760110243
📧 Email: buildframe.digitalsystem@gmail.com

BuildFrame — Built & Tailored for Your Business.",construction/glass-aluminum-contractors.png
woodworking-carpentry-020,Woodworking & Carpentry,contracting,"YOUR CARPENTRY BUSINESS DOESN'T NEED COMPLICATED TECHNOLOGY. 🪚

If notebooks, spreadsheets, Messenger and phone calls already work for parts of your business, keep them.

BuildFrame can help make the difficult parts easier — inquiries, quotations, measurements, schedules, project records, follow-ups, website and online presence — using simple tools built around how you already work.

KEEP WHAT WORKS. MAKE THE HARD PARTS EASIER.

#Woodworking #CarpentryBusiness #BusinessSystem #CustomCarpentry #BuildFrame

🌐 BuildFrame Business Software: https://buildframe-business-software.pages.dev/
🛠️ See Our Work — Portfolio: https://myportfolio.buildframe-digitalsystem.workers.dev/
📘 Facebook: https://www.facebook.com/buildframebusinessoperatingsystem/
💬 WhatsApp: https://wa.me/639760110243
📧 Email: buildframe.digitalsystem@gmail.com

BuildFrame — Built & Tailored for Your Business.",construction/woodworking-carpentry.png
solar-installation-contractors-020,Solar Installation Contractors,contracting,"YOUR SOLAR BUSINESS DOESN'T NEED COMPLICATED TECHNOLOGY BEHIND THE OFFICE. ☀️

If notebooks, spreadsheets, Messenger and phone calls already work for parts of your business, keep them.

BuildFrame can help make the difficult parts easier — inquiries, proposals, schedules, project records, customer follow-ups, website and online presence — using simple tools built around how you already work.

KEEP WHAT WORKS. MAKE THE HARD PARTS EASIER.

#SolarContractors #SolarBusiness #BusinessSystem #SolarInstallation #BuildFrame

🌐 BuildFrame Business Software: https://buildframe-business-software.pages.dev/
🛠️ See Our Work — Portfolio: https://myportfolio.buildframe-digitalsystem.workers.dev/
📘 Facebook: https://www.facebook.com/buildframebusinessoperatingsystem/
💬 WhatsApp: https://wa.me/639760110243
📧 Email: buildframe.digitalsystem@gmail.com

BuildFrame — Built & Tailored for Your Business.",construction/solar-installation-contractors.png
construction-suppliers-building-materials-020,Construction Suppliers & Building Materials,contracting,"YOUR SUPPLY BUSINESS DOESN'T NEED COMPLICATED TECHNOLOGY. 🧱

If notebooks, spreadsheets, Messenger and phone calls already work for parts of your business, keep them.

BuildFrame can help make the difficult parts easier — inquiries, quotations, customer records, orders, delivery information, follow-ups, website and online presence — using simple tools built around how you already work.

KEEP WHAT WORKS. MAKE THE HARD PARTS EASIER.

#ConstructionSuppliers #BuildingMaterials #BusinessSystem #ConstructionSupply #BuildFrame

🌐 BuildFrame Business Software: https://buildframe-business-software.pages.dev/
🛠️ See Our Work — Portfolio: https://myportfolio.buildframe-digitalsystem.workers.dev/
📘 Facebook: https://www.facebook.com/buildframebusinessoperatingsystem/
💬 WhatsApp: https://wa.me/639760110243
📧 Email: buildframe.digitalsystem@gmail.com

BuildFrame — Built & Tailored for Your Business.",construction/construction-suppliers-building-materials.png
aggregates-anapog-filling-materials-020,"Aggregates, Anapog & Filling Materials",contracting,"YOUR AGGREGATES AND FILLING MATERIALS BUSINESS DOESN'T NEED COMPLICATED TECHNOLOGY. 🪨

If notebooks, spreadsheets, Messenger and phone calls already work for parts of your business, keep them.

BuildFrame can help make the difficult parts easier — inquiries, quotations, orders, truck schedules, delivery records, follow-ups, website and online presence — using simple tools built around how you already work.

KEEP WHAT WORKS. MAKE THE HARD PARTS EASIER.

#Aggregates #Anapog #FillingMaterials #BusinessSystem #BuildFrame

🌐 BuildFrame Business Software: https://buildframe-business-software.pages.dev/
🛠️ See Our Work — Portfolio: https://myportfolio.buildframe-digitalsystem.workers.dev/
📘 Facebook: https://www.facebook.com/buildframebusinessoperatingsystem/
💬 WhatsApp: https://wa.me/639760110243
📧 Email: buildframe.digitalsystem@gmail.com

BuildFrame — Built & Tailored for Your Business.",construction/aggregates-anapog-filling-materials.png
property-management-020,Property Management,contracting,"YOUR PROPERTY MANAGEMENT BUSINESS DOESN'T NEED COMPLICATED TECHNOLOGY. 🏢

If spreadsheets, notebooks, Messenger, email and phone calls already work for parts of your business, keep them.

BuildFrame can help make the difficult parts easier — inquiries, property records, maintenance requests, schedules, client follow-ups, website and online presence — using simple tools built around how you already work.

KEEP WHAT WORKS. MAKE THE HARD PARTS EASIER.

#PropertyManagement #PropertyBusiness #BusinessSystem #RealEstateServices #BuildFrame

🌐 BuildFrame Business Software: https://buildframe-business-software.pages.dev/
🛠️ See Our Work — Portfolio: https://myportfolio.buildframe-digitalsystem.workers.dev/
📘 Facebook: https://www.facebook.com/buildframebusinessoperatingsystem/
💬 WhatsApp: https://wa.me/639760110243
📧 Email: buildframe.digitalsystem@gmail.com

BuildFrame — Built & Tailored for Your Business.",construction/property-management.png
engineering-services-020,Engineering Services,contracting,"YOUR ENGINEERING BUSINESS DOESN'T NEED COMPLICATED TECHNOLOGY. 📐

If spreadsheets, email, Messenger, notebooks and existing tools already work for parts of your business, keep them.

BuildFrame can help make the difficult parts easier — inquiries, proposals, project records, schedules, client follow-ups, website and online presence — using simple tools built around how your firm already works.

KEEP WHAT WORKS. MAKE THE HARD PARTS EASIER.

#EngineeringServices #EngineeringBusiness #BusinessSystem #ProfessionalServices #BuildFrame

🌐 BuildFrame Business Software: https://buildframe-business-software.pages.dev/
🛠️ See Our Work — Portfolio: https://myportfolio.buildframe-digitalsystem.workers.dev/
📘 Facebook: https://www.facebook.com/buildframebusinessoperatingsystem/
💬 WhatsApp: https://wa.me/639760110243
📧 Email: buildframe.digitalsystem@gmail.com

BuildFrame — Built & Tailored for Your Business.",construction/engineering-services.png
architectural-design-services-020,Architectural & Design Services,contracting,"YOUR DESIGN PRACTICE DOESN'T NEED COMPLICATED TECHNOLOGY. 📐

If spreadsheets, email, Messenger, notebooks and existing tools already work for parts of your business, keep them.

BuildFrame can help make the difficult parts easier — inquiries, proposals, project records, revisions, schedules, client follow-ups, website and online presence — using simple tools built around how you already work.

KEEP WHAT WORKS. MAKE THE HARD PARTS EASIER.

#ArchitecturalDesign #ArchitectureBusiness #BusinessSystem #DesignServices #BuildFrame

🌐 BuildFrame Business Software: https://buildframe-business-software.pages.dev/
🛠️ See Our Work — Portfolio: https://myportfolio.buildframe-digitalsystem.workers.dev/
📘 Facebook: https://www.facebook.com/buildframebusinessoperatingsystem/
💬 WhatsApp: https://wa.me/639760110243
📧 Email: buildframe.digitalsystem@gmail.com

BuildFrame — Built & Tailored for Your Business.",construction/architectural-design-services.png
specialty-subcontractors-trade-specialists-020,Specialty Subcontractors & Trade Specialists,contracting,"YOUR SPECIALTY TRADE BUSINESS DOESN'T NEED COMPLICATED TECHNOLOGY. 🛠️

If notebooks, spreadsheets, Messenger, email and phone calls already work for parts of your business, keep them.

BuildFrame can help make the difficult parts easier — inquiries, quotations, schedules, project records, customer follow-ups, website and online presence — using simple tools built around how you already work.

KEEP WHAT WORKS. MAKE THE HARD PARTS EASIER.

#SpecialtySubcontractors #TradeSpecialists #BusinessSystem #ConstructionBusiness #BuildFrame

🌐 BuildFrame Business Software: https://buildframe-business-software.pages.dev/
🛠️ See Our Work — Portfolio: https://myportfolio.buildframe-digitalsystem.workers.dev/
📘 Facebook: https://www.facebook.com/buildframebusinessoperatingsystem/
💬 WhatsApp: https://wa.me/639760110243
📧 Email: buildframe.digitalsystem@gmail.com

BuildFrame — Built & Tailored for Your Business.",construction/specialty-subcontractors-trade-specialists.png
emergency-repair-construction-services-020,Emergency Repair & Construction Services,contracting,"YOUR EMERGENCY REPAIR BUSINESS DOESN'T NEED COMPLICATED TECHNOLOGY. 🔧

If notebooks, spreadsheets, Messenger, phone calls and existing tools already work for parts of your business, keep them.

BuildFrame can help make the difficult parts easier — repair requests, schedules, job records, quotations, follow-ups, website and online presence — using simple tools built around how you already work.

KEEP WHAT WORKS. MAKE THE HARD PARTS EASIER.

#EmergencyRepair #RepairBusiness #BusinessSystem #ConstructionServices #BuildFrame

🌐 BuildFrame Business Software: https://buildframe-business-software.pages.dev/
🛠️ See Our Work — Portfolio: https://myportfolio.buildframe-digitalsystem.workers.dev/
📘 Facebook: https://www.facebook.com/buildframebusinessoperatingsystem/
💬 WhatsApp: https://wa.me/639760110243
📧 Email: buildframe.digitalsystem@gmail.com

BuildFrame — Built & Tailored for Your Business.",construction/emergency-repair-construction-services.png
